Time,ICE
19910101,50.3
19910102,59.6
19910103,68.9
19910104,51.5
19910105,47.8
19910106,42.3
19910107,49.1
19910108,80.1
19910109,87.4
19910110,81.1
19910111,91
19910112,90.2
19910113,92
19910114,95.2
19910115,94.5
19910116,92.2
19910117,93.9
19910118,93.5
19910119,94.5
19910120,79.6
19910121,84.9
19910122,65.1
19910123,53.5
19910124,34.2
19910125,14.9
19910126,0
19910127,0
19910128,0
19910129,26.3
19910130,68.2
19910131,91.9
19910201,89.6
19910202,90.7
19910203,94.4
19910204,95.7
19910205,92.9
19910206,94
19910207,100
19910208,99
19910209,98.6
19910210,99.7
19910211,97.8
19910212,95.9
19910213,95.2
19910214,97.3
19910215,99.8
19910216,100
19910217,98.2
19910218,94.7
19910219,100
19910220,99.4
19910221,99.6
19910222,97.2
19910223,97.4
19910224,100
19910225,98.2
19910226,87.6
19910227,77
19910228,66.5
19910301,74.7
19910302,96.1
19910303,87.4
19910304,70.8
19910305,67.4
19910306,50
19910307,52.5
19910308,62.9
19910309,73.3
19910310,83.7
19910311,94.1
19910312,76.4
19910313,74.8
19910314,57.5
19910315,90.1
19910316,90.2
19910317,91.5
19910318,94.4
19910319,96.5
19910320,100
19910321,99.9
19910322,100
19910323,100
19910324,99.6
19910325,99.4
19910326,78.8
19910327,58.2
19910328,39
19910329,59.8
19910330,96.2
19910331,87.8
19910401,62.4
19910402,42.8
19910403,38
19910404,34.3
19910405,42.8
19910406,65.1
19910407,51.9
19910408,50.5
19910409,54.8
19910410,75.3
19910411,81.9
19910412,79.4
19910413,56.4
19910414,54.8
19910415,53.2
19910416,53.2
19910417,43.7
19910418,34.5
19910419,20.8
19910420,6.1
19910421,0
19910422,0
19910423,0
19910424,0
19910425,0
19910426,0
19910427,0
19910428,0
19910429,0
19910430,0
19910501,0
19910502,0
19910503,0
19910504,0
19910505,0
19910506,0
19910507,0
19910508,0
19910509,0
19910510,0
19910511,0
19910512,0
19910513,0
19910514,0
19910515,0
19910516,0
19910517,0
19910518,0
19910519,0
19910520,0
19910521,0
19910522,0
19910523,0
19910524,0
19910525,0
19910526,0
19910527,0
19910528,0
19910529,0
19910530,0
19910531,0
19910601,0
19910602,0
19910603,0
19910604,0
19910605,0
19910606,0
19910607,0
19910608,0
19910609,0
19910610,0
19910611,0
19910612,0
19910613,0
19910614,0
19910615,0
19910616,0
19910617,0
19910618,0
19910619,0
19910620,0
19910621,0
19910622,0
19910623,0
19910624,0
19910625,0
19910626,0
19910627,0
19910628,0
19910629,0
19910630,0
19910701,0
19910702,0
19910703,0
19910704,0
19910705,0
19910706,0
19910707,0
19910708,0
19910709,0
19910710,0
19910711,0
19910712,0
19910713,0
19910714,0
19910715,0
19910716,0
19910717,0
19910718,0
19910719,0
19910720,0
19910721,0
19910722,0
19910723,0
19910724,0
19910725,0
19910726,0
19910727,0
19910728,0
19910729,0
19910730,0
19910731,0
19910801,0
19910802,0
19910803,0
19910804,0
19910805,0
19910806,0
19910807,0
19910808,0
19910809,0
19910810,0
19910811,0
19910812,0
19910813,0
19910814,0
19910815,0
19910816,0
19910817,0
19910818,0
19910819,0
19910820,0
19910821,0
19910822,0
19910823,0
19910824,0
19910825,0
19910826,0
19910827,0
19910828,0
19910829,0
19910830,0
19910831,0
19910901,0
19910902,0
19910903,0
19910904,0
19910905,0
19910906,0
19910907,0
19910908,0
19910909,0
19910910,0
19910911,0
19910912,0
19910913,0
19910914,0
19910915,0
19910916,0
19910917,0
19910918,0
19910919,0
19910920,0
19910921,0
19910922,0
19910923,0
19910924,0
19910925,0
19910926,0
19910927,0
19910928,0
19910929,0
19910930,0
19911001,0
19911002,0
19911003,0
19911004,0
19911005,0
19911006,0
19911007,0
19911008,0
19911009,0
19911010,0
19911011,0
19911012,0
19911013,0
19911014,0
19911015,0
19911016,0
19911017,0
19911018,0
19911019,0
19911020,0
19911021,0
19911022,0
19911023,0
19911024,0
19911025,0
19911026,0
19911027,0
19911028,0
19911029,0
19911030,0
19911031,0
19911101,0
19911102,0
19911103,0
19911104,0
19911105,0
19911106,0
19911107,0
19911108,0
19911109,0
19911110,0
19911111,0
19911112,0
19911113,0
19911114,0
19911115,0
19911116,0
19911117,0
19911118,0
19911119,0
19911120,0
19911121,0
19911122,0
19911123,15.4
19911124,32.2
19911125,47.3
19911126,41.2
19911127,5.8
19911128,0
19911129,0
19911130,0
19911201,0
19911202,0
19911203,0
19911204,0
19911205,7.1
19911206,6.7
19911207,4.8
19911208,6.9
19911209,5.8
19911210,0
19911211,0
19911212,5
19911213,6.8
19911214,0
19911215,0
19911216,0
19911217,7.2
19911218,6
19911219,17.6
19911220,29.6
19911221,40.4
19911222,40.9
19911223,46.3
19911224,55.4
19911225,82.5
19911226,86.7
19911227,55
19911228,74.7
19911229,78.8
19911230,84.7
19911231,88.2
19920101,90.2
19920102,92.7
19920103,90
19920104,94.4
19920105,74.1
19920106,50
19920107,46.4
19920108,70.6
19920109,74.2
19920110,93.9
19920111,90.5
19920112,78.6
19920113,71.4
19920114,64.2
19920115,44.8
19920116,50.1
19920117,48.7
19920118,41.7
19920119,39.3
19920120,56.4
19920121,59.2
19920122,69.6
19920123,81.2
19920124,89.4
19920125,79.8
19920126,78.2
19920127,86.2
19920128,89.9
19920129,95.6
19920130,96.4
19920131,98.1
19920201,98.5
19920202,97.2
19920203,95.7
19920204,93.5
19920205,92.6
19920206,96.7
19920207,98.2
19920208,99.6
19920209,93.8
19920210,93.5
19920211,97.4
19920212,98.8
19920213,96.8
19920214,97.4
19920215,98
19920216,98.6
19920217,100
19920218,100
19920219,100
19920220,100
19920221,100
19920222,100
19920223,100
19920224,99.5
19920225,98.8
19920226,96.4
19920227,99.2
19920228,100
19920229,100
19920301,95.9
19920302,98.8
19920303,97.6
19920304,96.2
19920305,100
19920306,100
19920307,96.4
19920308,95.4
19920309,95.2
19920310,96.9
19920311,99.8
19920312,100
19920313,100
19920314,96.9
19920315,89.6
19920316,82.4
19920317,80.6
19920318,76.3
19920319,69.8
19920320,61
19920321,81.1
19920322,87.9
19920323,81.6
19920324,73
19920325,64
19920326,80.4
19920327,86.2
19920328,92
19920329,82.8
19920330,85.4
19920331,77.3
19920401,72.1
19920402,73.2
19920403,62.6
19920404,73.5
19920405,70.3
19920406,66
19920407,64.8
19920408,52.8
19920409,37.2
19920410,20.9
19920411,16.1
19920412,34
19920413,81.7
19920414,71.8
19920415,48.9
19920416,29.7
19920417,6.1
19920418,0
19920419,0
19920420,0
19920421,0
19920422,0
19920423,0
19920424,0
19920425,0
19920426,0
19920427,0
19920428,0
19920429,0
19920430,0
19920501,0
19920502,0
19920503,0
19920504,0
19920505,0
19920506,0
19920507,0
19920508,0
19920509,0
19920510,0
19920511,0
19920512,0
19920513,0
19920514,0
19920515,0
19920516,0
19920517,0
19920518,0
19920519,0
19920520,0
19920521,0
19920522,0
19920523,0
19920524,0
19920525,0
19920526,0
19920527,0
19920528,0
19920529,0
19920530,0
19920531,0
19920601,0
19920602,0
19920603,0
19920604,0
19920605,0
19920606,0
19920607,0
19920608,0
19920609,0
19920610,0
19920611,0
19920612,0
19920613,0
19920614,0
19920615,0
19920616,0
19920617,0
19920618,0
19920619,0
19920620,0
19920621,0
19920622,0
19920623,0
19920624,0
19920625,0
19920626,0
19920627,0
19920628,0
19920629,0
19920630,0
19920701,0
19920702,0
19920703,0
19920704,0
19920705,0
19920706,0
19920707,0
19920708,0
19920709,0
19920710,0
19920711,0
19920712,0
19920713,0
19920714,0
19920715,0
19920716,0
19920717,0
19920718,0
19920719,0
19920720,0
19920721,0
19920722,0
19920723,0
19920724,0
19920725,0
19920726,0
19920727,0
19920728,0
19920729,0
19920730,0
19920731,0
19920801,0
19920802,0
19920803,0
19920804,0
19920805,0
19920806,0
19920807,0
19920808,0
19920809,0
19920810,0
19920811,0
19920812,0
19920813,0
19920814,0
19920815,0
19920816,0
19920817,0
19920818,0
19920819,0
19920820,0
19920821,0
19920822,0
19920823,0
19920824,0
19920825,0
19920826,0
19920827,0
19920828,0
19920829,0
19920830,0
19920831,0
19920901,0
19920902,0
19920903,0
19920904,0
19920905,0
19920906,0
19920907,0
19920908,0
19920909,0
19920910,0
19920911,0
19920912,0
19920913,0
19920914,0
19920915,0
19920916,0
19920917,0
19920918,0
19920919,0
19920920,0
19920921,0
19920922,0
19920923,0
19920924,0
19920925,0
19920926,0
19920927,0
19920928,0
19920929,0
19920930,0
19921001,0
19921002,0
19921003,0
19921004,0
19921005,0
19921006,0
19921007,0
19921008,0
19921009,0
19921010,0
19921011,0
19921012,0
19921013,0
19921014,0
19921015,0
19921016,0
19921017,0
19921018,0
19921019,0
19921020,0
19921021,0
19921022,0
19921023,0
19921024,0
19921025,0
19921026,0
19921027,0
19921028,0
19921029,0
19921030,0
19921031,0
19921101,0
19921102,0
19921103,0
19921104,0
19921105,0
19921106,0
19921107,0
19921108,0
19921109,0
19921110,0
19921111,0
19921112,0
19921113,0
19921114,0
19921115,0
19921116,3.6
19921117,12.3
19921118,11.8
19921119,13.1
19921120,11
19921121,0
19921122,0
19921123,0
19921124,11.2
19921125,17.7
19921126,21.6
19921127,43.3
19921128,0
19921129,0
19921130,0
19921201,0
19921202,0
19921203,0
19921204,0
19921205,0
19921206,0
19921207,0
19921208,0
19921209,3.9
19921210,12.4
19921211,16.8
19921212,24.6
19921213,45.4
19921214,58
19921215,69.2
19921216,67
19921217,26.1
19921218,21.2
19921219,8.1
19921220,21.7
19921221,48
19921222,47.2
19921223,53.6
19921224,14.5
19921225,10
19921226,9.1
19921227,11.2
19921228,5.6
19921229,0
19921230,9
19921231,6.2
19930101,20.6
19930102,11.6
19930103,16.4
19930104,11
19930105,3.1
19930106,0
19930107,0
19930108,0
19930109,0
19930110,0
19930111,0
19930112,0
19930113,0
19930114,0
19930115,0
19930116,0
19930117,17.6
19930118,52.6
19930119,70.2
19930120,81.8
19930121,87.9
19930122,93.5
19930123,97.3
19930124,95.4
19930125,96.3
19930126,96.3
19930127,95.6
19930128,93.2
19930129,95.2
19930130,95.4
19930131,100
19930201,99.2
19930202,97.4
19930203,97.2
19930204,98.2
19930205,95.6
19930206,95.8
19930207,96.2
19930208,95.8
19930209,99
19930210,99.8
19930211,90.9
19930212,85.5
19930213,63.9
19930214,63.6
19930215,65.2
19930216,66.6
19930217,59.5
19930218,53.9
19930219,45.6
19930220,35.5
19930221,39
19930222,35.1
19930223,8.7
19930224,0
19930225,0
19930226,0
19930227,0
19930228,0
19930301,17.3
19930302,52.9
19930303,53
19930304,54.4
19930305,66.5
19930306,63.5
19930307,74.2
19930308,82.5
19930309,84.4
19930310,82.8
19930311,84.4
19930312,98
19930313,89.1
19930314,90.2
19930315,93.4
19930316,61.9
19930317,30
19930318,13.6
19930319,0
19930320,0
19930321,0
19930322,0
19930323,32.7
19930324,69.5
19930325,48.5
19930326,13.9
19930327,7
19930328,0
19930329,0
19930330,0
19930331,0
19930401,0
19930402,0
19930403,0
19930404,0
19930405,0
19930406,0
19930407,0
19930408,0
19930409,0
19930410,0
19930411,0
19930412,0
19930413,0
19930414,0
19930415,0
19930416,0
19930417,0
19930418,0
19930419,0
19930420,0
19930421,0
19930422,0
19930423,0
19930424,0
19930425,0
19930426,0
19930427,0
19930428,0
19930429,0
19930430,0
19930501,0
19930502,0
19930503,0
19930504,0
19930505,0
19930506,0
19930507,0
19930508,0
19930509,0
19930510,0
19930511,0
19930512,0
19930513,0
19930514,0
19930515,0
19930516,0
19930517,0
19930518,0
19930519,0
19930520,0
19930521,0
19930522,0
19930523,0
19930524,0
19930525,0
19930526,0
19930527,0
19930528,0
19930529,0
19930530,0
19930531,0
19930601,0
19930602,0
19930603,0
19930604,0
19930605,0
19930606,0
19930607,0
19930608,0
19930609,0
19930610,0
19930611,0
19930612,0
19930613,0
19930614,0
19930615,0
19930616,0
19930617,0
19930618,0
19930619,0
19930620,0
19930621,0
19930622,0
19930623,0
19930624,0
19930625,0
19930626,0
19930627,0
19930628,0
19930629,0
19930630,0
19930701,0
19930702,0
19930703,0
19930704,0
19930705,0
19930706,0
19930707,0
19930708,0
19930709,0
19930710,0
19930711,0
19930712,0
19930713,0
19930714,0
19930715,0
19930716,0
19930717,0
19930718,0
19930719,0
19930720,0
19930721,0
19930722,0
19930723,0
19930724,0
19930725,0
19930726,0
19930727,0
19930728,0
19930729,0
19930730,0
19930731,0
19930801,0
19930802,0
19930803,0
19930804,0
19930805,0
19930806,0
19930807,0
19930808,0
19930809,0
19930810,0
19930811,0
19930812,0
19930813,0
19930814,0
19930815,0
19930816,0
19930817,0
19930818,0
19930819,0
19930820,0
19930821,0
19930822,0
19930823,0
19930824,0
19930825,0
19930826,0
19930827,0
19930828,0
19930829,0
19930830,0
19930831,0
19930901,0
19930902,0
19930903,0
19930904,0
19930905,0
19930906,0
19930907,0
19930908,0
19930909,0
19930910,0
19930911,0
19930912,0
19930913,0
19930914,0
19930915,0
19930916,0
19930917,0
19930918,0
19930919,0
19930920,0
19930921,0
19930922,0
19930923,0
19930924,0
19930925,0
19930926,0
19930927,0
19930928,0
19930929,0
19930930,0
19931001,0
19931002,0
19931003,0
19931004,0
19931005,0
19931006,0
19931007,0
19931008,0
19931009,0
19931010,0
19931011,0
19931012,0
19931013,0
19931014,0
19931015,0
19931016,0
19931017,0
19931018,0
19931019,0
19931020,0
19931021,0
19931022,0
19931023,0
19931024,0
19931025,0
19931026,0
19931027,0
19931028,0
19931029,0
19931030,0
19931031,0
19931101,0
19931102,0
19931103,0
19931104,0
19931105,0
19931106,0
19931107,0
19931108,0
19931109,0
19931110,0
19931111,0
19931112,0
19931113,0
19931114,0
19931115,0
19931116,0
19931117,0
19931118,0
19931119,0
19931120,0
19931121,0
19931122,0
19931123,0
19931124,0
19931125,0
19931126,0
19931127,0
19931128,0
19931129,0
19931130,0
19931201,0
19931202,0
19931203,0
19931204,0
19931205,0
19931206,0
19931207,0
19931208,0
19931209,2.7
19931210,13.3
19931211,4.9
19931212,5.8
19931213,5.5
19931214,7.6
19931215,6.2
19931216,15.9
19931217,15.3
19931218,7.8
19931219,7.3
19931220,5.1
19931221,4.9
19931222,0
19931223,7.5
19931224,5.8
19931225,8.4
19931226,0
19931227,0
19931228,0
19931229,0
19931230,0
19931231,0
19940101,5.2
19940102,16.2
19940103,21.1
19940104,24.2
19940105,17
19940106,22.2
19940107,37.3
19940108,40
19940109,55.2
19940110,57.5
19940111,74.8
19940112,76.6
19940113,77.1
19940114,69.2
19940115,65.5
19940116,81.1
19940117,88.4
19940118,94
19940119,96.4
19940120,93.3
19940121,72.1
19940122,71.3
19940123,60.6
19940124,49.4
19940125,50.4
19940126,67
19940127,66.4
19940128,63.3
19940129,53.6
19940130,35.2
19940131,0
19940201,0
19940202,0
19940203,0
19940204,0
19940205,0
19940206,0
19940207,0
19940208,0
19940209,0
19940210,0
19940211,0
19940212,15.2
19940213,39.1
19940214,55.3
19940215,65
19940216,77.8
19940217,76.7
19940218,79.5
19940219,90.3
19940220,84.3
19940221,72.8
19940222,72.4
19940223,83.1
19940224,83.8
19940225,84.7
19940226,91
19940227,97.6
19940228,88.4
19940301,87.7
19940302,91.4
19940303,92.1
19940304,89.3
19940305,96.1
19940306,98.6
19940307,91.6
19940308,81
19940309,76.2
19940310,71.2
19940311,68.3
19940312,69
19940313,86.8
19940314,93.4
19940315,93.7
19940316,95.5
19940317,92.1
19940318,93.1
19940319,90.8
19940320,88.3
19940321,86.9
19940322,81.8
19940323,78.8
19940324,94.9
19940325,94.2
19940326,93.3
19940327,94.6
19940328,84.6
19940329,88.2
19940330,99.9
19940331,90
19940401,77.2
19940402,58.2
19940403,64.6
19940404,59.6
19940405,54.7
19940406,47.8
19940407,39.3
19940408,24.7
19940409,25
19940410,37.2
19940411,46.8
19940412,37.8
19940413,43.1
19940414,46
19940415,52.9
19940416,80.5
19940417,55.7
19940418,49.9
19940419,45.3
19940420,35.6
19940421,31
19940422,30.3
19940423,35.3
19940424,46
19940425,45.2
19940426,22.3
19940427,7.5
19940428,0
19940429,0
19940430,0
19940501,0
19940502,0
19940503,0
19940504,0
19940505,0
19940506,0
19940507,0
19940508,0
19940509,0
19940510,0
19940511,0
19940512,0
19940513,0
19940514,0
19940515,0
19940516,0
19940517,0
19940518,0
19940519,0
19940520,0
19940521,0
19940522,0
19940523,0
19940524,0
19940525,0
19940526,0
19940527,0
19940528,0
19940529,0
19940530,0
19940531,0
19940601,0
19940602,0
19940603,0
19940604,0
19940605,0
19940606,0
19940607,0
19940608,0
19940609,0
19940610,0
19940611,0
19940612,0
19940613,0
19940614,0
19940615,0
19940616,0
19940617,0
19940618,0
19940619,0
19940620,0
19940621,0
19940622,0
19940623,0
19940624,0
19940625,0
19940626,0
19940627,0
19940628,0
19940629,0
19940630,0
19940701,0
19940702,0
19940703,0
19940704,0
19940705,0
19940706,0
19940707,0
19940708,0
19940709,0
19940710,0
19940711,0
19940712,0
19940713,0
19940714,0
19940715,0
19940716,0
19940717,0
19940718,0
19940719,0
19940720,0
19940721,0
19940722,0
19940723,0
19940724,0
19940725,0
19940726,0
19940727,0
19940728,0
19940729,0
19940730,0
19940731,0
19940801,0
19940802,0
19940803,0
19940804,0
19940805,0
19940806,0
19940807,0
19940808,0
19940809,0
19940810,0
19940811,0
19940812,0
19940813,0
19940814,0
19940815,0
19940816,0
19940817,0
19940818,0
19940819,0
19940820,0
19940821,0
19940822,0
19940823,0
19940824,0
19940825,0
19940826,0
19940827,0
19940828,0
19940829,0
19940830,0
19940831,0
19940901,0
19940902,0
19940903,0
19940904,0
19940905,0
19940906,0
19940907,0
19940908,0
19940909,0
19940910,0
19940911,0
19940912,0
19940913,0
19940914,0
19940915,0
19940916,0
19940917,0
19940918,0
19940919,0
19940920,0
19940921,0
19940922,0
19940923,0
19940924,0
19940925,0
19940926,0
19940927,0
19940928,0
19940929,0
19940930,0
19941001,0
19941002,0
19941003,0
19941004,0
19941005,0
19941006,0
19941007,0
19941008,0
19941009,0
19941010,0
19941011,0
19941012,0
19941013,0
19941014,0
19941015,0
19941016,0
19941017,0
19941018,0
19941019,0
19941020,0
19941021,0
19941022,0
19941023,0
19941024,0
19941025,0
19941026,0
19941027,0
19941028,0
19941029,0
19941030,0
19941031,0
19941101,0
19941102,0
19941103,0
19941104,0
19941105,0
19941106,0
19941107,0
19941108,0
19941109,0
19941110,0
19941111,0
19941112,0
19941113,0
19941114,0
19941115,0
19941116,0
19941117,0
19941118,0
19941119,0
19941120,0
19941121,4.8
19941122,7.2
19941123,12.4
19941124,15.8
19941125,17.7
19941126,0
19941127,0
19941128,5.6
19941129,31.8
19941130,32
19941201,38.9
19941202,16.4
19941203,31
19941204,45.9
19941205,60.4
19941206,58.8
19941207,73
19941208,74.6
19941209,72
19941210,26.3
19941211,9.6
19941212,5.8
19941213,0
19941214,35.2
19941215,53.8
19941216,60.5
19941217,76.5
19941218,80.5
19941219,87.2
19941220,88.5
19941221,93.2
19941222,92.6
19941223,98.1
19941224,89.3
19941225,80.4
19941226,87.8
19941227,88.9
19941228,53
19941229,45.2
19941230,64
19941231,51.2
19950101,36
19950102,61.3
19950103,52.8
19950104,35
19950105,41.5
19950106,37.8
19950107,38
19950108,33.7
19950109,39.8
19950110,63.2
19950111,92
19950112,85.4
19950113,88
19950114,88.6
19950115,88
19950116,79.2
19950117,55.2
19950118,40.2
19950119,53.8
19950120,83.2
19950121,93
19950122,91.8
19950123,93.9
19950124,95.3
19950125,98.4
19950126,97.9
19950127,95.4
19950128,92
19950129,93.8
19950130,98.6
19950131,97.1
19950201,98.3
19950202,96.2
19950203,83.7
19950204,87.5
19950205,75.4
19950206,62.7
19950207,86.6
19950208,95.8
19950209,77.7
19950210,75.1
19950211,60.6
19950212,30.7
19950213,31.6
19950214,42.1
19950215,85
19950216,98.4
19950217,98.3
19950218,92.4
19950219,94.5
19950220,96.5
19950221,94.9
19950222,87.3
19950223,90.3
19950224,90.2
19950225,88.5
19950226,80.2
19950227,69.5
19950228,52.1
19950301,49.2
19950302,48.3
19950303,40.3
19950304,34.9
19950305,37.4
19950306,42.8
19950307,68.2
19950308,56.8
19950309,35.3
19950310,56.7
19950311,83.4
19950312,92.8
19950313,96.6
19950314,97.2
19950315,98.8
19950316,95.2
19950317,92
19950318,91.8
19950319,99.2
19950320,95.1
19950321,97.2
19950322,97.6
19950323,95.2
19950324,87.2
19950325,89.2
19950326,94.9
19950327,97.7
19950328,88.4
19950329,75.6
19950330,70.2
19950331,75.2
19950401,63.8
19950402,57.6
19950403,54.2
19950404,48.2
19950405,42.3
19950406,30.7
19950407,19.2
19950408,0
19950409,0
19950410,0
19950411,0
19950412,17.7
19950413,12.3
19950414,0
19950415,0
19950416,0
19950417,0
19950418,0
19950419,0
19950420,0
19950421,0
19950422,0
19950423,0
19950424,0
19950425,0
19950426,0
19950427,0
19950428,0
19950429,0
19950430,0
19950501,0
19950502,0
19950503,0
19950504,0
19950505,0
19950506,0
19950507,0
19950508,0
19950509,0
19950510,0
19950511,0
19950512,0
19950513,0
19950514,0
19950515,0
19950516,0
19950517,0
19950518,0
19950519,0
19950520,0
19950521,0
19950522,0
19950523,0
19950524,0
19950525,0
19950526,0
19950527,0
19950528,0
19950529,0
19950530,0
19950531,0
19950601,0
19950602,0
19950603,0
19950604,0
19950605,0
19950606,0
19950607,0
19950608,0
19950609,0
19950610,0
19950611,0
19950612,0
19950613,0
19950614,0
19950615,0
19950616,0
19950617,0
19950618,0
19950619,0
19950620,0
19950621,0
19950622,0
19950623,0
19950624,0
19950625,0
19950626,0
19950627,0
19950628,0
19950629,0
19950630,0
19950701,0
19950702,0
19950703,0
19950704,0
19950705,0
19950706,0
19950707,0
19950708,0
19950709,0
19950710,0
19950711,0
19950712,0
19950713,0
19950714,0
19950715,0
19950716,0
19950717,0
19950718,0
19950719,0
19950720,0
19950721,0
19950722,0
19950723,0
19950724,0
19950725,0
19950726,0
19950727,0
19950728,0
19950729,0
19950730,0
19950731,0
19950801,0
19950802,0
19950803,0
19950804,0
19950805,0
19950806,0
19950807,0
19950808,0
19950809,0
19950810,0
19950811,0
19950812,0
19950813,0
19950814,0
19950815,0
19950816,0
19950817,0
19950818,0
19950819,0
19950820,0
19950821,0
19950822,0
19950823,0
19950824,0
19950825,0
19950826,0
19950827,0
19950828,0
19950829,0
19950830,0
19950831,0
19950901,0
19950902,0
19950903,0
19950904,0
19950905,0
19950906,0
19950907,0
19950908,0
19950909,0
19950910,0
19950911,0
19950912,0
19950913,0
19950914,0
19950915,0
19950916,0
19950917,0
19950918,0
19950919,0
19950920,0
19950921,0
19950922,0
19950923,0
19950924,0
19950925,0
19950926,0
19950927,0
19950928,0
19950929,0
19950930,0
19951001,0
19951002,0
19951003,0
19951004,0
19951005,0
19951006,0
19951007,0
19951008,0
19951009,0
19951010,0
19951011,0
19951012,0
19951013,0
19951014,0
19951015,0
19951016,0
19951017,0
19951018,0
19951019,0
19951020,0
19951021,0
19951022,0
19951023,0
19951024,0
19951025,0
19951026,0
19951027,0
19951028,0
19951029,0
19951030,0
19951031,0
19951101,0
19951102,0
19951103,0
19951104,0
19951105,0
19951106,0
19951107,0
19951108,0
19951109,0
19951110,0
19951111,0
19951112,0
19951113,0
19951114,0
19951115,0
19951116,0
19951117,0
19951118,0
19951119,0
19951120,0
19951121,0
19951122,0
19951123,0
19951124,12.6
19951125,17.6
19951126,0
19951127,43.8
19951128,41.2
19951129,41.3
19951130,38.8
19951201,42.2
19951202,41.9
19951203,43.3
19951204,33.9
19951205,43.1
19951206,39.2
19951207,35
19951208,41.6
19951209,50.1
19951210,54.5
19951211,64
19951212,74.1
19951213,66.4
19951214,72.9
19951215,59
19951216,26.2
19951217,0
19951218,0
19951219,0
19951220,0
19951221,25.4
19951222,26.9
19951223,41.1
19951224,41.8
19951225,38
19951226,45
19951227,16.6
19951228,6.2
19951229,0
19951230,0
19951231,0
19960101,0
19960102,0
19960103,0
19960104,0
19960105,0
19960106,4.3
19960107,29.2
19960108,56.7
19960109,85
19960110,88.4
19960111,95.2
19960112,96.6
19960113,93.2
19960114,88.8
19960115,80.4
19960116,75.3
19960117,87.6
19960118,87.8
19960119,84.4
19960120,85
19960121,75.7
19960122,84.5
19960123,97.8
19960124,93
19960125,84.2
19960126,74.6
19960127,60
19960128,41.4
19960129,22.2
19960130,21.8
19960131,21.3
19960201,23.5
19960202,26.6
19960203,49.1
19960204,67.4
19960205,85.3
19960206,89.9
19960207,89.6
19960208,91.5
19960209,92.7
19960210,91.4
19960211,93.7
19960212,86.4
19960213,85.1
19960214,94.4
19960215,84.8
19960216,89.8
19960217,95.1
19960218,92.8
19960219,96.8
19960220,97.3
19960221,98.4
19960222,95.9
19960223,96.8
19960224,95.4
19960225,99.2
19960226,99.7
19960227,98.4
19960228,94.1
19960229,79.3
19960301,46.1
19960302,32.1
19960303,17.9
19960304,27.7
19960305,40.5
19960306,33.8
19960307,21
19960308,17.3
19960309,18.8
19960310,32.2
19960311,61
19960312,59
19960313,32.8
19960314,29.8
19960315,19.1
19960316,17.9
19960317,24.5
19960318,41.9
19960319,55
19960320,35.3
19960321,32.3
19960322,13.2
19960323,11.4
19960324,0
19960325,0
19960326,0
19960327,0
19960328,0
19960329,0
19960330,0
19960331,0
19960401,10.6
19960402,23.9
19960403,27.6
19960404,26
19960405,67.2
19960406,67.2
19960407,59.4
19960408,51.4
19960409,43.6
19960410,23.6
19960411,14
19960412,7.4
19960413,5.2
19960414,0
19960415,0
19960416,0
19960417,0
19960418,0
19960419,0
19960420,0
19960421,0
19960422,0
19960423,0
19960424,0
19960425,0
19960426,0
19960427,0
19960428,0
19960429,0
19960430,0
19960501,0
19960502,0
19960503,0
19960504,0
19960505,0
19960506,0
19960507,0
19960508,0
19960509,0
19960510,0
19960511,0
19960512,0
19960513,0
19960514,0
19960515,0
19960516,0
19960517,0
19960518,0
19960519,0
19960520,0
19960521,0
19960522,0
19960523,0
19960524,0
19960525,0
19960526,0
19960527,0
19960528,0
19960529,0
19960530,0
19960531,0
19960601,0
19960602,0
19960603,0
19960604,0
19960605,0
19960606,0
19960607,0
19960608,0
19960609,0
19960610,0
19960611,0
19960612,0
19960613,0
19960614,0
19960615,0
19960616,0
19960617,0
19960618,0
19960619,0
19960620,0
19960621,0
19960622,0
19960623,0
19960624,0
19960625,0
19960626,0
19960627,0
19960628,0
19960629,0
19960630,0
19960701,0
19960702,0
19960703,0
19960704,0
19960705,0
19960706,0
19960707,0
19960708,0
19960709,0
19960710,0
19960711,0
19960712,0
19960713,0
19960714,0
19960715,0
19960716,0
19960717,0
19960718,0
19960719,0
19960720,0
19960721,0
19960722,0
19960723,0
19960724,0
19960725,0
19960726,0
19960727,0
19960728,0
19960729,0
19960730,0
19960731,0
19960801,0
19960802,0
19960803,0
19960804,0
19960805,0
19960806,0
19960807,0
19960808,0
19960809,0
19960810,0
19960811,0
19960812,0
19960813,0
19960814,0
19960815,0
19960816,0
19960817,0
19960818,0
19960819,0
19960820,0
19960821,0
19960822,0
19960823,0
19960824,0
19960825,0
19960826,0
19960827,0
19960828,0
19960829,0
19960830,0
19960831,0
19960901,0
19960902,0
19960903,0
19960904,0
19960905,0
19960906,0
19960907,0
19960908,0
19960909,0
19960910,0
19960911,0
19960912,0
19960913,0
19960914,0
19960915,0
19960916,0
19960917,0
19960918,0
19960919,0
19960920,0
19960921,0
19960922,0
19960923,0
19960924,0
19960925,0
19960926,0
19960927,0
19960928,0
19960929,0
19960930,0
19961001,0
19961002,0
19961003,0
19961004,0
19961005,0
19961006,0
19961007,0
19961008,0
19961009,0
19961010,0
19961011,0
19961012,0
19961013,0
19961014,0
19961015,0
19961016,0
19961017,0
19961018,0
19961019,0
19961020,0
19961021,0
19961022,0
19961023,0
19961024,0
19961025,0
19961026,0
19961027,0
19961028,0
19961029,0
19961030,0
19961031,0
19961101,0
19961102,0
19961103,0
19961104,0
19961105,0
19961106,0
19961107,0
19961108,0
19961109,0
19961110,0
19961111,0
19961112,0
19961113,0
19961114,0
19961115,0
19961116,0
19961117,0
19961118,0
19961119,0
19961120,0
19961121,0
19961122,0
19961123,0
19961124,0
19961125,0
19961126,0
19961127,0
19961128,0
19961129,0
19961130,3.6
19961201,5.1
19961202,6.6
19961203,0
19961204,8.3
19961205,18.9
19961206,27.5
19961207,18.2
19961208,4.8
19961209,11
19961210,33.8
19961211,48.6
19961212,49.6
19961213,68.4
19961214,70.7
19961215,55
19961216,53.4
19961217,66.8
19961218,70.4
19961219,78.8
19961220,90
19961221,79.4
19961222,87.2
19961223,92
19961224,81.8
19961225,82.7
19961226,85.5
19961227,96.8
19961228,97.7
19961229,98.7
19961230,99.6
19961231,96.3
19970101,96
19970102,98.6
19970103,98.4
19970104,97.7
19970105,98.3
19970106,94.9
19970107,97.4
19970108,96.1
19970109,94.6
19970110,98.3
19970111,95.1
19970112,79.4
19970113,61
19970114,45.2
19970115,45.9
19970116,48.6
19970117,68.8
19970118,81.8
19970119,86.6
19970120,87
19970121,77.4
19970122,82.9
19970123,81.7
19970124,86.4
19970125,95.8
19970126,92.2
19970127,93
19970128,94.8
19970129,92.9
19970130,93.4
19970131,98
19970201,99.4
19970202,98.3
19970203,97.2
19970204,93.3
19970205,92
19970206,97.9
19970207,100
19970208,72.2
19970209,72.4
19970210,49.1
19970211,45.6
19970212,44.8
19970213,41.5
19970214,58.2
19970215,60.8
19970216,62.8
19970217,94.7
19970218,97.7
19970219,94.6
19970220,93
19970221,89.6
19970222,96.3
19970223,96.7
19970224,89.2
19970225,89
19970226,89.4
19970227,88.4
19970228,97.9
19970301,100
19970302,100
19970303,98.4
19970304,89.9
19970305,82.9
19970306,74.5
19970307,72.5
19970308,75.4
19970309,89.4
19970310,94.6
19970311,96.6
19970312,97.6
19970313,96.1
19970314,99.4
19970315,98
19970316,80
19970317,83.5
19970318,87.3
19970319,88.4
19970320,89.9
19970321,94.3
19970322,93.7
19970323,86.5
19970324,87.1
19970325,88.1
19970326,84.9
19970327,83.2
19970328,86.8
19970329,87.6
19970330,86.5
19970331,84.3
19970401,79.1
19970402,84
19970403,60.2
19970404,59
19970405,59
19970406,53.8
19970407,46.8
19970408,42.6
19970409,18.3
19970410,0
19970411,0
19970412,0
19970413,0
19970414,0
19970415,0
19970416,0
19970417,0
19970418,0
19970419,0
19970420,0
19970421,0
19970422,0
19970423,0
19970424,0
19970425,0
19970426,0
19970427,0
19970428,0
19970429,0
19970430,0
19970501,0
19970502,0
19970503,0
19970504,0
19970505,0
19970506,0
19970507,0
19970508,0
19970509,0
19970510,0
19970511,0
19970512,0
19970513,0
19970514,0
19970515,0
19970516,0
19970517,0
19970518,0
19970519,0
19970520,0
19970521,0
19970522,0
19970523,0
19970524,0
19970525,0
19970526,0
19970527,0
19970528,0
19970529,0
19970530,0
19970531,0
19970601,0
19970602,0
19970603,0
19970604,0
19970605,0
19970606,0
19970607,0
19970608,0
19970609,0
19970610,0
19970611,0
19970612,0
19970613,0
19970614,0
19970615,0
19970616,0
19970617,0
19970618,0
19970619,0
19970620,0
19970621,0
19970622,0
19970623,0
19970624,0
19970625,0
19970626,0
19970627,0
19970628,0
19970629,0
19970630,0
19970701,0
19970702,0
19970703,0
19970704,0
19970705,0
19970706,0
19970707,0
19970708,0
19970709,0
19970710,0
19970711,0
19970712,0
19970713,0
19970714,0
19970715,0
19970716,0
19970717,0
19970718,0
19970719,0
19970720,0
19970721,0
19970722,0
19970723,0
19970724,0
19970725,0
19970726,0
19970727,0
19970728,0
19970729,0
19970730,0
19970731,0
19970801,0
19970802,0
19970803,0
19970804,0
19970805,0
19970806,0
19970807,0
19970808,0
19970809,0
19970810,0
19970811,0
19970812,0
19970813,0
19970814,0
19970815,0
19970816,0
19970817,0
19970818,0
19970819,0
19970820,0
19970821,0
19970822,0
19970823,0
19970824,0
19970825,0
19970826,0
19970827,0
19970828,0
19970829,0
19970830,0
19970831,0
19970901,0
19970902,0
19970903,0
19970904,0
19970905,0
19970906,0
19970907,0
19970908,0
19970909,0
19970910,0
19970911,0
19970912,0
19970913,0
19970914,0
19970915,0
19970916,0
19970917,0
19970918,0
19970919,0
19970920,0
19970921,0
19970922,0
19970923,0
19970924,0
19970925,0
19970926,0
19970927,0
19970928,0
19970929,0
19970930,0
19971001,0
19971002,0
19971003,0
19971004,0
19971005,0
19971006,0
19971007,0
19971008,0
19971009,0
19971010,0
19971011,0
19971012,0
19971013,0
19971014,0
19971015,0
19971016,0
19971017,0
19971018,0
19971019,0
19971020,0
19971021,0
19971022,0
19971023,0
19971024,0
19971025,0
19971026,0
19971027,0
19971028,0
19971029,0
19971030,0
19971031,0
19971101,0
19971102,0
19971103,0
19971104,0
19971105,0
19971106,0
19971107,0
19971108,0
19971109,0
19971110,0
19971111,0
19971112,0
19971113,0
19971114,0
19971115,0
19971116,0
19971117,0
19971118,0
19971119,0
19971120,0
19971121,0
19971122,0
19971123,0
19971124,0
19971125,0
19971126,15.8
19971127,16.1
19971128,10.2
19971129,0
19971130,0
19971201,11.8
19971202,22.8
19971203,25.1
19971204,5.9
19971205,0
19971206,0
19971207,0
19971208,0
19971209,0
19971210,3.7
19971211,22.4
19971212,21.2
19971213,31
19971214,44.6
19971215,57.4
19971216,68.8
19971217,66.2
19971218,75.5
19971219,83.5
19971220,89.1
19971221,91.1
19971222,88.9
19971223,97.5
19971224,96.3
19971225,95.2
19971226,99.2
19971227,94.8
19971228,95.2
19971229,94.6
19971230,98.1
19971231,93.2
19980101,97.7
19980102,100
19980103,100
19980104,100
19980105,100
19980106,99.4
19980107,100
19980108,98.6
19980109,96.5
19980110,100
19980111,89.5
19980112,80.6
19980113,90.1
19980114,89.3
19980115,94.9
19980116,93.2
19980117,99.2
19980118,96.7
19980119,98.8
19980120,96.4
19980121,97.2
19980122,94.2
19980123,87.9
19980124,97.7
19980125,100
19980126,100
19980127,100
19980128,100
19980129,96.4
19980130,99.9
19980131,100
19980201,100
19980202,99.1
19980203,99.2
19980204,91.9
19980205,95.6
19980206,95.9
19980207,79
19980208,73.9
19980209,78.9
19980210,88.6
19980211,87.2
19980212,100
19980213,99.8
19980214,96.6
19980215,100
19980216,100
19980217,100
19980218,97.2
19980219,92.8
19980220,98.3
19980221,99.8
19980222,98.9
19980223,97.9
19980224,89.5
19980225,78.7
19980226,90
19980227,100
19980228,100
19980301,100
19980302,98.9
19980303,97.9
19980304,84.9
19980305,55.9
19980306,31.5
19980307,39.2
19980308,33.4
19980309,32.4
19980310,6.7
19980311,3.4
19980312,0
19980313,0
19980314,0
19980315,0
19980316,0
19980317,0
19980318,0
19980319,0
19980320,0
19980321,0
19980322,0
19980323,0
19980324,0
19980325,0
19980326,0
19980327,0
19980328,0
19980329,0
19980330,0
19980331,0
19980401,0
19980402,0
19980403,0
19980404,0
19980405,0
19980406,0
19980407,0
19980408,0
19980409,0
19980410,0
19980411,0
19980412,0
19980413,0
19980414,0
19980415,0
19980416,0
19980417,0
19980418,0
19980419,0
19980420,0
19980421,0
19980422,0
19980423,0
19980424,0
19980425,0
19980426,0
19980427,0
19980428,0
19980429,0
19980430,0
19980501,0
19980502,0
19980503,0
19980504,0
19980505,0
19980506,0
19980507,0
19980508,0
19980509,0
19980510,0
19980511,0
19980512,0
19980513,0
19980514,0
19980515,0
19980516,0
19980517,0
19980518,0
19980519,0
19980520,0
19980521,0
19980522,0
19980523,0
19980524,0
19980525,0
19980526,0
19980527,0
19980528,0
19980529,0
19980530,0
19980531,0
19980601,0
19980602,0
19980603,0
19980604,0
19980605,0
19980606,0
19980607,0
19980608,0
19980609,0
19980610,0
19980611,0
19980612,0
19980613,0
19980614,0
19980615,0
19980616,0
19980617,0
19980618,0
19980619,0
19980620,0
19980621,0
19980622,0
19980623,0
19980624,0
19980625,0
19980626,0
19980627,0
19980628,0
19980629,0
19980630,0
19980701,0
19980702,0
19980703,0
19980704,0
19980705,0
19980706,0
19980707,0
19980708,0
19980709,0
19980710,0
19980711,0
19980712,0
19980713,0
19980714,0
19980715,0
19980716,0
19980717,0
19980718,0
19980719,0
19980720,0
19980721,0
19980722,0
19980723,0
19980724,0
19980725,0
19980726,0
19980727,0
19980728,0
19980729,0
19980730,0
19980731,0
19980801,0
19980802,0
19980803,0
19980804,0
19980805,0
19980806,0
19980807,0
19980808,0
19980809,0
19980810,0
19980811,0
19980812,0
19980813,0
19980814,0
19980815,0
19980816,0
19980817,0
19980818,0
19980819,0
19980820,0
19980821,0
19980822,0
19980823,0
19980824,0
19980825,0
19980826,0
19980827,0
19980828,0
19980829,0
19980830,0
19980831,0
19980901,0
19980902,0
19980903,0
19980904,0
19980905,0
19980906,0
19980907,0
19980908,0
19980909,0
19980910,0
19980911,0
19980912,0
19980913,0
19980914,0
19980915,0
19980916,0
19980917,0
19980918,0
19980919,0
19980920,0
19980921,0
19980922,0
19980923,0
19980924,0
19980925,0
19980926,0
19980927,0
19980928,0
19980929,0
19980930,0
19981001,0
19981002,0
19981003,0
19981004,0
19981005,0
19981006,0
19981007,0
19981008,0
19981009,0
19981010,0
19981011,0
19981012,0
19981013,0
19981014,0
19981015,0
19981016,0
19981017,0
19981018,0
19981019,0
19981020,0
19981021,0
19981022,0
19981023,0
19981024,0
19981025,0
19981026,0
19981027,0
19981028,0
19981029,0
19981030,0
19981031,0
19981101,0
19981102,0
19981103,0
19981104,0
19981105,0
19981106,0
19981107,0
19981108,0
19981109,0
19981110,0
19981111,0
19981112,0
19981113,0
19981114,0
19981115,0
19981116,0
19981117,0
19981118,0
19981119,0
19981120,0
19981121,0
19981122,0
19981123,0
19981124,0
19981125,0
19981126,0
19981127,0
19981128,0
19981129,0
19981130,0
19981201,0
19981202,0
19981203,0
19981204,0
19981205,0
19981206,0
19981207,8.5
19981208,20.2
19981209,35.1
19981210,22
19981211,30.3
19981212,55.6
19981213,51.5
19981214,47.5
19981215,59.4
19981216,58.1
19981217,40.9
19981218,0
19981219,0
19981220,0
19981221,0
19981222,0
19981223,0
19981224,0
19981225,4.8
19981226,17.5
19981227,33.6
19981228,48.6
19981229,59.8
19981230,59.1
19981231,71.7
19990101,74
19990102,90
19990103,90.2
19990104,92
19990105,93
19990106,94.4
19990107,95.9
19990108,90.4
19990109,90.8
19990110,90
19990111,79.3
19990112,58.9
19990113,57.2
19990114,69.1
19990115,91.4
19990116,94.8
19990117,98.2
19990118,91.8
19990119,99.4
19990120,97.8
19990121,95
19990122,77.5
19990123,23.2
19990124,5.5
19990125,30
19990126,64.9
19990127,89
19990128,92.4
19990129,86.4
19990130,94.7
19990131,91.1
19990201,91.2
19990202,93
19990203,95.4
19990204,96.8
19990205,93.8
19990206,94.7
19990207,91
19990208,95.1
19990209,96.4
19990210,95.7
19990211,98.8
19990212,99.6
19990213,97.3
19990214,82.3
19990215,88
19990216,94.2
19990217,95.1
19990218,95.5
19990219,98.1
19990220,92.5
19990221,82.8
19990222,83.9
19990223,94.1
19990224,87.9
19990225,88.2
19990226,99.2
19990227,99.1
19990228,98.7
19990301,98.2
19990302,99.5
19990303,99.6
19990304,99.9
19990305,99.8
19990306,99.8
19990307,99.3
19990308,100
19990309,99.4
19990310,99.4
19990311,97.6
19990312,96
19990313,92.5
19990314,90.5
19990315,93.4
19990316,99.2
19990317,98.7
19990318,94.4
19990319,95.1
19990320,91.4
19990321,88.6
19990322,75.2
19990323,77.6
19990324,64.6
19990325,66.9
19990326,70.5
19990327,70.7
19990328,64.3
19990329,74.2
19990330,90
19990331,86.8
19990401,87.4
19990402,93.6
19990403,93
19990404,92.2
19990405,87.6
19990406,81
19990407,78.7
19990408,71.6
19990409,70.4
19990410,71.9
19990411,71.2
19990412,79.5
19990413,89.8
19990414,88.3
19990415,99.6
19990416,89
19990417,79.5
19990418,80.4
19990419,81
19990420,73.7
19990421,69.3
19990422,59.6
19990423,52
19990424,45.8
19990425,38.3
19990426,33.9
19990427,34.2
19990428,31.6
19990429,12.6
19990430,6.5
19990501,3.9
19990502,5.4
19990503,5.5
19990504,5.2
19990505,9.9
19990506,11.7
19990507,17.5
19990508,18.5
19990509,0
19990510,0
19990511,0
19990512,0
19990513,0
19990514,0
19990515,0
19990516,0
19990517,0
19990518,0
19990519,0
19990520,0
19990521,0
19990522,0
19990523,0
19990524,0
19990525,0
19990526,0
19990527,0
19990528,0
19990529,0
19990530,0
19990531,0
19990601,0
19990602,0
19990603,0
19990604,0
19990605,0
19990606,0
19990607,0
19990608,0
19990609,0
19990610,0
19990611,0
19990612,0
19990613,0
19990614,0
19990615,0
19990616,0
19990617,0
19990618,0
19990619,0
19990620,0
19990621,0
19990622,0
19990623,0
19990624,0
19990625,0
19990626,0
19990627,0
19990628,0
19990629,0
19990630,0
19990701,0
19990702,0
19990703,0
19990704,0
19990705,0
19990706,0
19990707,0
19990708,0
19990709,0
19990710,0
19990711,0
19990712,0
19990713,0
19990714,0
19990715,0
19990716,0
19990717,0
19990718,0
19990719,0
19990720,0
19990721,0
19990722,0
19990723,0
19990724,0
19990725,0
19990726,0
19990727,0
19990728,0
19990729,0
19990730,0
19990731,0
19990801,0
19990802,0
19990803,0
19990804,0
19990805,0
19990806,0
19990807,0
19990808,0
19990809,0
19990810,0
19990811,0
19990812,0
19990813,0
19990814,0
19990815,0
19990816,0
19990817,0
19990818,0
19990819,0
19990820,0
19990821,0
19990822,0
19990823,0
19990824,0
19990825,0
19990826,0
19990827,0
19990828,0
19990829,0
19990830,0
19990831,0
19990901,0
19990902,0
19990903,0
19990904,0
19990905,0
19990906,0
19990907,0
19990908,0
19990909,0
19990910,0
19990911,0
19990912,0
19990913,0
19990914,0
19990915,0
19990916,0
19990917,0
19990918,0
19990919,0
19990920,0
19990921,0
19990922,0
19990923,0
19990924,0
19990925,0
19990926,0
19990927,0
19990928,0
19990929,0
19990930,0
19991001,0
19991002,0
19991003,0
19991004,0
19991005,0
19991006,0
19991007,0
19991008,0
19991009,0
19991010,0
19991011,0
19991012,0
19991013,0
19991014,0
19991015,0
19991016,0
19991017,0
19991018,0
19991019,0
19991020,0
19991021,0
19991022,0
19991023,0
19991024,0
19991025,0
19991026,0
19991027,0
19991028,0
19991029,0
19991030,0
19991031,0
19991101,0
19991102,0
19991103,0
19991104,0
19991105,0
19991106,0
19991107,0
19991108,0
19991109,0
19991110,0
19991111,0
19991112,0
19991113,0
19991114,4.6
19991115,9
19991116,12.4
19991117,12
19991118,0
19991119,0
19991120,0
19991121,0
19991122,0
19991123,0
19991124,0
19991125,0
19991126,0
19991127,16.6
19991128,15
19991129,0
19991130,0
19991201,11
19991202,13.4
19991203,17.9
19991204,22.2
19991205,43.1
19991206,64.8
19991207,77.5
19991208,66.4
19991209,53.5
19991210,47.9
19991211,66.6
19991212,82.3
19991213,91.8
19991214,87.1
19991215,87
19991216,92.4
19991217,94.8
19991218,96.1
19991219,99.8
19991220,97
19991221,99.4
19991222,99
19991223,97.6
19991224,97.2
19991225,99.7
19991226,93.9
19991227,93.8
19991228,95.5
19991229,97.4
19991230,97.2
19991231,95.6
20000101,94.5
20000102,95.4
20000103,95.6
20000104,92.7
20000105,92.4
20000106,91.9
20000107,92.6
20000108,94.8
20000109,92.4
20000110,91
20000111,92.1
20000112,93
20000113,98
20000114,99.5
20000115,100
20000116,99.2
20000117,98.6
20000118,99.9
20000119,100
20000120,100
20000121,98.1
20000122,98.3
20000123,96.8
20000124,94.7
20000125,98.8
20000126,99.4
20000127,94.9
20000128,98
20000129,100
20000130,98.3
20000131,96.6
20000201,98
20000202,95.5
20000203,97.6
20000204,99.2
20000205,96.6
20000206,95.9
20000207,95.5
20000208,95.4
20000209,93
20000210,84.6
20000211,93.5
20000212,98.2
20000213,97.9
20000214,88.7
20000215,90.8
20000216,87.5
20000217,94.2
20000218,85.8
20000219,86.2
20000220,84
20000221,82.1
20000222,80.8
20000223,86.6
20000224,84.5
20000225,86.8
20000226,81
20000227,60.7
20000228,51.2
20000229,37.5
20000301,47.6
20000302,37
20000303,42.6
20000304,40.6
20000305,40.2
20000306,19.2
20000307,6.5
20000308,0
20000309,0
20000310,0
20000311,0
20000312,0
20000313,0
20000314,0
20000315,0
20000316,0
20000317,0
20000318,0
20000319,0
20000320,0
20000321,0
20000322,0
20000323,0
20000324,0
20000325,13.5
20000326,39.1
20000327,53.8
20000328,68
20000329,71
20000330,77.5
20000331,86.7
20000401,96
20000402,93.3
20000403,92.1
20000404,79.7
20000405,82.5
20000406,74.2
20000407,75.1
20000408,75.8
20000409,65.4
20000410,55.9
20000411,41
20000412,17.2
20000413,8
20000414,0
20000415,0
20000416,0
20000417,0
20000418,0
20000419,0
20000420,0
20000421,0
20000422,0
20000423,0
20000424,0
20000425,0
20000426,0
20000427,0
20000428,0
20000429,0
20000430,0
20000501,0
20000502,0
20000503,0
20000504,0
20000505,0
20000506,0
20000507,0
20000508,0
20000509,0
20000510,0
20000511,0
20000512,0
20000513,0
20000514,0
20000515,0
20000516,0
20000517,0
20000518,0
20000519,0
20000520,0
20000521,0
20000522,0
20000523,0
20000524,0
20000525,0
20000526,0
20000527,0
20000528,0
20000529,0
20000530,0
20000531,0
20000601,0
20000602,0
20000603,0
20000604,0
20000605,0
20000606,0
20000607,0
20000608,0
20000609,0
20000610,0
20000611,0
20000612,0
20000613,0
20000614,0
20000615,0
20000616,0
20000617,0
20000618,0
20000619,0
20000620,0
20000621,0
20000622,0
20000623,0
20000624,0
20000625,0
20000626,0
20000627,0
20000628,0
20000629,0
20000630,0
20000701,0
20000702,0
20000703,0
20000704,0
20000705,0
20000706,0
20000707,0
20000708,0
20000709,0
20000710,0
20000711,0
20000712,0
20000713,0
20000714,0
20000715,0
20000716,0
20000717,0
20000718,0
20000719,0
20000720,0
20000721,0
20000722,0
20000723,0
20000724,0
20000725,0
20000726,0
20000727,0
20000728,0
20000729,0
20000730,0
20000731,0
20000801,0
20000802,0
20000803,0
20000804,0
20000805,0
20000806,0
20000807,0
20000808,0
20000809,0
20000810,0
20000811,0
20000812,0
20000813,0
20000814,0
20000815,0
20000816,0
20000817,0
20000818,0
20000819,0
20000820,0
20000821,0
20000822,0
20000823,0
20000824,0
20000825,0
20000826,0
20000827,0
20000828,0
20000829,0
20000830,0
20000831,0
20000901,0
20000902,0
20000903,0
20000904,0
20000905,0
20000906,0
20000907,0
20000908,0
20000909,0
20000910,0
20000911,0
20000912,0
20000913,0
20000914,0
20000915,0
20000916,0
20000917,0
20000918,0
20000919,0
20000920,0
20000921,0
20000922,0
20000923,0
20000924,0
20000925,0
20000926,0
20000927,0
20000928,0
20000929,0
20000930,0
20001001,0
20001002,0
20001003,0
20001004,0
20001005,0
20001006,0
20001007,0
20001008,0
20001009,0
20001010,0
20001011,0
20001012,0
20001013,0
20001014,0
20001015,0
20001016,0
20001017,0
20001018,0
20001019,0
20001020,0
20001021,0
20001022,0
20001023,0
20001024,0
20001025,0
20001026,0
20001027,0
20001028,0
20001029,0
20001030,0
20001031,0
20001101,0
20001102,0
20001103,0
20001104,0
20001105,0
20001106,0
20001107,0
20001108,0
20001109,0
20001110,0
20001111,0
20001112,0
20001113,0
20001114,0
20001115,0
20001116,0
20001117,0
20001118,0
20001119,0
20001120,0
20001121,0
20001122,0
20001123,0
20001124,0
20001125,0
20001126,0
20001127,0
20001128,0
20001129,0
20001130,0
20001201,0
20001202,0
20001203,0
20001204,0
20001205,0
20001206,0
20001207,0
20001208,0
20001209,0
20001210,0
20001211,0
20001212,0
20001213,0
20001214,0
20001215,0
20001216,0
20001217,0
20001218,0
20001219,0
20001220,0
20001221,0
20001222,0
20001223,0
20001224,0
20001225,0
20001226,0
20001227,0
20001228,0
20001229,0
20001230,0
20001231,0
20010101,0
20010102,0
20010103,0
20010104,0
20010105,0
20010106,0
20010107,10.8
20010108,10.7
20010109,6.6
20010110,5.7
20010111,4.6
20010112,0
20010113,0
20010114,0
20010115,0
20010116,0
20010117,0
20010118,0
20010119,0
20010120,0
20010121,0
20010122,0
20010123,0
20010124,0
20010125,0
20010126,0
20010127,0
20010128,0
20010129,0
20010130,0
20010131,0
20010201,0
20010202,0
20010203,0
20010204,0
20010205,0
20010206,0
20010207,0
20010208,0
20010209,0
20010210,0
20010211,0
20010212,0
20010213,0
20010214,0
20010215,0
20010216,0
20010217,0
20010218,0
20010219,0
20010220,0
20010221,0
20010222,0
20010223,0
20010224,0
20010225,0
20010226,0
20010227,0
20010228,0
20010301,0
20010302,0
20010303,0
20010304,0
20010305,0
20010306,0
20010307,0
20010308,0
20010309,0
20010310,0
20010311,0
20010312,0
20010313,0
20010314,0
20010315,0
20010316,3.5
20010317,16.3
20010318,21.4
20010319,32.2
20010320,32.5
20010321,28.6
20010322,41
20010323,46
20010324,66.5
20010325,77.8
20010326,81.8
20010327,82.9
20010328,69.2
20010329,69.7
20010330,81.7
20010331,86.7
20010401,87.9
20010402,57.9
20010403,11.9
20010404,5.3
20010405,9
20010406,7.7
20010407,0
20010408,0
20010409,0
20010410,0
20010411,27.4
20010412,43.4
20010413,34.2
20010414,29
20010415,20.3
20010416,13.7
20010417,4.4
20010418,0
20010419,0
20010420,0
20010421,0
20010422,0
20010423,0
20010424,4.8
20010425,5.6
20010426,0
20010427,0
20010428,0
20010429,0
20010430,0
20010501,0
20010502,0
20010503,0
20010504,0
20010505,0
20010506,0
20010507,0
20010508,0
20010509,0
20010510,0
20010511,0
20010512,0
20010513,0
20010514,0
20010515,0
20010516,0
20010517,0
20010518,0
20010519,0
20010520,0
20010521,0
20010522,0
20010523,0
20010524,0
20010525,0
20010526,0
20010527,0
20010528,0
20010529,0
20010530,0
20010531,0
20010601,0
20010602,0
20010603,0
20010604,0
20010605,0
20010606,0
20010607,0
20010608,0
20010609,0
20010610,0
20010611,0
20010612,0
20010613,0
20010614,0
20010615,0
20010616,0
20010617,0
20010618,0
20010619,0
20010620,0
20010621,0
20010622,0
20010623,0
20010624,0
20010625,0
20010626,0
20010627,0
20010628,0
20010629,0
20010630,0
20010701,0
20010702,0
20010703,0
20010704,0
20010705,0
20010706,0
20010707,0
20010708,0
20010709,0
20010710,0
20010711,0
20010712,0
20010713,0
20010714,0
20010715,0
20010716,0
20010717,0
20010718,0
20010719,0
20010720,0
20010721,0
20010722,0
20010723,0
20010724,0
20010725,0
20010726,0
20010727,0
20010728,0
20010729,0
20010730,0
20010731,0
20010801,0
20010802,0
20010803,0
20010804,0
20010805,0
20010806,0
20010807,0
20010808,0
20010809,0
20010810,0
20010811,0
20010812,0
20010813,0
20010814,0
20010815,0
20010816,0
20010817,0
20010818,0
20010819,0
20010820,0
20010821,0
20010822,0
20010823,0
20010824,0
20010825,0
20010826,0
20010827,0
20010828,0
20010829,0
20010830,0
20010831,0
20010901,0
20010902,0
20010903,0
20010904,0
20010905,0
20010906,0
20010907,0
20010908,0
20010909,0
20010910,0
20010911,0
20010912,0
20010913,0
20010914,0
20010915,0
20010916,0
20010917,0
20010918,0
20010919,0
20010920,0
20010921,0
20010922,0
20010923,0
20010924,0
20010925,0
20010926,0
20010927,0
20010928,0
20010929,0
20010930,0
20011001,0
20011002,0
20011003,0
20011004,0
20011005,0
20011006,0
20011007,0
20011008,0
20011009,0
20011010,0
20011011,0
20011012,0
20011013,0
20011014,0
20011015,0
20011016,0
20011017,0
20011018,0
20011019,0
20011020,0
20011021,0
20011022,0
20011023,0
20011024,0
20011025,0
20011026,0
20011027,0
20011028,0
20011029,0
20011030,0
20011031,0
20011101,0
20011102,0
20011103,3.4
20011104,6.5
20011105,4.4
20011106,7.4
20011107,0
20011108,0
20011109,0
20011110,0
20011111,4.9
20011112,18.1
20011113,27.4
20011114,31.1
20011115,36.1
20011116,42.6
20011117,13.9
20011118,10.1
20011119,0
20011120,0
20011121,0
20011122,0
20011123,0
20011124,0
20011125,0
20011126,0
20011127,0
20011128,0
20011129,0
20011130,0
20011201,0
20011202,0
20011203,0
20011204,9.6
20011205,25.6
20011206,46.2
20011207,63.4
20011208,69.9
20011209,63.4
20011210,74.8
20011211,67.9
20011212,66.6
20011213,77.4
20011214,76.3
20011215,86.2
20011216,89.3
20011217,92
20011218,92
20011219,93.2
20011220,98.9
20011221,100
20011222,96.7
20011223,96.5
20011224,87.7
20011225,91.7
20011226,97.5
20011227,99.8
20011228,97.5
20011229,95.6
20011230,87
20011231,87
20020101,83.8
20020102,79
20020103,90
20020104,82.9
20020105,77.2
20020106,86
20020107,90.6
20020108,93
20020109,86
20020110,93.6
20020111,97.2
20020112,98.3
20020113,89.6
20020114,71.7
20020115,37.1
20020116,23.8
20020117,5.3
20020118,5.4
20020119,26
20020120,54.2
20020121,67.3
20020122,79.2
20020123,85.8
20020124,93.4
20020125,99.3
20020126,95.7
20020127,99
20020128,96.5
20020129,95.5
20020130,96.2
20020131,96.9
20020201,99
20020202,97.4
20020203,85.6
20020204,77.5
20020205,73.8
20020206,93.1
20020207,98.2
20020208,100
20020209,100
20020210,100
20020211,98
20020212,96.5
20020213,98.5
20020214,97.4
20020215,98.6
20020216,100
20020217,99.9
20020218,97.4
20020219,97.4
20020220,100
20020221,98.3
20020222,88.6
20020223,88.5
20020224,86.8
20020225,83
20020226,80.5
20020227,86.2
20020228,84.9
20020301,88.2
20020302,94.3
20020303,97.6
20020304,95
20020305,96.8
20020306,98.5
20020307,94.2
20020308,96.9
20020309,78.6
20020310,86.9
20020311,88.1
20020312,84.9
20020313,85.3
20020314,76.5
20020315,59.4
20020316,57.2
20020317,23.5
20020318,12.7
20020319,5.2
20020320,0
20020321,0
20020322,0
20020323,0
20020324,0
20020325,0
20020326,0
20020327,0
20020328,0
20020329,0
20020330,0
20020331,0
20020401,0
20020402,6.3
20020403,5.5
20020404,5.5
20020405,0
20020406,0
20020407,0
20020408,0
20020409,0
20020410,0
20020411,0
20020412,0
20020413,0
20020414,0
20020415,0
20020416,0
20020417,0
20020418,0
20020419,0
20020420,0
20020421,0
20020422,0
20020423,0
20020424,0
20020425,0
20020426,0
20020427,0
20020428,0
20020429,0
20020430,0
20020501,0
20020502,0
20020503,0
20020504,0
20020505,0
20020506,0
20020507,0
20020508,0
20020509,0
20020510,0
20020511,0
20020512,0
20020513,0
20020514,0
20020515,0
20020516,0
20020517,0
20020518,0
20020519,0
20020520,0
20020521,0
20020522,0
20020523,0
20020524,0
20020525,0
20020526,0
20020527,0
20020528,0
20020529,0
20020530,0
20020531,0
20020601,0
20020602,0
20020603,0
20020604,0
20020605,0
20020606,0
20020607,0
20020608,0
20020609,0
20020610,0
20020611,0
20020612,0
20020613,0
20020614,0
20020615,0
20020616,0
20020617,0
20020618,0
20020619,0
20020620,0
20020621,0
20020622,0
20020623,0
20020624,0
20020625,0
20020626,0
20020627,0
20020628,0
20020629,0
20020630,0
20020701,0
20020702,0
20020703,0
20020704,0
20020705,0
20020706,0
20020707,0
20020708,0
20020709,0
20020710,0
20020711,0
20020712,0
20020713,0
20020714,0
20020715,0
20020716,0
20020717,0
20020718,0
20020719,0
20020720,0
20020721,0
20020722,0
20020723,0
20020724,0
20020725,0
20020726,0
20020727,0
20020728,0
20020729,0
20020730,0
20020731,0
20020801,0
20020802,0
20020803,0
20020804,0
20020805,0
20020806,0
20020807,0
20020808,0
20020809,0
20020810,0
20020811,0
20020812,0
20020813,0
20020814,0
20020815,0
20020816,0
20020817,0
20020818,0
20020819,0
20020820,0
20020821,0
20020822,0
20020823,0
20020824,0
20020825,0
20020826,0
20020827,0
20020828,0
20020829,0
20020830,0
20020831,0
20020901,0
20020902,0
20020903,0
20020904,0
20020905,0
20020906,0
20020907,0
20020908,0
20020909,0
20020910,0
20020911,0
20020912,0
20020913,0
20020914,0
20020915,0
20020916,0
20020917,0
20020918,0
20020919,0
20020920,0
20020921,0
20020922,0
20020923,0
20020924,0
20020925,0
20020926,0
20020927,0
20020928,0
20020929,0
20020930,0
20021001,0
20021002,0
20021003,0
20021004,0
20021005,0
20021006,0
20021007,0
20021008,0
20021009,0
20021010,0
20021011,0
20021012,0
20021013,0
20021014,0
20021015,0
20021016,0
20021017,0
20021018,0
20021019,0
20021020,0
20021021,0
20021022,0
20021023,0
20021024,0
20021025,0
20021026,0
20021027,0
20021028,0
20021029,0
20021030,0
20021031,0
20021101,0
20021102,0
20021103,0
20021104,0
20021105,0
20021106,0
20021107,0
20021108,0
20021109,0
20021110,0
20021111,0
20021112,0
20021113,0
20021114,0
20021115,0
20021116,0
20021117,0
20021118,0
20021119,0
20021120,0
20021121,0
20021122,0
20021123,0
20021124,0
20021125,0
20021126,0
20021127,0
20021128,0
20021129,0
20021130,0
20021201,0
20021202,0
20021203,0
20021204,0
20021205,0
20021206,0
20021207,0
20021208,0
20021209,0
20021210,0
20021211,0
20021212,0
20021213,0
20021214,0
20021215,0
20021216,0
20021217,0
20021218,0
20021219,0
20021220,0
20021221,0
20021222,0
20021223,0
20021224,0
20021225,0
20021226,0
20021227,0
20021228,0
20021229,0
20021230,0
20021231,9
20030101,8
20030102,8.6
20030103,16.5
20030104,34.8
20030105,35.1
20030106,49.5
20030107,55.4
20030108,43
20030109,12.8
20030110,8.4
20030111,0
20030112,0
20030113,0
20030114,0
20030115,0
20030116,0
20030117,0
20030118,0
20030119,0
20030120,0
20030121,0
20030122,0
20030123,0
20030124,5.7
20030125,6.9
20030126,14.1
20030127,13.5
20030128,9.4
20030129,7.6
20030130,13.8
20030131,16.3
20030201,5.5
20030202,6.8
20030203,12.7
20030204,23
20030205,13
20030206,8.2
20030207,0
20030208,0
20030209,0
20030210,0
20030211,0
20030212,0
20030213,4.4
20030214,15.7
20030215,12.7
20030216,13.5
20030217,24.3
20030218,25.4
20030219,21.2
20030220,7.7
20030221,6.6
20030222,0
20030223,0
20030224,0
20030225,0
20030226,0
20030227,0
20030228,0
20030301,0
20030302,0
20030303,0
20030304,0
20030305,0
20030306,0
20030307,0
20030308,0
20030309,0
20030310,0
20030311,0
20030312,0
20030313,17.4
20030314,44.4
20030315,55
20030316,65.6
20030317,62.6
20030318,68.3
20030319,71.4
20030320,77.8
20030321,76.3
20030322,76.8
20030323,86.7
20030324,82.5
20030325,75.4
20030326,74.3
20030327,89
20030328,92
20030329,54.2
20030330,49.8
20030331,47.3
20030401,38.2
20030402,15.2
20030403,20.2
20030404,6.4
20030405,0
20030406,0
20030407,11.1
20030408,14.3
20030409,17.4
20030410,11.9
20030411,6.1
20030412,0
20030413,0
20030414,0
20030415,0
20030416,0
20030417,0
20030418,0
20030419,0
20030420,0
20030421,0
20030422,0
20030423,0
20030424,0
20030425,0
20030426,0
20030427,0
20030428,0
20030429,0
20030430,0
20030501,0
20030502,0
20030503,0
20030504,0
20030505,0
20030506,0
20030507,0
20030508,0
20030509,0
20030510,0
20030511,0
20030512,0
20030513,0
20030514,0
20030515,0
20030516,0
20030517,0
20030518,0
20030519,0
20030520,0
20030521,0
20030522,0
20030523,0
20030524,0
20030525,0
20030526,0
20030527,0
20030528,0
20030529,0
20030530,0
20030531,0
20030601,0
20030602,0
20030603,0
20030604,0
20030605,0
20030606,0
20030607,0
20030608,0
20030609,0
20030610,0
20030611,0
20030612,0
20030613,0
20030614,0
20030615,0
20030616,0
20030617,0
20030618,0
20030619,0
20030620,0
20030621,0
20030622,0
20030623,0
20030624,0
20030625,0
20030626,0
20030627,0
20030628,0
20030629,0
20030630,0
20030701,0
20030702,0
20030703,0
20030704,0
20030705,0
20030706,0
20030707,0
20030708,0
20030709,0
20030710,0
20030711,0
20030712,0
20030713,0
20030714,0
20030715,0
20030716,0
20030717,0
20030718,0
20030719,0
20030720,0
20030721,0
20030722,0
20030723,0
20030724,0
20030725,0
20030726,0
20030727,0
20030728,0
20030729,0
20030730,0
20030731,0
20030801,0
20030802,0
20030803,0
20030804,0
20030805,0
20030806,0
20030807,0
20030808,0
20030809,0
20030810,0
20030811,0
20030812,0
20030813,0
20030814,0
20030815,0
20030816,0
20030817,0
20030818,0
20030819,0
20030820,0
20030821,0
20030822,0
20030823,0
20030824,0
20030825,0
20030826,0
20030827,0
20030828,0
20030829,0
20030830,0
20030831,0
20030901,0
20030902,0
20030903,0
20030904,0
20030905,0
20030906,0
20030907,0
20030908,0
20030909,0
20030910,0
20030911,0
20030912,0
20030913,0
20030914,0
20030915,0
20030916,0
20030917,0
20030918,0
20030919,0
20030920,0
20030921,0
20030922,0
20030923,0
20030924,0
20030925,0
20030926,0
20030927,0
20030928,0
20030929,0
20030930,0
20031001,0
20031002,0
20031003,0
20031004,0
20031005,0
20031006,0
20031007,0
20031008,0
20031009,0
20031010,0
20031011,0
20031012,0
20031013,0
20031014,0
20031015,0
20031016,0
20031017,0
20031018,0
20031019,0
20031020,0
20031021,0
20031022,0
20031023,0
20031024,0
20031025,0
20031026,0
20031027,0
20031028,0
20031029,0
20031030,0
20031031,0
20031101,0
20031102,0
20031103,0
20031104,0
20031105,0
20031106,0
20031107,0
20031108,0
20031109,0
20031110,0
20031111,0
20031112,0
20031113,0
20031114,0
20031115,0
20031116,0
20031117,0
20031118,0
20031119,0
20031120,0
20031121,0
20031122,0
20031123,0
20031124,0
20031125,0
20031126,0
20031127,0
20031128,0
20031129,0
20031130,0
20031201,0
20031202,0
20031203,8.4
20031204,15.8
20031205,8.1
20031206,15.7
20031207,14.2
20031208,6.4
20031209,0
20031210,0
20031211,0
20031212,0
20031213,0
20031214,0
20031215,0
20031216,14.8
20031217,28.4
20031218,30.2
20031219,0
20031220,6.1
20031221,20.1
20031222,27.4
20031223,35.2
20031224,34.8
20031225,39.6
20031226,43.9
20031227,23.6
20031228,13.2
20031229,15.1
20031230,11.2
20031231,14
20040101,10
20040102,25.2
20040103,25.1
20040104,23
20040105,29.6
20040106,43.5
20040107,54
20040108,72.5
20040109,82.3
20040110,89.7
20040111,95.6
20040112,88.2
20040113,94.5
20040114,100
20040115,100
20040116,100
20040117,100
20040118,99
20040119,98.4
20040120,94
20040121,95.4
20040122,99
20040123,98.5
20040124,73.1
20040125,55.1
20040126,60.5
20040127,65.2
20040128,58.4
20040129,71.7
20040130,80.2
20040131,81.1
20040201,88.6
20040202,95.2
20040203,93.8
20040204,91.6
20040205,92.8
20040206,93.3
20040207,95.1
20040208,91.1
20040209,81.2
20040210,59.4
20040211,73.6
20040212,69.3
20040213,55.8
20040214,47.4
20040215,41.2
20040216,27.6
20040217,37
20040218,44.3
20040219,53.6
20040220,43.4
20040221,50.9
20040222,71.3
20040223,62.2
20040224,73.2
20040225,70.8
20040226,47.9
20040227,56
20040228,33.9
20040229,0
20040301,0
20040302,0
20040303,0
20040304,0
20040305,0
20040306,0
20040307,14
20040308,63
20040309,63.9
20040310,74
20040311,53
20040312,39.5
20040313,36.6
20040314,23
20040315,6.4
20040316,12.8
20040317,18.5
20040318,41.9
20040319,69.1
20040320,82.2
20040321,95.4
20040322,91.4
20040323,91.1
20040324,80.9
20040325,69.6
20040326,69.8
20040327,83.6
20040328,85.4
20040329,88.5
20040330,87
20040331,88.8
20040401,86.4
20040402,83
20040403,85.5
20040404,87.9
20040405,78.4
20040406,72.4
20040407,62.2
20040408,51.5
20040409,47.6
20040410,35.5
20040411,18.9
20040412,0
20040413,0
20040414,0
20040415,0
20040416,0
20040417,0
20040418,0
20040419,0
20040420,0
20040421,0
20040422,0
20040423,0
20040424,0
20040425,0
20040426,0
20040427,0
20040428,0
20040429,0
20040430,0
20040501,0
20040502,0
20040503,0
20040504,0
20040505,0
20040506,0
20040507,0
20040508,0
20040509,0
20040510,0
20040511,0
20040512,0
20040513,0
20040514,0
20040515,0
20040516,0
20040517,0
20040518,0
20040519,0
20040520,0
20040521,0
20040522,0
20040523,0
20040524,0
20040525,0
20040526,0
20040527,0
20040528,0
20040529,0
20040530,0
20040531,0
20040601,0
20040602,0
20040603,0
20040604,0
20040605,0
20040606,0
20040607,0
20040608,0
20040609,0
20040610,0
20040611,0
20040612,0
20040613,0
20040614,0
20040615,0
20040616,0
20040617,0
20040618,0
20040619,0
20040620,0
20040621,0
20040622,0
20040623,0
20040624,0
20040625,0
20040626,0
20040627,0
20040628,0
20040629,0
20040630,0
20040701,0
20040702,0
20040703,0
20040704,0
20040705,0
20040706,0
20040707,0
20040708,0
20040709,0
20040710,0
20040711,0
20040712,0
20040713,0
20040714,0
20040715,0
20040716,0
20040717,0
20040718,0
20040719,0
20040720,0
20040721,0
20040722,0
20040723,0
20040724,0
20040725,0
20040726,0
20040727,0
20040728,0
20040729,0
20040730,0
20040731,0
20040801,0
20040802,0
20040803,0
20040804,0
20040805,0
20040806,0
20040807,0
20040808,0
20040809,0
20040810,0
20040811,0
20040812,0
20040813,0
20040814,0
20040815,0
20040816,0
20040817,0
20040818,0
20040819,0
20040820,0
20040821,0
20040822,0
20040823,0
20040824,0
20040825,0
20040826,0
20040827,0
20040828,0
20040829,0
20040830,0
20040831,0
20040901,0
20040902,0
20040903,0
20040904,0
20040905,0
20040906,0
20040907,0
20040908,0
20040909,0
20040910,0
20040911,0
20040912,0
20040913,0
20040914,0
20040915,0
20040916,0
20040917,0
20040918,0
20040919,0
20040920,0
20040921,0
20040922,0
20040923,0
20040924,0
20040925,0
20040926,0
20040927,0
20040928,0
20040929,0
20040930,0
20041001,0
20041002,0
20041003,0
20041004,0
20041005,0
20041006,0
20041007,0
20041008,0
20041009,0
20041010,0
20041011,0
20041012,0
20041013,0
20041014,0
20041015,0
20041016,0
20041017,0
20041018,0
20041019,0
20041020,0
20041021,0
20041022,0
20041023,0
20041024,0
20041025,0
20041026,0
20041027,0
20041028,0
20041029,0
20041030,0
20041031,0
20041101,0
20041102,0
20041103,0
20041104,0
20041105,0
20041106,0
20041107,0
20041108,0
20041109,0
20041110,0
20041111,0
20041112,0
20041113,0
20041114,0
20041115,0
20041116,0
20041117,0
20041118,0
20041119,0
20041120,0
20041121,0
20041122,0
20041123,0
20041124,0
20041125,0
20041126,0
20041127,0
20041128,0
20041129,0
20041130,0
20041201,0
20041202,0
20041203,0
20041204,0
20041205,0
20041206,0
20041207,0
20041208,0
20041209,0
20041210,0
20041211,0
20041212,0
20041213,0
20041214,0
20041215,0
20041216,0
20041217,0
20041218,0
20041219,0
20041220,0
20041221,0
20041222,0
20041223,7.4
20041224,12.7
20041225,3.8
20041226,0
20041227,0
20041228,4.2
20041229,7.2
20041230,6.1
20041231,0
20050101,0
20050102,0
20050103,0
20050104,0
20050105,0
20050106,0
20050107,0
20050108,0
20050109,0
20050110,0
20050111,0
20050112,0
20050113,0
20050114,0
20050115,0
20050116,0
20050117,7
20050118,4.8
20050119,0
20050120,9.9
20050121,5.9
20050122,15.4
20050123,27.6
20050124,28.8
20050125,26.6
20050126,6.9
20050127,8.9
20050128,15.3
20050129,20.2
20050130,23.7
20050131,34.2
20050201,50.3
20050202,57
20050203,71.7
20050204,74.5
20050205,70.2
20050206,61
20050207,43.2
20050208,27.9
20050209,70
20050210,87.6
20050211,79.6
20050212,66.2
20050213,59.8
20050214,53.6
20050215,22.6
20050216,7
20050217,6.2
20050218,0
20050219,0
20050220,0
20050221,0
20050222,0
20050223,0
20050224,0
20050225,7.7
20050226,23.5
20050227,39
20050228,32.6
20050301,44.5
20050302,56.6
20050303,45
20050304,32.5
20050305,27.3
20050306,12.8
20050307,0
20050308,0
20050309,0
20050310,0
20050311,0
20050312,0
20050313,0
20050314,0
20050315,0
20050316,0
20050317,0
20050318,0
20050319,0
20050320,0
20050321,0
20050322,0
20050323,0
20050324,0
20050325,0
20050326,0
20050327,0
20050328,0
20050329,4.2
20050330,28.8
20050331,37.6
20050401,60.6
20050402,58.3
20050403,56.4
20050404,53.8
20050405,59.6
20050406,69.5
20050407,67.5
20050408,62.7
20050409,60.9
20050410,57.4
20050411,55.5
20050412,61
20050413,52.8
20050414,34.5
20050415,5.2
20050416,0
20050417,0
20050418,3.7
20050419,15.4
20050420,26.8
20050421,24.7
20050422,16.6
20050423,0
20050424,0
20050425,0
20050426,0
20050427,0
20050428,0
20050429,0
20050430,0
20050501,0
20050502,0
20050503,0
20050504,0
20050505,0
20050506,0
20050507,0
20050508,0
20050509,0
20050510,0
20050511,0
20050512,0
20050513,0
20050514,0
20050515,0
20050516,0
20050517,0
20050518,0
20050519,0
20050520,0
20050521,0
20050522,0
20050523,0
20050524,0
20050525,0
20050526,0
20050527,0
20050528,0
20050529,0
20050530,0
20050531,0
20050601,0
20050602,0
20050603,0
20050604,0
20050605,0
20050606,0
20050607,0
20050608,0
20050609,0
20050610,0
20050611,0
20050612,0
20050613,0
20050614,0
20050615,0
20050616,0
20050617,0
20050618,0
20050619,0
20050620,0
20050621,0
20050622,0
20050623,0
20050624,0
20050625,0
20050626,0
20050627,0
20050628,0
20050629,0
20050630,0
20050701,0
20050702,0
20050703,0
20050704,0
20050705,0
20050706,0
20050707,0
20050708,0
20050709,0
20050710,0
20050711,0
20050712,0
20050713,0
20050714,0
20050715,0
20050716,0
20050717,0
20050718,0
20050719,0
20050720,0
20050721,0
20050722,0
20050723,0
20050724,0
20050725,0
20050726,0
20050727,0
20050728,0
20050729,0
20050730,0
20050731,0
20050801,0
20050802,0
20050803,0
20050804,0
20050805,0
20050806,0
20050807,0
20050808,0
20050809,0
20050810,0
20050811,0
20050812,0
20050813,0
20050814,0
20050815,0
20050816,0
20050817,0
20050818,0
20050819,0
20050820,0
20050821,0
20050822,0
20050823,0
20050824,0
20050825,0
20050826,0
20050827,0
20050828,0
20050829,0
20050830,0
20050831,0
20050901,0
20050902,0
20050903,0
20050904,0
20050905,0
20050906,0
20050907,0
20050908,0
20050909,0
20050910,0
20050911,0
20050912,0
20050913,0
20050914,0
20050915,0
20050916,0
20050917,0
20050918,0
20050919,0
20050920,0
20050921,0
20050922,0
20050923,0
20050924,0
20050925,0
20050926,0
20050927,0
20050928,0
20050929,0
20050930,0
20051001,0
20051002,0
20051003,0
20051004,0
20051005,0
20051006,0
20051007,0
20051008,0
20051009,0
20051010,0
20051011,0
20051012,0
20051013,0
20051014,0
20051015,0
20051016,0
20051017,0
20051018,0
20051019,0
20051020,0
20051021,0
20051022,0
20051023,0
20051024,0
20051025,0
20051026,0
20051027,0
20051028,0
20051029,0
20051030,0
20051031,0
20051101,0
20051102,0
20051103,0
20051104,0
20051105,0
20051106,0
20051107,0
20051108,0
20051109,0
20051110,9.2
20051111,12.3
20051112,7.6
20051113,5.3
20051114,0
20051115,0
20051116,0
20051117,10.4
20051118,13.7
20051119,18.5
20051120,27.3
20051121,34
20051122,39.7
20051123,40.1
20051124,38.3
20051125,41
20051126,48.1
20051127,65.3
20051128,8.6
20051129,0
20051130,0
20051201,4.8
20051202,22.5
20051203,37.6
20051204,56.4
20051205,61.3
20051206,17.5
20051207,13.8
20051208,0
20051209,0
20051210,25.8
20051211,41.2
20051212,57.1
20051213,55.4
20051214,50.1
20051215,32.2
20051216,41.6
20051217,39.2
20051218,52.8
20051219,55.2
20051220,30.2
20051221,29.6
20051222,19
20051223,33
20051224,37.7
20051225,34.7
20051226,30.6
20051227,17.4
20051228,25.7
20051229,26
20051230,24.5
20051231,27.8
20060101,46.7
20060102,52.8
20060103,54.9
20060104,57.4
20060105,68.6
20060106,66.6
20060107,70.9
20060108,70.7
20060109,74.5
20060110,80.3
20060111,85.4
20060112,84
20060113,91.4
20060114,91.8
20060115,93.3
20060116,92.6
20060117,95.3
20060118,93.1
20060119,91.9
20060120,92.5
20060121,91.3
20060122,90.4
20060123,86.3
20060124,89.6
20060125,90.8
20060126,91.9
20060127,92.4
20060128,90.6
20060129,91
20060130,94
20060131,93.2
20060201,95
20060202,93
20060203,100
20060204,96.9
20060205,80.2
20060206,80.5
20060207,94.9
20060208,93.5
20060209,77.4
20060210,61.4
20060211,32.8
20060212,45.5
20060213,51.5
20060214,0
20060215,0
20060216,0
20060217,0
20060218,0
20060219,0
20060220,0
20060221,0
20060222,0
20060223,0
20060224,0
20060225,0
20060226,6.2
20060227,20.7
20060228,67.4
20060301,83.9
20060302,79.4
20060303,91.7
20060304,86.6
20060305,71.1
20060306,77.6
20060307,94.4
20060308,85
20060309,91.6
20060310,83.9
20060311,80.1
20060312,63.5
20060313,58.9
20060314,58.3
20060315,80.1
20060316,60.5
20060317,57.2
20060318,51
20060319,47.1
20060320,41.8
20060321,65.8
20060322,85.9
20060323,89.2
20060324,89.7
20060325,92.7
20060326,93.6
20060327,96.2
20060328,81.5
20060329,73.7
20060330,65.4
20060331,66.1
20060401,62.8
20060402,59.6
20060403,55.2
20060404,44.2
20060405,63
20060406,81.9
20060407,75.3
20060408,44
20060409,34.1
20060410,42.6
20060411,37.3
20060412,25.6
20060413,41.5
20060414,73.4
20060415,78.4
20060416,78.6
20060417,78.8
20060418,71.1
20060419,75.1
20060420,79.7
20060421,60.2
20060422,57.8
20060423,47.8
20060424,40
20060425,41.9
20060426,32
20060427,10.4
20060428,19.4
20060429,30.7
20060430,30.5
20060501,15.7
20060502,0
20060503,0
20060504,0
20060505,0
20060506,0
20060507,0
20060508,0
20060509,0
20060510,0
20060511,0
20060512,0
20060513,0
20060514,0
20060515,0
20060516,0
20060517,0
20060518,0
20060519,0
20060520,0
20060521,0
20060522,0
20060523,0
20060524,0
20060525,0
20060526,0
20060527,0
20060528,0
20060529,0
20060530,0
20060531,0
20060601,0
20060602,0
20060603,0
20060604,0
20060605,0
20060606,0
20060607,0
20060608,0
20060609,0
20060610,0
20060611,0
20060612,0
20060613,0
20060614,0
20060615,0
20060616,0
20060617,0
20060618,0
20060619,0
20060620,0
20060621,0
20060622,0
20060623,0
20060624,0
20060625,0
20060626,0
20060627,0
20060628,0
20060629,0
20060630,0
20060701,0
20060702,0
20060703,0
20060704,0
20060705,0
20060706,0
20060707,0
20060708,0
20060709,0
20060710,0
20060711,0
20060712,0
20060713,0
20060714,0
20060715,0
20060716,0
20060717,0
20060718,0
20060719,0
20060720,0
20060721,0
20060722,0
20060723,0
20060724,0
20060725,0
20060726,0
20060727,0
20060728,0
20060729,0
20060730,0
20060731,0
20060801,0
20060802,0
20060803,0
20060804,0
20060805,0
20060806,0
20060807,0
20060808,0
20060809,0
20060810,0
20060811,0
20060812,0
20060813,0
20060814,0
20060815,0
20060816,0
20060817,0
20060818,0
20060819,0
20060820,0
20060821,0
20060822,0
20060823,0
20060824,0
20060825,0
20060826,0
20060827,0
20060828,0
20060829,0
20060830,0
20060831,0
20060901,0
20060902,0
20060903,0
20060904,0
20060905,0
20060906,0
20060907,0
20060908,0
20060909,0
20060910,0
20060911,0
20060912,0
20060913,0
20060914,0
20060915,0
20060916,0
20060917,0
20060918,0
20060919,0
20060920,0
20060921,0
20060922,0
20060923,0
20060924,0
20060925,0
20060926,0
20060927,0
20060928,0
20060929,0
20060930,0
20061001,0
20061002,0
20061003,0
20061004,0
20061005,0
20061006,0
20061007,0
20061008,0
20061009,0
20061010,0
20061011,0
20061012,0
20061013,0
20061014,0
20061015,0
20061016,0
20061017,0
20061018,0
20061019,0
20061020,0
20061021,0
20061022,0
20061023,0
20061024,0
20061025,0
20061026,0
20061027,0
20061028,0
20061029,0
20061030,0
20061031,0
20061101,0
20061102,0
20061103,0
20061104,0
20061105,0
20061106,0
20061107,0
20061108,0
20061109,0
20061110,0
20061111,0
20061112,0
20061113,0
20061114,0
20061115,0
20061116,0
20061117,0
20061118,0
20061119,29
20061120,38.5
20061121,0
20061122,34.5
20061123,29.9
20061124,7.1
20061125,0
20061126,0
20061127,0
20061128,0
20061129,0
20061130,0
20061201,0
20061202,0
20061203,0
20061204,0
20061205,0
20061206,0
20061207,0
20061208,0
20061209,0
20061210,4.7
20061211,5
20061212,21.4
20061213,29.6
20061214,27.4
20061215,30.6
20061216,21.9
20061217,0
20061218,17.6
20061219,22.7
20061220,43.6
20061221,61.8
20061222,47
20061223,28.4
20061224,30.1
20061225,42.2
20061226,54.1
20061227,61.4
20061228,71.4
20061229,71.7
20061230,88.9
20061231,92.4
20070101,89.9
20070102,91.2
20070103,94
20070104,93.3
20070105,93
20070106,92.4
20070107,92.3
20070108,91.2
20070109,90.4
20070110,88.4
20070111,86.6
20070112,88.9
20070113,82
20070114,92.9
20070115,93.2
20070116,94.4
20070117,85.4
20070118,82.1
20070119,62.8
20070120,71.7
20070121,80.7
20070122,95.9
20070123,98
20070124,100
20070125,95.2
20070126,98
20070127,97.1
20070128,83.3
20070129,79.4
20070130,56.3
20070131,30
20070201,5.9
20070202,8.7
20070203,6.1
20070204,0
20070205,0
20070206,0
20070207,0
20070208,0
20070209,0
20070210,0
20070211,0
20070212,0
20070213,0
20070214,0
20070215,0
20070216,5
20070217,4.5
20070218,0
20070219,0
20070220,29.3
20070221,66.4
20070222,80.3
20070223,88.2
20070224,75.8
20070225,88.3
20070226,83.6
20070227,89.1
20070228,86
20070301,93.2
20070302,95.2
20070303,96.9
20070304,97.6
20070305,96.5
20070306,96.6
20070307,93.1
20070308,90.3
20070309,86.6
20070310,88.3
20070311,91.7
20070312,92.3
20070313,86.5
20070314,86.2
20070315,85.3
20070316,90.1
20070317,94
20070318,95.1
20070319,97.1
20070320,85.1
20070321,87.9
20070322,86.5
20070323,90.9
20070324,89.7
20070325,86.3
20070326,99
20070327,95
20070328,94.9
20070329,96.9
20070330,95.8
20070331,75.7
20070401,71.9
20070402,69.6
20070403,64.9
20070404,57.4
20070405,52.3
20070406,44.9
20070407,38.6
20070408,31.9
20070409,31.8
20070410,27.1
20070411,16.5
20070412,9.9
20070413,0
20070414,0
20070415,0
20070416,0
20070417,0
20070418,0
20070419,0
20070420,0
20070421,0
20070422,0
20070423,0
20070424,0
20070425,0
20070426,0
20070427,0
20070428,0
20070429,0
20070430,0
20070501,0
20070502,0
20070503,0
20070504,0
20070505,0
20070506,0
20070507,0
20070508,0
20070509,0
20070510,0
20070511,0
20070512,0
20070513,0
20070514,0
20070515,0
20070516,0
20070517,0
20070518,0
20070519,0
20070520,0
20070521,0
20070522,0
20070523,0
20070524,0
20070525,0
20070526,0
20070527,0
20070528,0
20070529,0
20070530,0
20070531,0
20070601,0
20070602,0
20070603,0
20070604,0
20070605,0
20070606,0
20070607,0
20070608,0
20070609,0
20070610,0
20070611,0
20070612,0
20070613,0
20070614,0
20070615,0
20070616,0
20070617,0
20070618,0
20070619,0
20070620,0
20070621,0
20070622,0
20070623,0
20070624,0
20070625,0
20070626,0
20070627,0
20070628,0
20070629,0
20070630,0
20070701,0
20070702,0
20070703,0
20070704,0
20070705,0
20070706,0
20070707,0
20070708,0
20070709,0
20070710,0
20070711,0
20070712,0
20070713,0
20070714,0
20070715,0
20070716,0
20070717,0
20070718,0
20070719,0
20070720,0
20070721,0
20070722,0
20070723,0
20070724,0
20070725,0
20070726,0
20070727,0
20070728,0
20070729,0
20070730,0
20070731,0
20070801,0
20070802,0
20070803,0
20070804,0
20070805,0
20070806,0
20070807,0
20070808,0
20070809,0
20070810,0
20070811,0
20070812,0
20070813,0
20070814,0
20070815,0
20070816,0
20070817,0
20070818,0
20070819,0
20070820,0
20070821,0
20070822,0
20070823,0
20070824,0
20070825,0
20070826,0
20070827,0
20070828,0
20070829,0
20070830,0
20070831,0
20070901,0
20070902,0
20070903,0
20070904,0
20070905,0
20070906,0
20070907,0
20070908,0
20070909,0
20070910,0
20070911,0
20070912,0
20070913,0
20070914,0
20070915,0
20070916,0
20070917,0
20070918,0
20070919,0
20070920,0
20070921,0
20070922,0
20070923,0
20070924,0
20070925,0
20070926,0
20070927,0
20070928,0
20070929,0
20070930,0
20071001,0
20071002,0
20071003,0
20071004,0
20071005,0
20071006,0
20071007,0
20071008,0
20071009,0
20071010,0
20071011,0
20071012,0
20071013,0
20071014,0
20071015,0
20071016,0
20071017,0
20071018,0
20071019,0
20071020,0
20071021,0
20071022,0
20071023,0
20071024,0
20071025,0
20071026,0
20071027,0
20071028,0
20071029,0
20071030,0
20071031,0
20071101,0
20071102,0
20071103,0
20071104,0
20071105,0
20071106,0
20071107,0
20071108,0
20071109,0
20071110,0
20071111,0
20071112,0
20071113,0
20071114,0
20071115,0
20071116,0
20071117,0
20071118,0
20071119,0
20071120,0
20071121,0
20071122,0
20071123,0
20071124,0
20071125,0
20071126,0
20071127,0
20071128,0
20071129,0
20071130,0
20071201,0
20071202,0
20071203,0
20071204,0
20071205,0
20071206,0
20071207,0
20071208,0
20071209,0
20071210,0
20071211,0
20071212,0
20071213,0
20071214,0
20071215,0
20071216,0
20071217,3.1
20071218,4
20071219,14.6
20071220,15.3
20071221,0
20071222,9.2
20071223,13
20071224,21
20071225,17
20071226,14.6
20071227,12.1
20071228,12.6
20071229,17.4
20071230,31.4
20071231,37
20080101,41.4
20080102,53
20080103,58.8
20080104,71.9
20080105,82.6
20080106,83.5
20080107,85.8
20080108,87.8
20080109,89.4
20080110,94
20080111,94.4
20080112,94.7
20080113,93.1
20080114,90.4
20080115,87.4
20080116,88.8
20080117,89.4
20080118,89.7
20080119,70.4
20080120,41.4
20080121,45.8
20080122,33.7
20080123,51.7
20080124,74.8
20080125,84.2
20080126,81.8
20080127,81
20080128,58.5
20080129,79.4
20080130,89.4
20080131,86.6
20080201,91.2
20080202,85
20080203,96.8
20080204,99.3
20080205,100
20080206,100
20080207,99.8
20080208,100
20080209,99.6
20080210,100
20080211,99.4
20080212,99.8
20080213,98.1
20080214,95.3
20080215,93.8
20080216,96.2
20080217,94.7
20080218,98
20080219,99.4
20080220,99
20080221,98.6
20080222,97.1
20080223,96.4
20080224,96.4
20080225,95.9
20080226,95.1
20080227,98.4
20080228,100
20080229,99.9
20080301,93.6
20080302,90.6
20080303,87.9
20080304,85.5
20080305,87
20080306,79.4
20080307,91.2
20080308,92.7
20080309,90.2
20080310,86.8
20080311,91.2
20080312,91.7
20080313,96.5
20080314,98
20080315,87.8
20080316,77.1
20080317,83.7
20080318,90.3
20080319,90.6
20080320,90.9
20080321,91.2
20080322,91.5
20080323,91.8
20080324,92
20080325,92.4
20080326,92.6
20080327,93.2
20080328,96.1
20080329,91.9
20080330,91.3
20080331,94.7
20080401,84.9
20080402,90.4
20080403,86.6
20080404,88.9
20080405,86.6
20080406,95.3
20080407,100
20080408,100
20080409,99.4
20080410,95.1
20080411,92.7
20080412,91
20080413,93.8
20080414,73.2
20080415,68.7
20080416,68.2
20080417,76.6
20080418,76.9
20080419,66.4
20080420,55.1
20080421,51.4
20080422,33.2
20080423,12.6
20080424,5.7
20080425,3.8
20080426,4.9
20080427,6.4
20080428,19.7
20080429,20.7
20080430,28.4
20080501,28
20080502,33.1
20080503,35.8
20080504,35.8
20080505,37.4
20080506,29.8
20080507,8.5
20080508,0
20080509,0
20080510,0
20080511,0
20080512,0
20080513,0
20080514,0
20080515,0
20080516,0
20080517,0
20080518,0
20080519,0
20080520,0
20080521,0
20080522,0
20080523,0
20080524,0
20080525,0
20080526,0
20080527,0
20080528,0
20080529,0
20080530,0
20080531,0
20080601,0
20080602,0
20080603,0
20080604,0
20080605,0
20080606,0
20080607,0
20080608,0
20080609,0
20080610,0
20080611,0
20080612,0
20080613,0
20080614,0
20080615,0
20080616,0
20080617,0
20080618,0
20080619,0
20080620,0
20080621,0
20080622,0
20080623,0
20080624,0
20080625,0
20080626,0
20080627,0
20080628,0
20080629,0
20080630,0
20080701,0
20080702,0
20080703,0
20080704,0
20080705,0
20080706,0
20080707,0
20080708,0
20080709,0
20080710,0
20080711,0
20080712,0
20080713,0
20080714,0
20080715,0
20080716,0
20080717,0
20080718,0
20080719,0
20080720,0
20080721,0
20080722,0
20080723,0
20080724,0
20080725,0
20080726,0
20080727,0
20080728,0
20080729,0
20080730,0
20080731,0
20080801,0
20080802,0
20080803,0
20080804,0
20080805,0
20080806,0
20080807,0
20080808,0
20080809,0
20080810,0
20080811,0
20080812,0
20080813,0
20080814,0
20080815,0
20080816,0
20080817,0
20080818,0
20080819,0
20080820,0
20080821,0
20080822,0
20080823,0
20080824,0
20080825,0
20080826,0
20080827,0
20080828,0
20080829,0
20080830,0
20080831,0
20080901,0
20080902,0
20080903,0
20080904,0
20080905,0
20080906,0
20080907,0
20080908,0
20080909,0
20080910,0
20080911,0
20080912,0
20080913,0
20080914,0
20080915,0
20080916,0
20080917,0
20080918,0
20080919,0
20080920,0
20080921,0
20080922,0
20080923,0
20080924,0
20080925,0
20080926,0
20080927,0
20080928,0
20080929,0
20080930,0
20081001,0
20081002,0
20081003,0
20081004,0
20081005,0
20081006,0
20081007,0
20081008,0
20081009,0
20081010,0
20081011,0
20081012,0
20081013,0
20081014,0
20081015,0
20081016,0
20081017,0
20081018,0
20081019,0
20081020,0
20081021,0
20081022,0
20081023,0
20081024,0
20081025,0
20081026,0
20081027,0
20081028,0
20081029,0
20081030,0
20081031,0
20081101,0
20081102,0
20081103,0
20081104,0
20081105,0
20081106,0
20081107,0
20081108,0
20081109,0
20081110,0
20081111,0
20081112,0
20081113,0
20081114,0
20081115,0
20081116,0
20081117,0
20081118,0
20081119,0
20081120,0
20081121,0
20081122,0
20081123,5.4
20081124,12.7
20081125,20
20081126,23.5
20081127,34
20081128,45.3
20081129,56.9
20081130,66.4
20081201,53.5
20081202,46.2
20081203,28.3
20081204,15.4
20081205,0
20081206,0
20081207,0
20081208,14.6
20081209,16.8
20081210,18.4
20081211,19.3
20081212,14.9
20081213,16.2
20081214,7.4
20081215,0
20081216,0
20081217,0
20081218,0
20081219,0
20081220,0
20081221,0
20081222,0
20081223,0
20081224,0
20081225,0
20081226,25.3
20081227,45.9
20081228,68
20081229,81.5
20081230,90.1
20081231,94.3
20090101,93.1
20090102,94.6
20090103,96.5
20090104,92.2
20090105,94.1
20090106,94.8
20090107,93.4
20090108,93.8
20090109,93.7
20090110,92.6
20090111,97.8
20090112,97.2
20090113,100
20090114,100
20090115,96
20090116,96.7
20090117,83.2
20090118,99.1
20090119,100
20090120,98.9
20090121,80.1
20090122,58.2
20090123,55
20090124,45.4
20090125,29.1
20090126,44.1
20090127,72.9
20090128,82.2
20090129,85.2
20090130,94.7
20090131,94.5
20090201,93.7
20090202,97.2
20090203,96.6
20090204,96.9
20090205,96.6
20090206,98.5
20090207,98.8
20090208,100
20090209,100
20090210,100
20090211,98
20090212,98
20090213,94.2
20090214,95.1
20090215,97.8
20090216,100
20090217,99.5
20090218,98.6
20090219,88.8
20090220,100
20090221,100
20090222,97.4
20090223,95.3
20090224,98.4
20090225,98.5
20090226,100
20090227,100
20090228,100
20090301,100
20090302,100
20090303,98.2
20090304,99.2
20090305,98.8
20090306,92.6
20090307,94.4
20090308,78
20090309,49.3
20090310,30.6
20090311,30.1
20090312,25.8
20090313,30.9
20090314,42.2
20090315,79.9
20090316,96.4
20090317,98
20090318,97.7
20090319,97.4
20090320,97
20090321,96.6
20090322,96.2
20090323,94.4
20090324,92.8
20090325,94
20090326,97.8
20090327,97.2
20090328,95
20090329,94.4
20090330,94.3
20090331,100
20090401,98
20090402,98.7
20090403,98.5
20090404,97.9
20090405,94
20090406,90.3
20090407,90.8
20090408,98.5
20090409,99.2
20090410,91.5
20090411,90.6
20090412,93.6
20090413,96.2
20090414,88.1
20090415,76.1
20090416,77.3
20090417,70
20090418,59.6
20090419,49.6
20090420,46.1
20090421,41
20090422,0
20090423,27.4
20090424,26.5
20090425,24.2
20090426,13.2
20090427,47.5
20090428,44.8
20090429,0
20090430,0
20090501,0
20090502,0
20090503,0
20090504,0
20090505,0
20090506,0
20090507,0
20090508,0
20090509,0
20090510,0
20090511,0
20090512,0
20090513,0
20090514,0
20090515,0
20090516,0
20090517,0
20090518,0
20090519,0
20090520,0
20090521,0
20090522,0
20090523,0
20090524,0
20090525,0
20090526,0
20090527,0
20090528,0
20090529,0
20090530,0
20090531,0
20090601,0
20090602,0
20090603,0
20090604,0
20090605,0
20090606,0
20090607,0
20090608,0
20090609,0
20090610,0
20090611,0
20090612,0
20090613,0
20090614,0
20090615,0
20090616,0
20090617,0
20090618,0
20090619,0
20090620,0
20090621,0
20090622,0
20090623,0
20090624,0
20090625,0
20090626,0
20090627,0
20090628,0
20090629,0
20090630,0
20090701,0
20090702,0
20090703,0
20090704,0
20090705,0
20090706,0
20090707,0
20090708,0
20090709,0
20090710,0
20090711,0
20090712,0
20090713,0
20090714,0
20090715,0
20090716,0
20090717,0
20090718,0
20090719,0
20090720,0
20090721,0
20090722,0
20090723,0
20090724,0
20090725,0
20090726,0
20090727,0
20090728,0
20090729,0
20090730,0
20090731,0
20090801,0
20090802,0
20090803,0
20090804,0
20090805,0
20090806,0
20090807,0
20090808,0
20090809,0
20090810,0
20090811,0
20090812,0
20090813,0
20090814,0
20090815,0
20090816,0
20090817,0
20090818,0
20090819,0
20090820,0
20090821,0
20090822,0
20090823,0
20090824,0
20090825,0
20090826,0
20090827,0
20090828,0
20090829,0
20090830,0
20090831,0
20090901,0
20090902,0
20090903,0
20090904,0
20090905,0
20090906,0
20090907,0
20090908,0
20090909,0
20090910,0
20090911,0
20090912,0
20090913,0
20090914,0
20090915,0
20090916,0
20090917,0
20090918,0
20090919,0
20090920,0
20090921,0
20090922,0
20090923,0
20090924,0
20090925,0
20090926,0
20090927,0
20090928,0
20090929,0
20090930,0
20091001,0
20091002,0
20091003,0
20091004,0
20091005,0
20091006,0
20091007,0
20091008,0
20091009,0
20091010,0
20091011,0
20091012,0
20091013,0
20091014,0
20091015,0
20091016,0
20091017,0
20091018,0
20091019,0
20091020,0
20091021,0
20091022,0
20091023,0
20091024,0
20091025,0
20091026,0
20091027,0
20091028,0
20091029,0
20091030,0
20091031,0
20091101,0
20091102,0
20091103,0
20091104,0
20091105,0
20091106,0
20091107,0
20091108,0
20091109,0
20091110,0
20091111,0
20091112,0
20091113,0
20091114,0
20091115,0
20091116,0
20091117,0
20091118,6.5
20091119,6.2
20091120,5.2
20091121,5.4
20091122,0
20091123,5.7
20091124,7.1
20091125,5.4
20091126,0
20091127,6.2
20091128,17.1
20091129,23.2
20091130,15.4
20091201,0
20091202,13.7
20091203,18.4
20091204,25.5
20091205,0
20091206,0
20091207,0
20091208,0
20091209,0
20091210,0
20091211,0
20091212,0
20091213,0
20091214,0
20091215,15.4
20091216,28.8
20091217,41.6
20091218,54.6
20091219,60.4
20091220,41.6
20091221,0
20091222,0
20091223,0
20091224,0
20091225,0
20091226,0
20091227,0
20091228,0
20091229,0
20091230,0
20091231,0
20100101,0
20100102,5
20100103,17.7
20100104,23.9
20100105,0
20100106,6.9
20100107,14
20100108,15.1
20100109,16.5
20100110,9.6
20100111,22.8
20100112,39.8
20100113,56
20100114,59.4
20100115,64.2
20100116,60
20100117,55.9
20100118,61.5
20100119,67.6
20100120,83.5
20100121,85
20100122,90.4
20100123,93.8
20100124,94.2
20100125,97.6
20100126,90.3
20100127,87.6
20100128,89
20100129,93.8
20100130,91.7
20100131,83.9
20100201,84.8
20100202,69.8
20100203,81.9
20100204,88.7
20100205,89.9
20100206,94.9
20100207,93.6
20100208,90.4
20100209,93.6
20100210,74.9
20100211,58.8
20100212,57.4
20100213,79.6
20100214,85.3
20100215,96.9
20100216,97.2
20100217,85.7
20100218,83.2
20100219,77.7
20100220,72.8
20100221,61.6
20100222,51.8
20100223,56.5
20100224,49.5
20100225,65.8
20100226,85.9
20100227,90.4
20100228,91.1
20100301,90.6
20100302,91.2
20100303,94
20100304,93
20100305,90.2
20100306,92.2
20100307,93.4
20100308,96.2
20100309,94.1
20100310,94.9
20100311,95.5
20100312,95.4
20100313,93.1
20100314,91.4
20100315,91
20100316,94
20100317,99.2
20100318,99.8
20100319,96.4
20100320,94.6
20100321,94.5
20100322,93.2
20100323,95.8
20100324,99.9
20100325,83.9
20100326,79.9
20100327,79.7
20100328,76.5
20100329,85.8
20100330,89
20100331,88.7
20100401,78
20100402,89.2
20100403,89.8
20100404,92.8
20100405,92.8
20100406,89.8
20100407,93.8
20100408,87.9
20100409,88.2
20100410,73.6
20100411,74.6
20100412,67.2
20100413,54.9
20100414,53.8
20100415,62.2
20100416,46.7
20100417,45.2
20100418,41.6
20100419,36.6
20100420,30.5
20100421,12.1
20100422,0
20100423,0
20100424,0
20100425,0
20100426,0
20100427,0
20100428,9.8
20100429,28
20100430,27.1
20100501,17.6
20100502,26.2
20100503,30.5
20100504,39.6
20100505,37.6
20100506,31.1
20100507,27.4
20100508,26.8
20100509,15.9
20100510,13.2
20100511,15.4
20100512,0
20100513,0
20100514,0
20100515,0
20100516,0
20100517,0
20100518,0
20100519,0
20100520,0
20100521,0
20100522,0
20100523,0
20100524,0
20100525,0
20100526,0
20100527,0
20100528,0
20100529,0
20100530,0
20100531,0
20100601,0
20100602,0
20100603,0
20100604,0
20100605,0
20100606,0
20100607,0
20100608,0
20100609,0
20100610,0
20100611,0
20100612,0
20100613,0
20100614,0
20100615,0
20100616,0
20100617,0
20100618,0
20100619,0
20100620,0
20100621,0
20100622,0
20100623,0
20100624,0
20100625,0
20100626,0
20100627,0
20100628,0
20100629,0
20100630,0
20100701,0
20100702,0
20100703,0
20100704,0
20100705,0
20100706,0
20100707,0
20100708,0
20100709,0
20100710,0
20100711,0
20100712,0
20100713,0
20100714,0
20100715,0
20100716,0
20100717,0
20100718,0
20100719,0
20100720,0
20100721,0
20100722,0
20100723,0
20100724,0
20100725,0
20100726,0
20100727,0
20100728,0
20100729,0
20100730,0
20100731,0
20100801,0
20100802,0
20100803,0
20100804,0
20100805,0
20100806,0
20100807,0
20100808,0
20100809,0
20100810,0
20100811,0
20100812,0
20100813,0
20100814,0
20100815,0
20100816,0
20100817,0
20100818,0
20100819,0
20100820,0
20100821,0
20100822,0
20100823,0
20100824,0
20100825,0
20100826,0
20100827,0
20100828,0
20100829,0
20100830,0
20100831,0
20100901,0
20100902,0
20100903,0
20100904,0
20100905,0
20100906,0
20100907,0
20100908,0
20100909,0
20100910,0
20100911,0
20100912,0
20100913,0
20100914,0
20100915,0
20100916,0
20100917,0
20100918,0
20100919,0
20100920,0
20100921,0
20100922,0
20100923,0
20100924,0
20100925,0
20100926,0
20100927,0
20100928,0
20100929,0
20100930,0
20101001,0
20101002,0
20101003,0
20101004,0
20101005,0
20101006,0
20101007,0
20101008,0
20101009,0
20101010,0
20101011,0
20101012,0
20101013,0
20101014,0
20101015,0
20101016,0
20101017,0
20101018,0
20101019,0
20101020,0
20101021,0
20101022,0
20101023,0
20101024,0
20101025,0
20101026,0
20101027,0
20101028,0
20101029,0
20101030,0
20101031,0
20101101,0
20101102,0
20101103,0
20101104,0
20101105,0
20101106,0
20101107,0
20101108,0
20101109,0
20101110,0
20101111,0
20101112,0
20101113,0
20101114,0
20101115,0
20101116,0
20101117,0
20101118,0
20101119,0
20101120,0
20101121,0
20101122,0
20101123,0
20101124,0
20101125,0
20101126,0
20101127,0
20101128,0
20101129,0
20101130,0
20101201,0
20101202,0
20101203,0
20101204,0
20101205,0
20101206,0
20101207,0
20101208,16
20101209,22.1
20101210,30.4
20101211,40.4
20101212,41.1
20101213,58.8
20101214,64.2
20101215,67.3
20101216,70.6
20101217,87.1
20101218,75
20101219,62
20101220,52.4
20101221,68.6
20101222,78.8
20101223,92.8
20101224,85.5
20101225,90.4
20101226,87.8
20101227,88.6
20101228,93.7
20101229,93.9
20101230,93.3
20101231,94.6
20110101,93.4
20110102,85.7
20110103,91.1
20110104,86.4
20110105,91.5
20110106,99.9
20110107,89.2
20110108,91
20110109,87.4
20110110,85.5
20110111,94.6
20110112,98.6
20110113,98.7
20110114,97.8
20110115,90.8
20110116,92.3
20110117,98.8
20110118,98.5
20110119,89.4
20110120,92.1
20110121,92.5
20110122,92.6
20110123,92.8
20110124,96.4
20110125,97.4
20110126,98.9
20110127,94.1
20110128,65.5
20110129,43.9
20110130,46
20110131,24.5
20110201,47.3
20110202,85.2
20110203,97.8
20110204,100
20110205,100
20110206,86.6
20110207,84.6
20110208,88.7
20110209,78.6
20110210,92.4
20110211,99.6
20110212,96.6
20110213,99
20110214,91.9
20110215,94.4
20110216,99.8
20110217,99.9
20110218,94
20110219,96.6
20110220,95.9
20110221,100
20110222,95
20110223,99.9
20110224,96.7
20110225,97.9
20110226,95.3
20110227,95.6
20110228,97.4
20110301,98.3
20110302,97.7
20110303,98
20110304,98.2
20110305,100
20110306,100
20110307,99.9
20110308,99.6
20110309,100
20110310,100
20110311,100
20110312,100
20110313,100
20110314,100
20110315,100
20110316,100
20110317,100
20110318,95.7
20110319,79.3
20110320,70.6
20110321,73.6
20110322,77.3
20110323,83.6
20110324,83.8
20110325,82.7
20110326,87
20110327,92.4
20110328,92.8
20110329,86.6
20110330,75.3
20110331,83.1
20110401,97.9
20110402,98.8
20110403,61.4
20110404,60.6
20110405,53.7
20110406,70.3
20110407,61.2
20110408,38
20110409,50.8
20110410,64.2
20110411,71.3
20110412,93.6
20110413,89
20110414,81.7
20110415,86.3
20110416,91.2
20110417,97.1
20110418,92.4
20110419,73.1
20110420,37.3
20110421,11.3
20110422,0
20110423,0
20110424,0
20110425,0
20110426,0
20110427,0
20110428,0
20110429,0
20110430,0
20110501,0
20110502,0
20110503,0
20110504,0
20110505,0
20110506,0
20110507,0
20110508,0
20110509,0
20110510,0
20110511,0
20110512,0
20110513,0
20110514,0
20110515,0
20110516,0
20110517,0
20110518,0
20110519,0
20110520,0
20110521,0
20110522,0
20110523,0
20110524,0
20110525,0
20110526,0
20110527,0
20110528,0
20110529,0
20110530,0
20110531,0
20110601,0
20110602,0
20110603,0
20110604,0
20110605,0
20110606,0
20110607,0
20110608,0
20110609,0
20110610,0
20110611,0
20110612,0
20110613,0
20110614,0
20110615,0
20110616,0
20110617,0
20110618,0
20110619,0
20110620,0
20110621,0
20110622,0
20110623,0
20110624,0
20110625,0
20110626,0
20110627,0
20110628,0
20110629,0
20110630,0
20110701,0
20110702,0
20110703,0
20110704,0
20110705,0
20110706,0
20110707,0
20110708,0
20110709,0
20110710,0
20110711,0
20110712,0
20110713,0
20110714,0
20110715,0
20110716,0
20110717,0
20110718,0
20110719,0
20110720,0
20110721,0
20110722,0
20110723,0
20110724,0
20110725,0
20110726,0
20110727,0
20110728,0
20110729,0
20110730,0
20110731,0
20110801,0
20110802,0
20110803,0
20110804,0
20110805,0
20110806,0
20110807,0
20110808,0
20110809,0
20110810,0
20110811,0
20110812,0
20110813,0
20110814,0
20110815,0
20110816,0
20110817,0
20110818,0
20110819,0
20110820,0
20110821,0
20110822,0
20110823,0
20110824,0
20110825,0
20110826,0
20110827,0
20110828,0
20110829,0
20110830,0
20110831,0
20110901,0
20110902,0
20110903,0
20110904,0
20110905,0
20110906,0
20110907,0
20110908,0
20110909,0
20110910,0
20110911,0
20110912,0
20110913,0
20110914,0
20110915,0
20110916,0
20110917,0
20110918,0
20110919,0
20110920,0
20110921,0
20110922,0
20110923,0
20110924,0
20110925,0
20110926,0
20110927,0
20110928,0
20110929,0
20110930,0
20111001,0
20111002,0
20111003,0
20111004,0
20111005,0
20111006,0
20111007,0
20111008,0
20111009,0
20111010,0
20111011,0
20111012,0
20111013,0
20111014,0
20111015,0
20111016,0
20111017,0
20111018,0
20111019,0
20111020,0
20111021,0
20111022,0
20111023,0
20111024,0
20111025,0
20111026,0
20111027,0
20111028,0
20111029,0
20111030,0
20111031,0
20111101,0
20111102,0
20111103,0
20111104,0
20111105,0
20111106,0
20111107,0
20111108,0
20111109,0
20111110,0
20111111,0
20111112,0
20111113,0
20111114,0
20111115,0
20111116,0
20111117,0
20111118,0
20111119,0
20111120,0
20111121,0
20111122,4
20111123,5
20111124,11.1
20111125,16.1
20111126,16.8
20111127,23.8
20111128,33.3
20111129,38.8
20111130,44.1
20111201,45.7
20111202,29.5
20111203,0
20111204,0
20111205,0
20111206,0
20111207,0
20111208,0
20111209,0
20111210,0
20111211,0
20111212,0
20111213,0
20111214,0
20111215,0
20111216,0
20111217,0
20111218,0
20111219,0
20111220,0
20111221,0
20111222,0
20111223,4.8
20111224,10
20111225,21.2
20111226,45.8
20111227,60.6
20111228,67.5
20111229,73.1
20111230,67.1
20111231,83.2
20120101,76.6
20120102,90.1
20120103,93.1
20120104,95.7
20120105,92.8
20120106,94.8
20120107,92.9
20120108,95.1
20120109,96.3
20120110,93.4
20120111,98.9
20120112,99.7
20120113,96.3
20120114,98.8
20120115,97.8
20120116,99.8
20120117,98
20120118,97.1
20120119,98.4
20120120,97.2
20120121,97.7
20120122,87.4
20120123,87.2
20120124,91.4
20120125,92.3
20120126,93.9
20120127,93.9
20120128,94.1
20120129,96.5
20120130,94.3
20120131,98.2
20120201,90.5
20120202,87.2
20120203,89.5
20120204,81.6
20120205,88.5
20120206,86.8
20120207,92.8
20120208,86.6
20120209,81.3
20120210,89
20120211,92.5
20120212,85.8
20120213,91.2
20120214,92.8
20120215,82.2
20120216,83.8
20120217,83.2
20120218,78.7
20120219,78
20120220,77.1
20120221,78.7
20120222,85.8
20120223,94.4
20120224,95.7
20120225,99
20120226,98.4
20120227,93.8
20120228,100
20120229,100
20120301,98
20120302,94.2
20120303,94
20120304,95.1
20120305,96
20120306,96.4
20120307,97.9
20120308,95.8
20120309,93.7
20120310,96.9
20120311,100
20120312,98.5
20120313,95
20120314,95.3
20120315,94.5
20120316,97.1
20120317,99.9
20120318,99.5
20120319,98.4
20120320,95.9
20120321,94.8
20120322,96.7
20120323,96.3
20120324,96.1
20120325,99.1
20120326,99
20120327,87.8
20120328,88.4
20120329,86.8
20120330,81.9
20120331,85.5
20120401,88.1
20120402,89.8
20120403,98.4
20120404,97.8
20120405,95.4
20120406,99.7
20120407,89
20120408,84.6
20120409,80.9
20120410,77.8
20120411,69.4
20120412,66
20120413,62
20120414,56.8
20120415,50.6
20120416,45.6
20120417,40.4
20120418,28.3
20120419,23.9
20120420,28.2
20120421,24
20120422,16.4
20120423,6.9
20120424,0
20120425,0
20120426,0
20120427,0
20120428,0
20120429,0
20120430,0
20120501,0
20120502,0
20120503,0
20120504,0
20120505,0
20120506,0
20120507,0
20120508,0
20120509,0
20120510,0
20120511,0
20120512,0
20120513,0
20120514,0
20120515,0
20120516,0
20120517,0
20120518,0
20120519,0
20120520,0
20120521,0
20120522,0
20120523,0
20120524,0
20120525,0
20120526,0
20120527,0
20120528,0
20120529,0
20120530,0
20120531,0
20120601,0
20120602,0
20120603,0
20120604,0
20120605,0
20120606,0
20120607,0
20120608,0
20120609,0
20120610,0
20120611,0
20120612,0
20120613,0
20120614,0
20120615,0
20120616,0
20120617,0
20120618,0
20120619,0
20120620,0
20120621,0
20120622,0
20120623,0
20120624,0
20120625,0
20120626,0
20120627,0
20120628,0
20120629,0
20120630,0
20120701,0
20120702,0
20120703,0
20120704,0
20120705,0
20120706,0
20120707,0
20120708,0
20120709,0
20120710,0
20120711,0
20120712,0
20120713,0
20120714,0
20120715,0
20120716,0
20120717,0
20120718,0
20120719,0
20120720,0
20120721,0
20120722,0
20120723,0
20120724,0
20120725,0
20120726,0
20120727,0
20120728,0
20120729,0
20120730,0
20120731,0
20120801,0
20120802,0
20120803,0
20120804,0
20120805,0
20120806,0
20120807,0
20120808,0
20120809,0
20120810,0
20120811,0
20120812,0
20120813,0
20120814,0
20120815,0
20120816,0
20120817,0
20120818,0
20120819,0
20120820,0
20120821,0
20120822,0
20120823,0
20120824,0
20120825,0
20120826,0
20120827,0
20120828,0
20120829,0
20120830,0
20120831,0
20120901,0
20120902,0
20120903,0
20120904,0
20120905,0
20120906,0
20120907,0
20120908,0
20120909,0
20120910,0
20120911,0
20120912,0
20120913,0
20120914,0
20120915,0
20120916,0
20120917,0
20120918,0
20120919,0
20120920,0
20120921,0
20120922,0
20120923,0
20120924,0
20120925,0
20120926,0
20120927,0
20120928,0
20120929,0
20120930,0
20121001,0
20121002,0
20121003,0
20121004,0
20121005,0
20121006,0
20121007,0
20121008,0
20121009,0
20121010,0
20121011,0
20121012,0
20121013,0
20121014,0
20121015,0
20121016,0
20121017,0
20121018,0
20121019,0
20121020,0
20121021,0
20121022,0
20121023,0
20121024,0
20121025,0
20121026,0
20121027,0
20121028,0
20121029,0
20121030,0
20121031,0
20121101,0
20121102,0
20121103,0
20121104,0
20121105,0
20121106,4
20121107,7.3
20121108,0
20121109,0
20121110,0
20121111,0
20121112,0
20121113,0
20121114,0
20121115,0
20121116,4.9
20121117,4.6
20121118,16.4
20121119,35.2
20121120,40
20121121,49.7
20121122,55.9
20121123,60.3
20121124,63.2
20121125,73.4
20121126,72
20121127,20.2
20121128,32.9
20121129,63.8
20121130,73.5
20121201,82.9
20121202,82.4
20121203,87.5
20121204,95.2
20121205,94.9
20121206,96.5
20121207,99.2
20121208,97
20121209,98
20121210,89.9
20121211,92.4
20121212,84.6
20121213,67.1
20121214,63
20121215,80
20121216,88.4
20121217,91.7
20121218,90.4
20121219,95.5
20121220,98.1
20121221,100
20121222,99
20121223,95.8
20121224,96.7
20121225,97.3
20121226,95
20121227,94.7
20121228,84.7
20121229,81.8
20121230,81.9
20121231,80
20130101,72.8
20130102,73.6
20130103,67.6
20130104,68.2
20130105,62.4
20130106,61.4
20130107,81.2
20130108,93.1
20130109,78.5
20130110,65.4
20130111,62.8
20130112,65.1
20130113,25.2
20130114,42.6
20130115,64.8
20130116,78.9
20130117,88.2
20130118,93.5
20130119,94.8
20130120,81.7
20130121,65.4
20130122,66.5
20130123,66.5
20130124,71.1
20130125,85.9
20130126,93.8
20130127,98.9
20130128,99
20130129,98.8
20130130,96.4
20130131,97.6
20130201,99.3
20130202,93.3
20130203,93.2
20130204,97.7
20130205,98.2
20130206,98.4
20130207,92.4
20130208,82.7
20130209,82.2
20130210,87.2
20130211,98.5
20130212,96
20130213,100
20130214,99.6
20130215,100
20130216,100
20130217,96.1
20130218,97.6
20130219,96.5
20130220,96.1
20130221,100
20130222,94.9
20130223,95.4
20130224,97.2
20130225,97.4
20130226,97.3
20130227,97.2
20130228,98
20130301,97.1
20130302,98.3
20130303,94.7
20130304,90
20130305,79.6
20130306,83
20130307,72.6
20130308,61.8
20130309,77.4
20130310,66.3
20130311,80
20130312,96.5
20130313,89.4
20130314,90.9
20130315,96.8
20130316,92.8
20130317,93.8
20130318,82.4
20130319,78.7
20130320,96.3
20130321,100
20130322,98.8
20130323,95.5
20130324,95.4
20130325,98.6
20130326,98.2
20130327,96.7
20130328,92.6
20130329,96.9
20130330,91.6
20130331,98.4
20130401,97.6
20130402,77.3
20130403,66.9
20130404,46.8
20130405,36.3
20130406,35
20130407,49.4
20130408,71.3
20130409,82.7
20130410,86.9
20130411,88.6
20130412,90.7
20130413,87.5
20130414,94.8
20130415,73.2
20130416,36.6
20130417,27
20130418,15.6
20130419,19.2
20130420,0
20130421,0
20130422,0
20130423,0
20130424,0
20130425,0
20130426,0
20130427,0
20130428,0
20130429,0
20130430,0
20130501,0
20130502,0
20130503,0
20130504,0
20130505,0
20130506,0
20130507,0
20130508,0
20130509,0
20130510,0
20130511,0
20130512,0
20130513,0
20130514,0
20130515,0
20130516,0
20130517,0
20130518,0
20130519,0
20130520,0
20130521,0
20130522,0
20130523,0
20130524,0
20130525,0
20130526,0
20130527,0
20130528,0
20130529,0
20130530,0
20130531,0
20130601,0
20130602,0
20130603,0
20130604,0
20130605,0
20130606,0
20130607,0
20130608,0
20130609,0
20130610,0
20130611,0
20130612,0
20130613,0
20130614,0
20130615,0
20130616,0
20130617,0
20130618,0
20130619,0
20130620,0
20130621,0
20130622,0
20130623,0
20130624,0
20130625,0
20130626,0
20130627,0
20130628,0
20130629,0
20130630,0
20130701,0
20130702,0
20130703,0
20130704,0
20130705,0
20130706,0
20130707,0
20130708,0
20130709,0
20130710,0
20130711,0
20130712,0
20130713,0
20130714,0
20130715,0
20130716,0
20130717,0
20130718,0
20130719,0
20130720,0
20130721,0
20130722,0
20130723,0
20130724,0
20130725,0
20130726,0
20130727,0
20130728,0
20130729,0
20130730,0
20130731,0
20130801,0
20130802,0
20130803,0
20130804,0
20130805,0
20130806,0
20130807,0
20130808,0
20130809,0
20130810,0
20130811,0
20130812,0
20130813,0
20130814,0
20130815,0
20130816,0
20130817,0
20130818,0
20130819,0
20130820,0
20130821,0
20130822,0
20130823,0
20130824,0
20130825,0
20130826,0
20130827,0
20130828,0
20130829,0
20130830,0
20130831,0
20130901,0
20130902,0
20130903,0
20130904,0
20130905,0
20130906,0
20130907,0
20130908,0
20130909,0
20130910,0
20130911,0
20130912,0
20130913,0
20130914,0
20130915,0
20130916,0
20130917,0
20130918,0
20130919,0
20130920,0
20130921,0
20130922,0
20130923,0
20130924,0
20130925,0
20130926,0
20130927,0
20130928,0
20130929,0
20130930,0
20131001,0
20131002,0
20131003,0
20131004,0
20131005,0
20131006,0
20131007,0
20131008,0
20131009,0
20131010,0
20131011,0
20131012,0
20131013,0
20131014,0
20131015,0
20131016,0
20131017,0
20131018,0
20131019,0
20131020,0
20131021,0
20131022,0
20131023,0
20131024,0
20131025,0
20131026,0
20131027,0
20131028,0
20131029,0
20131030,0
20131031,0
20131101,0
20131102,0
20131103,0
20131104,0
20131105,0
20131106,0
20131107,0
20131108,0
20131109,0
20131110,0
20131111,0
20131112,0
20131113,0
20131114,0
20131115,0
20131116,0
20131117,0
20131118,0
20131119,0
20131120,0
20131121,0
20131122,0
20131123,0
20131124,0
20131125,0
20131126,0
20131127,0
20131128,0
20131129,0
20131130,0
20131201,0
20131202,0
20131203,0
20131204,0
20131205,0
20131206,0
20131207,0
20131208,0
20131209,0
20131210,0
20131211,0
20131212,0
20131213,4.1
20131214,4.5
20131215,5.6
20131216,6.6
20131217,10.4
20131218,7.6
20131219,0
20131220,0
20131221,0
20131222,16.7
20131223,21.6
20131224,22.1
20131225,9.4
20131226,19.7
20131227,18.9
20131228,26.9
20131229,24.5
20131230,0
20131231,0
20140101,0
20140102,0
20140103,0
20140104,0
20140105,0
20140106,0
20140107,0
20140108,0
20140109,0
20140110,0
20140111,0
20140112,0
20140113,0
20140114,0
20140115,0
20140116,0
20140117,0
20140118,0
20140119,0
20140120,0
20140121,0
20140122,0
20140123,0
20140124,0
20140125,0
20140126,0
20140127,0
20140128,0
20140129,0
20140130,0
20140131,0
20140201,0
20140202,0
20140203,0
20140204,0
20140205,0
20140206,0
20140207,0
20140208,6
20140209,5.1
20140210,25.9
20140211,35
20140212,47.6
20140213,54.8
20140214,66.8
20140215,76.5
20140216,78.4
20140217,76.7
20140218,81.4
20140219,86.4
20140220,91.1
20140221,73.5
20140222,10.6
20140223,0
20140224,0
20140225,0
20140226,0
20140227,0
20140228,0
20140301,0
20140302,0
20140303,0
20140304,0
20140305,10.1
20140306,25
20140307,37.4
20140308,37
20140309,42.1
20140310,36.5
20140311,40.9
20140312,46.8
20140313,62.3
20140314,76.8
20140315,82.6
20140316,72.1
20140317,43.9
20140318,63.2
20140319,83.8
20140320,86.4
20140321,84.1
20140322,81.8
20140323,65
20140324,43.2
20140325,35.9
20140326,24.8
20140327,22.2
20140328,23.2
20140329,20
20140330,18.7
20140331,6.3
20140401,0
20140402,0
20140403,0
20140404,0
20140405,0
20140406,0
20140407,21.2
20140408,38.7
20140409,39.6
20140410,30.6
20140411,0
20140412,0
20140413,0
20140414,0
20140415,0
20140416,0
20140417,0
20140418,0
20140419,0
20140420,0
20140421,0
20140422,0
20140423,0
20140424,0
20140425,0
20140426,0
20140427,0
20140428,0
20140429,0
20140430,0
20140501,0
20140502,0
20140503,0
20140504,0
20140505,0
20140506,0
20140507,0
20140508,0
20140509,0
20140510,0
20140511,0
20140512,0
20140513,0
20140514,0
20140515,0
20140516,0
20140517,0
20140518,0
20140519,0
20140520,0
20140521,0
20140522,0
20140523,0
20140524,0
20140525,0
20140526,0
20140527,0
20140528,0
20140529,0
20140530,0
20140531,0
20140601,0
20140602,0
20140603,0
20140604,0
20140605,0
20140606,0
20140607,0
20140608,0
20140609,0
20140610,0
20140611,0
20140612,0
20140613,0
20140614,0
20140615,0
20140616,0
20140617,0
20140618,0
20140619,0
20140620,0
20140621,0
20140622,0
20140623,0
20140624,0
20140625,0
20140626,0
20140627,0
20140628,0
20140629,0
20140630,0
20140701,0
20140702,0
20140703,0
20140704,0
20140705,0
20140706,0
20140707,0
20140708,0
20140709,0
20140710,0
20140711,0
20140712,0
20140713,0
20140714,0
20140715,0
20140716,0
20140717,0
20140718,0
20140719,0
20140720,0
20140721,0
20140722,0
20140723,0
20140724,0
20140725,0
20140726,0
20140727,0
20140728,0
20140729,0
20140730,0
20140731,0
20140801,0
20140802,0
20140803,0
20140804,0
20140805,0
20140806,0
20140807,0
20140808,0
20140809,0
20140810,0
20140811,0
20140812,0
20140813,0
20140814,0
20140815,0
20140816,0
20140817,0
20140818,0
20140819,0
20140820,0
20140821,0
20140822,0
20140823,0
20140824,0
20140825,0
20140826,0
20140827,0
20140828,0
20140829,0
20140830,0
20140831,0
20140901,0
20140902,0
20140903,0
20140904,0
20140905,0
20140906,0
20140907,0
20140908,0
20140909,0
20140910,0
20140911,0
20140912,0
20140913,0
20140914,0
20140915,0
20140916,0
20140917,0
20140918,0
20140919,0
20140920,0
20140921,0
20140922,0
20140923,0
20140924,0
20140925,0
20140926,0
20140927,0
20140928,0
20140929,0
20140930,0
20141001,0
20141002,0
20141003,0
20141004,0
20141005,0
20141006,0
20141007,0
20141008,0
20141009,0
20141010,0
20141011,0
20141012,0
20141013,0
20141014,0
20141015,0
20141016,0
20141017,0
20141018,0
20141019,0
20141020,0
20141021,0
20141022,0
20141023,0
20141024,0
20141025,0
20141026,0
20141027,0
20141028,0
20141029,0
20141030,0
20141031,0
20141101,0
20141102,0
20141103,0
20141104,0
20141105,0
20141106,0
20141107,0
20141108,0
20141109,0
20141110,0
20141111,0
20141112,0
20141113,0
20141114,0
20141115,0
20141116,0
20141117,0
20141118,0
20141119,0
20141120,0
20141121,0
20141122,0
20141123,0
20141124,0
20141125,0
20141126,0
20141127,0
20141128,0
20141129,0
20141130,0
20141201,0
20141202,0
20141203,0
20141204,0
20141205,0
20141206,0
20141207,0
20141208,0
20141209,0
20141210,0
20141211,0
20141212,0
20141213,0
20141214,0
20141215,0
20141216,0
20141217,0
20141218,0
20141219,0
20141220,0
20141221,0
20141222,0
20141223,0
20141224,0
20141225,0
20141226,0
20141227,0
20141228,0
20141229,0
20141230,0
20141231,0
20150101,0
20150102,0
20150103,0
20150104,0
20150105,0
20150106,0
20150107,0
20150108,0
20150109,0
20150110,0
20150111,0
20150112,0
20150113,0
20150114,0
20150115,0
20150116,0
20150117,0
20150118,0
20150119,0
20150120,0
20150121,0
20150122,17.1
20150123,33.8
20150124,47.9
20150125,55.8
20150126,58
20150127,54.4
20150128,52.9
20150129,57.6
20150130,62.6
20150131,66.9
20150201,74.7
20150202,79.7
20150203,82.5
20150204,85.3
20150205,91.1
20150206,91.9
20150207,86.5
20150208,90.1
20150209,81
20150210,83.8
20150211,79.5
20150212,63.6
20150213,41.8
20150214,22.4
20150215,18.6
20150216,10.4
20150217,8.3
20150218,0
20150219,0
20150220,0
20150221,0
20150222,0
20150223,0
20150224,0
20150225,0
20150226,0
20150227,0
20150228,0
20150301,0
20150302,0
20150303,0
20150304,0
20150305,0
20150306,0
20150307,0
20150308,0
20150309,0
20150310,4
20150311,21.8
20150312,38.3
20150313,59
20150314,65.2
20150315,51.2
20150316,63.8
20150317,53.3
20150318,45.6
20150319,46.2
20150320,43.1
20150321,45.8
20150322,38
20150323,32.9
20150324,17.2
20150325,15
20150326,0
20150327,0
20150328,0
20150329,0
20150330,0
20150331,0
20150401,0
20150402,0
20150403,0
20150404,0
20150405,0
20150406,0
20150407,0
20150408,0
20150409,0
20150410,0
20150411,0
20150412,0
20150413,0
20150414,0
20150415,0
20150416,0
20150417,0
20150418,0
20150419,0
20150420,0
20150421,0
20150422,0
20150423,0
20150424,0
20150425,0
20150426,0
20150427,0
20150428,0
20150429,0
20150430,0
20150501,0
20150502,0
20150503,0
20150504,0
20150505,0
20150506,0
20150507,0
20150508,0
20150509,0
20150510,0
20150511,0
20150512,0
20150513,0
20150514,0
20150515,0
20150516,0
20150517,0
20150518,0
20150519,0
20150520,0
20150521,0
20150522,0
20150523,0
20150524,0
20150525,0
20150526,0
20150527,0
20150528,0
20150529,0
20150530,0
20150531,0
20150601,0
20150602,0
20150603,0
20150604,0
20150605,0
20150606,0
20150607,0
20150608,0
20150609,0
20150610,0
20150611,0
20150612,0
20150613,0
20150614,0
20150615,0
20150616,0
20150617,0
20150618,0
20150619,0
20150620,0
20150621,0
20150622,0
20150623,0
20150624,0
20150625,0
20150626,0
20150627,0
20150628,0
20150629,0
20150630,0
20150701,0
20150702,0
20150703,0
20150704,0
20150705,0
20150706,0
20150707,0
20150708,0
20150709,0
20150710,0
20150711,0
20150712,0
20150713,0
20150714,0
20150715,0
20150716,0
20150717,0
20150718,0
20150719,0
20150720,0
20150721,0
20150722,0
20150723,0
20150724,0
20150725,0
20150726,0
20150727,0
20150728,0
20150729,0
20150730,0
20150731,0
20150801,0
20150802,0
20150803,0
20150804,0
20150805,0
20150806,0
20150807,0
20150808,0
20150809,0
20150810,0
20150811,0
20150812,0
20150813,0
20150814,0
20150815,0
20150816,0
20150817,0
20150818,0
20150819,0
20150820,0
20150821,0
20150822,0
20150823,0
20150824,0
20150825,0
20150826,0
20150827,0
20150828,0
20150829,0
20150830,0
20150831,0
20150901,0
20150902,0
20150903,0
20150904,0
20150905,0
20150906,0
20150907,0
20150908,0
20150909,0
20150910,0
20150911,0
20150912,0
20150913,0
20150914,0
20150915,0
20150916,0
20150917,0
20150918,0
20150919,0
20150920,0
20150921,0
20150922,0
20150923,0
20150924,0
20150925,0
20150926,0
20150927,0
20150928,0
20150929,0
20150930,0
20151001,0
20151002,0
20151003,0
20151004,0
20151005,0
20151006,0
20151007,0
20151008,0
20151009,0
20151010,0
20151011,0
20151012,0
20151013,0
20151014,0
20151015,0
20151016,0
20151017,0
20151018,0
20151019,0
20151020,0
20151021,0
20151022,0
20151023,0
20151024,0
20151025,0
20151026,0
20151027,0
20151028,0
20151029,0
20151030,0
20151031,0
20151101,0
20151102,0
20151103,0
20151104,0
20151105,0
20151106,0
20151107,0
20151108,0
20151109,0
20151110,0
20151111,0
20151112,0
20151113,0
20151114,0
20151115,0
20151116,0
20151117,0
20151118,0
20151119,0
20151120,0
20151121,0
20151122,0
20151123,0
20151124,0
20151125,0
20151126,0
20151127,0
20151128,0
20151129,0
20151130,0
20151201,0
20151202,0
20151203,0
20151204,0
20151205,0
20151206,0
20151207,0
20151208,0
20151209,0
20151210,0
20151211,0
20151212,0
20151213,0
20151214,0
20151215,0
20151216,0
20151217,0
20151218,0
20151219,0
20151220,0
20151221,0
20151222,0
20151223,0
20151224,0
20151225,0
20151226,0
20151227,0
20151228,0
20151229,0
20151230,0
20151231,0
20160101,0
20160102,0
20160103,0
20160104,0
20160105,0
20160106,0
20160107,0
20160108,0
20160109,0
20160110,0
20160111,0
20160112,0
20160113,0
20160114,0
20160115,0
20160116,0
20160117,0
20160118,0
20160119,0
20160120,0
20160121,0
20160122,0
20160123,0
20160124,0
20160125,0
20160126,0
20160127,0
20160128,0
20160129,0
20160130,0
20160131,0
20160201,0
20160202,0
20160203,0
20160204,0
20160205,0
20160206,0
20160207,0
20160208,0
20160209,0
20160210,0
20160211,0
20160212,0
20160213,0
20160214,0
20160215,0
20160216,0
20160217,0
20160218,0
20160219,0
20160220,0
20160221,0
20160222,0
20160223,0
20160224,0
20160225,0
20160226,0
20160227,0
20160228,0
20160229,0
20160301,0
20160302,0
20160303,0
20160304,0
20160305,0
20160306,0
20160307,0
20160308,0
20160309,0
20160310,0
20160311,0
20160312,0
20160313,0
20160314,0
20160315,0
20160316,0
20160317,0
20160318,4.5
20160319,5.1
20160320,13.2
20160321,15.8
20160322,7.2
20160323,0
20160324,0
20160325,0
20160326,0
20160327,0
20160328,0
20160329,0
20160330,0
20160331,0
20160401,0
20160402,0
20160403,0
20160404,0
20160405,0
20160406,0
20160407,0
20160408,0
20160409,0
20160410,0
20160411,0
20160412,0
20160413,0
20160414,0
20160415,0
20160416,0
20160417,0
20160418,0
20160419,0
20160420,0
20160421,0
20160422,0
20160423,0
20160424,0
20160425,0
20160426,0
20160427,0
20160428,0
20160429,0
20160430,0
20160501,0
20160502,0
20160503,0
20160504,0
20160505,0
20160506,0
20160507,0
20160508,0
20160509,0
20160510,0
20160511,0
20160512,0
20160513,0
20160514,0
20160515,0
20160516,0
20160517,0
20160518,0
20160519,0
20160520,0
20160521,0
20160522,0
20160523,0
20160524,0
20160525,0
20160526,0
20160527,0
20160528,0
20160529,0
20160530,0
20160531,0
20160601,0
20160602,0
20160603,0
20160604,0
20160605,0
20160606,0
20160607,0
20160608,0
20160609,0
20160610,0
20160611,0
20160612,0
20160613,0
20160614,0
20160615,0
20160616,0
20160617,0
20160618,0
20160619,0
20160620,0
20160621,0
20160622,0
20160623,0
20160624,0
20160625,0
20160626,0
20160627,0
20160628,0
20160629,0
20160630,0
20160701,0
20160702,0
20160703,0
20160704,0
20160705,0
20160706,0
20160707,0
20160708,0
20160709,0
20160710,0
20160711,0
20160712,0
20160713,0
20160714,0
20160715,0
20160716,0
20160717,0
20160718,0
20160719,0
20160720,0
20160721,0
20160722,0
20160723,0
20160724,0
20160725,0
20160726,0
20160727,0
20160728,0
20160729,0
20160730,0
20160731,0
20160801,0
20160802,0
20160803,0
20160804,0
20160805,0
20160806,0
20160807,0
20160808,0
20160809,0
20160810,0
20160811,0
20160812,0
20160813,0
20160814,0
20160815,0
20160816,0
20160817,0
20160818,0
20160819,0
20160820,0
20160821,0
20160822,0
20160823,0
20160824,0
20160825,0
20160826,0
20160827,0
20160828,0
20160829,0
20160830,0
20160831,0
20160901,0
20160902,0
20160903,0
20160904,0
20160905,0
20160906,0
20160907,0
20160908,0
20160909,0
20160910,0
20160911,0
20160912,0
20160913,0
20160914,0
20160915,0
20160916,0
20160917,0
20160918,0
20160919,0
20160920,0
20160921,0
20160922,0
20160923,0
20160924,0
20160925,0
20160926,0
20160927,0
20160928,0
20160929,0
20160930,0
20161001,0
20161002,0
20161003,0
20161004,0
20161005,0
20161006,0
20161007,0
20161008,0
20161009,0
20161010,0
20161011,0
20161012,0
20161013,0
20161014,0
20161015,0
20161016,0
20161017,0
20161018,0
20161019,0
20161020,0
20161021,0
20161022,0
20161023,0
20161024,0
20161025,0
20161026,0
20161027,0
20161028,0
20161029,0
20161030,0
20161031,0
20161101,0
20161102,0
20161103,0
20161104,0
20161105,0
20161106,0
20161107,0
20161108,0
20161109,0
20161110,0
20161111,0
20161112,0
20161113,0
20161114,0
20161115,0
20161116,0
20161117,0
20161118,0
20161119,0
20161120,0
20161121,0
20161122,0
20161123,0
20161124,0
20161125,0
20161126,0
20161127,0
20161128,0
20161129,0
20161130,0
20161201,0
20161202,11.7
20161203,10.6
20161204,10.7
20161205,0
20161206,0
20161207,16.9
20161208,25.9
20161209,26.2
20161210,37.8
20161211,36.1
20161212,8
20161213,0
20161214,0
20161215,0
20161216,0
20161217,0
20161218,0
20161219,0
20161220,0
20161221,4
20161222,4.9
20161223,0
20161224,0
20161225,0
20161226,0
20161227,0
20161228,0
20161229,0
20161230,0
20161231,0
20170101,0
20170102,0
20170103,0
20170104,0
20170105,0
20170106,0
20170107,0
20170108,0
20170109,0
20170110,0
20170111,4.8
20170112,5.1
20170113,20.1
20170114,42.1
20170115,55.9
20170116,64.6
20170117,75
20170118,82.2
20170119,73.2
20170120,67.5
20170121,81.7
20170122,90
20170123,86.1
20170124,78.9
20170125,61.6
20170126,54
20170127,47.1
20170128,46.4
20170129,47.7
20170130,18.1
20170131,5.7
20170201,23.5
20170202,38.4
20170203,48.3
20170204,63.8
20170205,71.1
20170206,69.6
20170207,75.4
20170208,63.3
20170209,71.4
20170210,76.2
20170211,86.9
20170212,93
20170213,91.7
20170214,99
20170215,92.8
20170216,94.5
20170217,93.9
20170218,92.3
20170219,93.2
20170220,89.8
20170221,92.4
20170222,97.2
20170223,95.8
20170224,89.8
20170225,87.6
20170226,78.8
20170227,64
20170228,76.8
20170301,91.1
20170302,93.3
20170303,96.5
20170304,96.4
20170305,90.4
20170306,97.3
20170307,100
20170308,99.6
20170309,100
20170310,100
20170311,100
20170312,91.9
20170313,88.7
20170314,99
20170315,91.8
20170316,86
20170317,90.7
20170318,89.6
20170319,90.3
20170320,88.6
20170321,90.3
20170322,90.7
20170323,89.4
20170324,90.5
20170325,94.8
20170326,91.4
20170327,85.5
20170328,75.7
20170329,86.3
20170330,80
20170331,64.4
20170401,59.2
20170402,73.5
20170403,84.3
20170404,75.7
20170405,67.4
20170406,60.3
20170407,54.2
20170408,48.9
20170409,42.3
20170410,36.2
20170411,26.9
20170412,0
20170413,0
20170414,0
20170415,0
20170416,0
20170417,0
20170418,0
20170419,0
20170420,0
20170421,0
20170422,0
20170423,0
20170424,0
20170425,0
20170426,0
20170427,0
20170428,0
20170429,0
20170430,0
20170501,0
20170502,0
20170503,0
20170504,0
20170505,0
20170506,0
20170507,0
20170508,0
20170509,0
20170510,0
20170511,0
20170512,0
20170513,0
20170514,0
20170515,0
20170516,0
20170517,0
20170518,0
20170519,0
20170520,0
20170521,0
20170522,0
20170523,0
20170524,0
20170525,0
20170526,0
20170527,0
20170528,0
20170529,0
20170530,0
20170531,0
20170601,0
20170602,0
20170603,0
20170604,0
20170605,0
20170606,0
20170607,0
20170608,0
20170609,0
20170610,0
20170611,0
20170612,0
20170613,0
20170614,0
20170615,0
20170616,0
20170617,0
20170618,0
20170619,0
20170620,0
20170621,0
20170622,0
20170623,0
20170624,0
20170625,0
20170626,0
20170627,0
20170628,0
20170629,0
20170630,0
20170701,0
20170702,0
20170703,0
20170704,0
20170705,0
20170706,0
20170707,0
20170708,0
20170709,0
20170710,0
20170711,0
20170712,0
20170713,0
20170714,0
20170715,0
20170716,0
20170717,0
20170718,0
20170719,0
20170720,0
20170721,0
20170722,0
20170723,0
20170724,0
20170725,0
20170726,0
20170727,0
20170728,0
20170729,0
20170730,0
20170731,0
20170801,0
20170802,0
20170803,0
20170804,0
20170805,0
20170806,0
20170807,0
20170808,0
20170809,0
20170810,0
20170811,0
20170812,0
20170813,0
20170814,0
20170815,0
20170816,0
20170817,0
20170818,0
20170819,0
20170820,0
20170821,0
20170822,0
20170823,0
20170824,0
20170825,0
20170826,0
20170827,0
20170828,0
20170829,0
20170830,0
20170831,0
20170901,0
20170902,0
20170903,0
20170904,0
20170905,0
20170906,0
20170907,0
20170908,0
20170909,0
20170910,0
20170911,0
20170912,0
20170913,0
20170914,0
20170915,0
20170916,0
20170917,0
20170918,0
20170919,0
20170920,0
20170921,0
20170922,0
20170923,0
20170924,0
20170925,0
20170926,0
20170927,0
20170928,0
20170929,0
20170930,0
20171001,0
20171002,0
20171003,0
20171004,0
20171005,0
20171006,0
20171007,0
20171008,0
20171009,0
20171010,0
20171011,0
20171012,0
20171013,0
20171014,0
20171015,0
20171016,0
20171017,0
20171018,0
20171019,0
20171020,0
20171021,0
20171022,0
20171023,0
20171024,0
20171025,0
20171026,0
20171027,0
20171028,0
20171029,0
20171030,0
20171031,0
20171101,0
20171102,0
20171103,0
20171104,0
20171105,0
20171106,0
20171107,0
20171108,0
20171109,0
20171110,0
20171111,0
20171112,0
20171113,0
20171114,0
20171115,0
20171116,0
20171117,0
20171118,0
20171119,0
20171120,0
20171121,0
20171122,0
20171123,0
20171124,0
20171125,0
20171126,0
20171127,0
20171128,0
20171129,0
20171130,0
20171201,0
20171202,0
20171203,0
20171204,0
20171205,0
20171206,0
20171207,0
20171208,0
20171209,0
20171210,0
20171211,0
20171212,0
20171213,0
20171214,0
20171215,0
20171216,0
20171217,0
20171218,0
20171219,0
20171220,0
20171221,0
20171222,0
20171223,0
20171224,0
20171225,0
20171226,0
20171227,0
20171228,0
20171229,0
20171230,0
20171231,0
20180101,0
20180102,0
20180103,0
20180104,0
20180105,0
20180106,0
20180107,0
20180108,0
20180109,0
20180110,0
20180111,0
20180112,0
20180113,0
20180114,0
20180115,0
20180116,0
20180117,0
20180118,0
20180119,0
20180120,9
20180121,17.5
20180122,32.1
20180123,43.7
20180124,49.8
20180125,55.4
20180126,54.3
20180127,70.9
20180128,80.8
20180129,82.3
20180130,87.2
20180131,87.6
20180201,91.5
20180202,97.6
20180203,88.6
20180204,69.4
20180205,71.4
20180206,52.6
20180207,33.5
20180208,7.6
20180209,0
20180210,0
20180211,0
20180212,0
20180213,0
20180214,0
20180215,0
20180216,0
20180217,0
20180218,0
20180219,0
20180220,0
20180221,0
20180222,0
20180223,0
20180224,0
20180225,0
20180226,0
20180227,0
20180228,0
20180301,0
20180302,0
20180303,0
20180304,0
20180305,0
20180306,0
20180307,0
20180308,0
20180309,0
20180310,16.5
20180311,27.2
20180312,26.2
20180313,37.8
20180314,37.4
20180315,30
20180316,31.6
20180317,16.2
20180318,8.2
20180319,6.6
20180320,7.1
20180321,8
20180322,0
20180323,0
20180324,0
20180325,0
20180326,0
20180327,0
20180328,0
20180329,0
20180330,0
20180331,0
20180401,0
20180402,0
20180403,0
20180404,0
20180405,0
20180406,0
20180407,0
20180408,0
20180409,0
20180410,0
20180411,0
20180412,0
20180413,0
20180414,0
20180415,0
20180416,0
20180417,0
20180418,0
20180419,0
20180420,0
20180421,0
20180422,0
20180423,0
20180424,0
20180425,0
20180426,0
20180427,0
20180428,0
20180429,0
20180430,0
20180501,0
20180502,0
20180503,0
20180504,0
20180505,0
20180506,0
20180507,0
20180508,0
20180509,0
20180510,0
20180511,0
20180512,0
20180513,0
20180514,0
20180515,0
20180516,0
20180517,0
20180518,0
20180519,0
20180520,0
20180521,0
20180522,0
20180523,0
20180524,0
20180525,0
20180526,0
20180527,0
20180528,0
20180529,0
20180530,0
20180531,0
20180601,0
20180602,0
20180603,0
20180604,0
20180605,0
20180606,0
20180607,0
20180608,0
20180609,0
20180610,0
20180611,0
20180612,0
20180613,0
20180614,0
20180615,0
20180616,0
20180617,0
20180618,0
20180619,0
20180620,0
20180621,0
20180622,0
20180623,0
20180624,0
20180625,0
20180626,0
20180627,0
20180628,0
20180629,0
20180630,0
20180701,0
20180702,0
20180703,0
20180704,0
20180705,0
20180706,0
20180707,0
20180708,0
20180709,0
20180710,0
20180711,0
20180712,0
20180713,0
20180714,0
20180715,0
20180716,0
20180717,0
20180718,0
20180719,0
20180720,0
20180721,0
20180722,0
20180723,0
20180724,0
20180725,0
20180726,0
20180727,0
20180728,0
20180729,0
20180730,0
20180731,0
20180801,0
20180802,0
20180803,0
20180804,0
20180805,0
20180806,0
20180807,0
20180808,0
20180809,0
20180810,0
20180811,0
20180812,0
20180813,0
20180814,0
20180815,0
20180816,0
20180817,0
20180818,0
20180819,0
20180820,0
20180821,0
20180822,0
20180823,0
20180824,0
20180825,0
20180826,0
20180827,0
20180828,0
20180829,0
20180830,0
20180831,0
20180901,0
20180902,0
20180903,0
20180904,0
20180905,0
20180906,0
20180907,0
20180908,0
20180909,0
20180910,0
20180911,0
20180912,0
20180913,0
20180914,0
20180915,0
20180916,0
20180917,0
20180918,0
20180919,0
20180920,0
20180921,0
20180922,0
20180923,0
20180924,0
20180925,0
20180926,0
20180927,0
20180928,0
20180929,0
20180930,0
20181001,0
20181002,0
20181003,0
20181004,0
20181005,0
20181006,0
20181007,0
20181008,0
20181009,0
20181010,0
20181011,0
20181012,0
20181013,0
20181014,0
20181015,0
20181016,0
20181017,0
20181018,0
20181019,0
20181020,0
20181021,0
20181022,0
20181023,0
20181024,0
20181025,0
20181026,0
20181027,0
20181028,0
20181029,0
20181030,0
20181031,0
20181101,0
20181102,0
20181103,0
20181104,0
20181105,0
20181106,0
20181107,0
20181108,0
20181109,0
20181110,0
20181111,0
20181112,0
20181113,0
20181114,0
20181115,0
20181116,0
20181117,0
20181118,0
20181119,0
20181120,0
20181121,0
20181122,0
20181123,0
20181124,0
20181125,0
20181126,0
20181127,0
20181128,0
20181129,0
20181130,0
20181201,0
20181202,0
20181203,0
20181204,0
20181205,0
20181206,0
20181207,0
20181208,0
20181209,0
20181210,0
20181211,0
20181212,0
20181213,0
20181214,0
20181215,0
20181216,0
20181217,0
20181218,4.6
20181219,4.6
20181220,5
20181221,16.5
20181222,30
20181223,34.8
20181224,40.3
20181225,42.1
20181226,53.6
20181227,62.2
20181228,66.9
20181229,76.5
20181230,61.6
20181231,46
20190101,17.8
20190102,50.3
20190103,43.8
20190104,25.3
20190105,35
20190106,22.5
20190107,13.7
20190108,6.3
20190109,17.2
20190110,40.5
20190111,52.8
20190112,61.8
20190113,60.7
20190114,30.9
20190115,0
20190116,0
20190117,26
20190118,41.1
20190119,49.1
20190120,58.3
20190121,65.3
20190122,52.4
20190123,33
20190124,26.5
20190125,12.2
20190126,0
20190127,0
20190128,0
20190129,0
20190130,0
20190131,0
20190201,0
20190202,0
20190203,0
20190204,0
20190205,0
20190206,0
20190207,0
20190208,0
20190209,0
20190210,0
20190211,0
20190212,0
20190213,0
20190214,0
20190215,0
20190216,0
20190217,0
20190218,0
20190219,0
20190220,0
20190221,0
20190222,0
20190223,0
20190224,0
20190225,0
20190226,0
20190227,0
20190228,0
20190301,0
20190302,0
20190303,0
20190304,0
20190305,0
20190306,0
20190307,0
20190308,0
20190309,0
20190310,0
20190311,0
20190312,0
20190313,0
20190314,0
20190315,0
20190316,0
20190317,0
20190318,0
20190319,0
20190320,0
20190321,0
20190322,0
20190323,0
20190324,0
20190325,0
20190326,0
20190327,0
20190328,0
20190329,0
20190330,0
20190331,0
20190401,0
20190402,0
20190403,0
20190404,0
20190405,0
20190406,0
20190407,0
20190408,0
20190409,0
20190410,0
20190411,0
20190412,0
20190413,0
20190414,0
20190415,0
20190416,0
20190417,0
20190418,0
20190419,0
20190420,0
20190421,0
20190422,0
20190423,0
20190424,0
20190425,0
20190426,0
20190427,0
20190428,0
20190429,0
20190430,0
20190501,0
20190502,0
20190503,0
20190504,0
20190505,0
20190506,0
20190507,0
20190508,0
20190509,0
20190510,0
20190511,0
20190512,0
20190513,0
20190514,0
20190515,0
20190516,0
20190517,0
20190518,0
20190519,0
20190520,0
20190521,0
20190522,0
20190523,0
20190524,0
20190525,0
20190526,0
20190527,0
20190528,0
20190529,0
20190530,0
20190531,0
20190601,0
20190602,0
20190603,0
20190604,0
20190605,0
20190606,0
20190607,0
20190608,0
20190609,0
20190610,0
20190611,0
20190612,0
20190613,0
20190614,0
20190615,0
20190616,0
20190617,0
20190618,0
20190619,0
20190620,0
20190621,0
20190622,0
20190623,0
20190624,0
20190625,0
20190626,0
20190627,0
20190628,0
20190629,0
20190630,0
20190701,0
20190702,0
20190703,0
20190704,0
20190705,0
20190706,0
20190707,0
20190708,0
20190709,0
20190710,0
20190711,0
20190712,0
20190713,0
20190714,0
20190715,0
20190716,0
20190717,0
20190718,0
20190719,0
20190720,0
20190721,0
20190722,0
20190723,0
20190724,0
20190725,0
20190726,0
20190727,0
20190728,0
20190729,0
20190730,0
20190731,0
20190801,0
20190802,0
20190803,0
20190804,0
20190805,0
20190806,0
20190807,0
20190808,0
20190809,0
20190810,0
20190811,0
20190812,0
20190813,0
20190814,0
20190815,0
20190816,0
20190817,0
20190818,0
20190819,0
20190820,0
20190821,0
20190822,0
20190823,0
20190824,0
20190825,0
20190826,0
20190827,0
20190828,0
20190829,0
20190830,0
20190831,0
20190901,0
20190902,0
20190903,0
20190904,0
20190905,0
20190906,0
20190907,0
20190908,0
20190909,0
20190910,0
20190911,0
20190912,0
20190913,0
20190914,0
20190915,0
20190916,0
20190917,0
20190918,0
20190919,0
20190920,0
20190921,0
20190922,0
20190923,0
20190924,0
20190925,0
20190926,0
20190927,0
20190928,0
20190929,0
20190930,0
20191001,0
20191002,0
20191003,0
20191004,0
20191005,0
20191006,0
20191007,0
20191008,0
20191009,0
20191010,0
20191011,0
20191012,0
20191013,0
20191014,0
20191015,0
20191016,0
20191017,0
20191018,0
20191019,0
20191020,0
20191021,0
20191022,0
20191023,0
20191024,0
20191025,0
20191026,0
20191027,0
20191028,0
20191029,0
20191030,0
20191031,0
20191101,0
20191102,0
20191103,0
20191104,0
20191105,0
20191106,0
20191107,0
20191108,0
20191109,0
20191110,0
20191111,0
20191112,0
20191113,0
20191114,0
20191115,0
20191116,0
20191117,0
20191118,0
20191119,0
20191120,0
20191121,0
20191122,0
20191123,0
20191124,0
20191125,0
20191126,0
20191127,0
20191128,0
20191129,0
20191130,0
20191201,0
20191202,0
20191203,0
20191204,0
20191205,0
20191206,0
20191207,0
20191208,0
20191209,0
20191210,0
20191211,0
20191212,0
20191213,0
20191214,0
20191215,0
20191216,0
20191217,0
20191218,0
20191219,0
20191220,0
20191221,0
20191222,0
20191223,0
20191224,0
20191225,0
20191226,4.5
20191227,17.5
20191228,26.6
20191229,38
20191230,48.6
20191231,47.2
20200101,56
20200102,61
20200103,75.8
20200104,83.1
20200105,89.2
20200106,91.2
20200107,87.2
20200108,88.2
20200109,78.2
20200110,60.9
20200111,39.6
20200112,27
20200113,26.6
20200114,57.7
20200115,58.9
20200116,49.8
20200117,56.3
20200118,70.6
20200119,75.4
20200120,75.1
20200121,66.4
20200122,72.6
20200123,74
20200124,85
20200125,90.5
20200126,94.9
20200127,95.6
20200128,95.4
20200129,92.9
20200130,89.6
20200131,92.1
20200201,94
20200202,88.8
20200203,85.9
20200204,80.3
20200205,80.7
20200206,86.4
20200207,95.8
20200208,94.8
20200209,100
20200210,100
20200211,100
20200212,100
20200213,99.9
20200214,96.8
20200215,93
20200216,98.2
20200217,85.2
20200218,51.4
20200219,68.1
20200220,72.5
20200221,92.3
20200222,99.6
20200223,96.8
20200224,96
20200225,98.8
20200226,96.6
20200227,100
20200228,100
20200229,98.4
20200301,91.8
20200302,95.6
20200303,94.4
20200304,93.8
20200305,95
20200306,94.8
20200307,97.6
20200308,97.5
20200309,96.9
20200310,99.2
20200311,100
20200312,100
20200313,98.5
20200314,93
20200315,89.6
20200316,83.3
20200317,70.6
20200318,68
20200319,59.2
20200320,60.6
20200321,60.2
20200322,71.4
20200323,80.4
20200324,74.1
20200325,73.9
20200326,69
20200327,68.2
20200328,64
20200329,78.9
20200330,89.6
20200331,80
20200401,64.4
20200402,65.3
20200403,74.6
20200404,83.8
20200405,63.6
20200406,65
20200407,64.5
20200408,62.3
20200409,57.9
20200410,52.2
20200411,48.6
20200412,25.4
20200413,16.2
20200414,0
20200415,0
20200416,0
20200417,0
20200418,0
20200419,0
20200420,0
20200421,0
20200422,0
20200423,0
20200424,0
20200425,0
20200426,0
20200427,0
20200428,0
20200429,0
20200430,0
20200501,0
20200502,0
20200503,0
20200504,0
20200505,0
20200506,0
20200507,0
20200508,0
20200509,0
20200510,0
20200511,0
20200512,0
20200513,0
20200514,0
20200515,0
20200516,0
20200517,0
20200518,0
20200519,0
20200520,0
20200521,0
20200522,0
20200523,0
20200524,0
20200525,0
20200526,0
20200527,0
20200528,0
20200529,0
20200530,0
20200531,0
20200601,0
20200602,0
20200603,0
20200604,0
20200605,0
20200606,0
20200607,0
20200608,0
20200609,0
20200610,0
20200611,0
20200612,0
20200613,0
20200614,0
20200615,0
20200616,0
20200617,0
20200618,0
20200619,0
20200620,0
20200621,0
20200622,0
20200623,0
20200624,0
20200625,0
20200626,0
20200627,0
20200628,0
20200629,0
20200630,0
20200701,0
20200702,0
20200703,0
20200704,0
20200705,0
20200706,0
20200707,0
20200708,0
20200709,0
20200710,0
20200711,0
20200712,0
20200713,0
20200714,0
20200715,0
20200716,0
20200717,0
20200718,0
20200719,0
20200720,0
20200721,0
20200722,0
20200723,0
20200724,0
20200725,0
20200726,0
20200727,0
20200728,0
20200729,0
20200730,0
20200731,0
20200801,0
20200802,0
20200803,0
20200804,0
20200805,0
20200806,0
20200807,0
20200808,0
20200809,0
20200810,0
20200811,0
20200812,0
20200813,0
20200814,0
20200815,0
20200816,0
20200817,0
20200818,0
20200819,0
20200820,0
20200821,0
20200822,0
20200823,0
20200824,0
20200825,0
20200826,0
20200827,0
20200828,0
20200829,0
20200830,0
20200831,0
20200901,0
20200902,0
20200903,0
20200904,0
20200905,0
20200906,0
20200907,0
20200908,0
20200909,0
20200910,0
20200911,0
20200912,0
20200913,0
20200914,0
20200915,0
20200916,0
20200917,0
20200918,0
20200919,0
20200920,0
20200921,0
20200922,0
20200923,0
20200924,0
20200925,0
20200926,0
20200927,0
20200928,0
20200929,0
20200930,0
20201001,0
20201002,0
20201003,0
20201004,0
20201005,0
20201006,0
20201007,0
20201008,0
20201009,0
20201010,0
20201011,0
20201012,0
20201013,0
20201014,0
20201015,0
20201016,0
20201017,0
20201018,0
20201019,0
20201020,0
20201021,0
20201022,0
20201023,0
20201024,0
20201025,0
20201026,0
20201027,0
20201028,0
20201029,0
20201030,0
20201031,0
20201101,0
20201102,0
20201103,0
20201104,0
20201105,0
20201106,0
20201107,0
20201108,0
20201109,0
20201110,0
20201111,0
20201112,0
20201113,0
20201114,0
20201115,0
20201116,0
20201117,0
20201118,0
20201119,0
20201120,0
20201121,0
20201122,0
20201123,0
20201124,0
20201125,0
20201126,0
20201127,0
20201128,0
20201129,0
20201130,0
20201201,0
20201202,0
20201203,0
20201204,0
20201205,0
20201206,4
20201207,6
20201208,11.5
20201209,11.2
20201210,14.7
20201211,0
20201212,0
20201213,0
20201214,0
20201215,0
20201216,0
20201217,0
20201218,0
20201219,0
20201220,0
20201221,0
20201222,0
20201223,0
20201224,0
20201225,0
20201226,0
20201227,0
20201228,0
20201229,0
20201230,0
20201231,0
20210101,0
20210102,0
20210103,0
20210104,0
20210105,0
20210106,5.4
20210107,18.6
20210108,40.3
20210109,48.2
20210110,50.4
20210111,60.8
20210112,63.6
20210113,66.8
20210114,70.9
20210115,74.2
20210116,83.6
20210117,80.4
20210118,92.8
20210119,93.2
20210120,97.1
20210121,79.2
20210122,73.9
20210123,34
20210124,52.3
20210125,45.6
20210126,52.1
20210127,27.2
20210128,32
20210129,21.8
20210130,70.4
20210131,85.8
20210201,76.8
20210202,53.5
20210203,67.1
20210204,54.7
20210205,37.8
20210206,26.2
20210207,43.1
20210208,42.8
20210209,56.7
20210210,54.4
20210211,58.9
20210212,48.8
20210213,22.8
20210214,23.6
20210215,18.2
20210216,0
20210217,0
20210218,30.2
20210219,60.2
20210220,65.9
20210221,71.6
20210222,77.3
20210223,62.6
20210224,49.9
20210225,28.2
20210226,30.8
20210227,9
20210228,55.4
20210301,60.4
20210302,46.6
20210303,87
20210304,89.8
20210305,91.1
20210306,91.5
20210307,81.2
20210308,51.4
20210309,15
20210310,22.8
20210311,38.2
20210312,58.3
20210313,60.7
20210314,50.1
20210315,46.2
20210316,47.8
20210317,59
20210318,73.1
20210319,78.4
20210320,79.8
20210321,78.8
20210322,83.7
20210323,86
20210324,92.3
20210325,92
20210326,84.2
20210327,81.3
20210328,85.3
20210329,29.5
20210330,8.1
20210331,22.3
20210401,53.3
20210402,66.7
20210403,54.2
20210404,24.9
20210405,30.3
20210406,16.6
20210407,10.9
20210408,28.2
20210409,68.1
20210410,67.7
20210411,53
20210412,16.4
20210413,6
20210414,6.5
20210415,18
20210416,32.3
20210417,43.1
20210418,44.8
20210419,38.3
20210420,33.3
20210421,28.5
20210422,14.3
20210423,28.4
20210424,23.7
20210425,9.8
20210426,0
20210427,6.8
20210428,6.2
20210429,13.7
20210430,13.2
20210501,9.7
20210502,0
20210503,0
20210504,0
20210505,0
20210506,0
20210507,0
20210508,0
20210509,0
20210510,0
20210511,0
20210512,0
20210513,0
20210514,0
20210515,0
20210516,0
20210517,0
20210518,0
20210519,0
20210520,0
20210521,0
20210522,0
20210523,0
20210524,0
20210525,0
20210526,0
20210527,0
20210528,0
20210529,0
20210530,0
20210531,0
20210601,0
20210602,0
20210603,0
20210604,0
20210605,0
20210606,0
20210607,0
20210608,0
20210609,0
20210610,0
20210611,0
20210612,0
20210613,0
20210614,0
20210615,0
20210616,0
20210617,0
20210618,0
20210619,0
20210620,0
20210621,0
20210622,0
20210623,0
20210624,0
20210625,0
20210626,0
20210627,0
20210628,0
20210629,0
20210630,0
20210701,0
20210702,0
20210703,0
20210704,0
20210705,0
20210706,0
20210707,0
20210708,0
20210709,0
20210710,0
20210711,0
20210712,0
20210713,0
20210714,0
20210715,0
20210716,0
20210717,0
20210718,0
20210719,0
20210720,0
20210721,0
20210722,0
20210723,0
20210724,0
20210725,0
20210726,0
20210727,0
20210728,0
20210729,0
20210730,0
20210731,0
20210801,0
20210802,0
20210803,0
20210804,0
20210805,0
20210806,0
20210807,0
20210808,0
20210809,0
20210810,0
20210811,0
20210812,0
20210813,0
20210814,0
20210815,0
20210816,0
20210817,0
20210818,0
20210819,0
20210820,0
20210821,0
20210822,0
20210823,0
20210824,0
20210825,0
20210826,0
20210827,0
20210828,0
20210829,0
20210830,0
20210831,0
20210901,0
20210902,0
20210903,0
20210904,0
20210905,0
20210906,0
20210907,0
20210908,0
20210909,0
20210910,0
20210911,0
20210912,0
20210913,0
20210914,0
20210915,0
20210916,0
20210917,0
20210918,0
20210919,0
20210920,0
20210921,0
20210922,0
20210923,0
20210924,0
20210925,0
20210926,0
20210927,0
20210928,0
20210929,0
20210930,0
20211001,0
20211002,0
20211003,0
20211004,0
20211005,0
20211006,0
20211007,0
20211008,0
20211009,0
20211010,0
20211011,0
20211012,0
20211013,0
20211014,0
20211015,0
20211016,0
20211017,0
20211018,0
20211019,0
20211020,0
20211021,0
20211022,0
20211023,0
20211024,0
20211025,0
20211026,0
20211027,0
20211028,0
20211029,0
20211030,0
20211031,0
20211101,0
20211102,0
20211103,0
20211104,0
20211105,0
20211106,0
20211107,0
20211108,0
20211109,0
20211110,0
20211111,0
20211112,0
20211113,0
20211114,0
20211115,0
20211116,0
20211117,0
20211118,3
20211119,3.8
20211120,4.6
20211121,16.4
20211122,27.7
20211123,38.8
20211124,32.4
20211125,44.3
20211126,59.6
20211127,63.7
20211128,61.6
20211129,50
20211130,55.2
20211201,73.5
20211202,79.4
20211203,75.4
20211204,78.4
20211205,71.4
20211206,44.2
20211207,47
20211208,37
20211209,49
20211210,75.6
20211211,89.2
20211212,91.1
20211213,96.7
20211214,96.9
20211215,93.4
20211216,96.1
20211217,93.9
20211218,66.2
20211219,45.4
20211220,0
20211221,0
20211222,0
20211223,0
20211224,0
20211225,0
20211226,0
20211227,0
20211228,0
20211229,0
20211230,0
20211231,0
20220101,27.4
20220102,79.5
20220103,84.8
20220104,91.1
20220105,100
20220106,100
20220107,100
20220108,99.9
20220109,99.6
20220110,100
20220111,100
20220112,91.1
20220113,98.3
20220114,98.2
20220115,98.1
20220116,100
20220117,100
20220118,100
20220119,97.5
20220120,100
20220121,99
20220122,100
20220123,100
20220124,98.6
20220125,100
20220126,100
20220127,100
20220128,100
20220129,98.4
20220130,98
20220131,96.4
20220201,91.2
20220202,94.4
20220203,86.2
20220204,86.2
20220205,93.8
20220206,96.4
20220207,100
20220208,100
20220209,99.8
20220210,96.8
20220211,97.5
20220212,98.5
20220213,100
20220214,99.7
20220215,100
20220216,98.6
20220217,94
20220218,93
20220219,97.2
20220220,99.6
20220221,93.4
20220222,86.8
20220223,82.4
20220224,59.4
20220225,50.4
20220226,45.5
20220227,23.6
20220228,23.7
20220301,25.4
20220302,25.8
20220303,13.6
20220304,19.2
20220305,11.4
20220306,19.1
20220307,16.1
20220308,28.4
20220309,17.9
20220310,0
20220311,25.1
20220312,31
20220313,28
20220314,4.4
20220315,23.3
20220316,59.8
20220317,91.4
20220318,96.6
20220319,86.9
20220320,80.2
20220321,81.7
20220322,79.8
20220323,79.2
20220324,78.3
20220325,79.3
20220326,93
20220327,68.2
20220328,46.2
20220329,42
20220330,38.4
20220331,30
20220401,7
20220402,0
20220403,0
20220404,0
20220405,0
20220406,0
20220407,5.2
20220408,43.3
20220409,72.2
20220410,65.5
20220411,0
20220412,0
20220413,0
20220414,0
20220415,0
20220416,0
20220417,0
20220418,0
20220419,0
20220420,0
20220421,0
20220422,0
20220423,0
20220424,0
20220425,0
20220426,0
20220427,0
20220428,0
20220429,0
20220430,0
20220501,0
20220502,0
20220503,0
20220504,0
20220505,0
20220506,0
20220507,0
20220508,0
20220509,0
20220510,0
20220511,0
20220512,0
20220513,0
20220514,0
20220515,0
20220516,0
20220517,0
20220518,0
20220519,0
20220520,0
20220521,0
20220522,0
20220523,0
20220524,0
20220525,0
20220526,0
20220527,0
20220528,0
20220529,0
20220530,0
20220531,0
20220601,0
20220602,0
20220603,0
20220604,0
20220605,0
20220606,0
20220607,0
20220608,0
20220609,0
20220610,0
20220611,0
20220612,0
20220613,0
20220614,0
20220615,0
20220616,0
20220617,0
20220618,0
20220619,0
20220620,0
20220621,0
20220622,0
20220623,0
20220624,0
20220625,0
20220626,0
20220627,0
20220628,0
20220629,0
20220630,0
20220701,0
20220702,0
20220703,0
20220704,0
20220705,0
20220706,0
20220707,0
20220708,0
20220709,0
20220710,0
20220711,0
20220712,0
20220713,0
20220714,0
20220715,0
20220716,0
20220717,0
20220718,0
20220719,0
20220720,0
20220721,0
20220722,0
20220723,0
20220724,0
20220725,0
20220726,0
20220727,0
20220728,0
20220729,0
20220730,0
20220731,0
20220801,0
20220802,0
20220803,0
20220804,0
20220805,0
20220806,0
20220807,0
20220808,0
20220809,0
20220810,0
20220811,0
20220812,0
20220813,0
20220814,0
20220815,0
20220816,0
20220817,0
20220818,0
20220819,0
20220820,0
20220821,0
20220822,0
20220823,0
20220824,0
20220825,0
20220826,0
20220827,0
20220828,0
20220829,0
20220830,0
20220831,0
20220901,0
20220902,0
20220903,0
20220904,0
20220905,0
20220906,0
20220907,0
20220908,0
20220909,0
20220910,0
20220911,0
20220912,0
20220913,0
20220914,0
20220915,0
20220916,0
20220917,0
20220918,0
20220919,0
20220920,0
20220921,0
20220922,0
20220923,0
20220924,0
20220925,0
20220926,0
20220927,0
20220928,0
20220929,0
20220930,0
20221001,0
20221002,0
20221003,0
20221004,0
20221005,0
20221006,0
20221007,0
20221008,0
20221009,0
20221010,0
20221011,0
20221012,0
20221013,0
20221014,0
20221015,0
20221016,0
20221017,0
20221018,0
20221019,0
20221020,0
20221021,0
20221022,0
20221023,0
20221024,0
20221025,0
20221026,0
20221027,0
20221028,0
20221029,0
20221030,0
20221031,0
20221101,0
20221102,0
20221103,0
20221104,0
20221105,0
20221106,0
20221107,0
20221108,0
20221109,0
20221110,0
20221111,0
20221112,0
20221113,0
20221114,0
20221115,0
20221116,0
20221117,0
20221118,0
20221119,0
20221120,0
20221121,0
20221122,0
20221123,0
20221124,0
20221125,0
20221126,0
20221127,0
20221128,0
20221129,0
20221130,0
20221201,0
20221202,0
20221203,0
20221204,0
20221205,0
20221206,0
20221207,0
20221208,0
20221209,0
20221210,0
20221211,0
20221212,0
20221213,0
20221214,0
20221215,0
20221216,0
20221217,0
20221218,0
20221219,0
20221220,0
20221221,0
20221222,0
20221223,0
20221224,9.8
20221225,12.8
20221226,0
20221227,7.2
20221228,7.3
20221229,0
20221230,7.2
20221231,0
20230101,14
20230102,15.4
20230103,16.8
20230104,20.1
20230105,27
20230106,25.6
20230107,24.8
20230108,31
20230109,47
20230110,45.6
20230111,62
20230112,48
20230113,62.8
20230114,59.4
20230115,61
20230116,62.7
20230117,67.5
20230118,59.7
20230119,64.9
20230120,73.6
20230121,80.5
20230122,81.7
20230123,76.9
20230124,80.9
20230125,92.4
20230126,92.8
20230127,77.6
20230128,62.3
20230129,23
20230130,0
20230131,13.8
20230201,16.9
20230202,14
20230203,7.1
20230204,8.8
20230205,5.8
20230206,28.2
20230207,58.5
20230208,74.3
20230209,87.5
20230210,80.3
20230211,80.8
20230212,89.4
20230213,95.6
20230214,91.8
20230215,90.2
20230216,91
20230217,91.8
20230218,92.6
20230219,97.4
20230220,93.3
20230221,80.8
20230222,45.4
20230223,0
20230224,8.5
20230225,0
20230226,11.8
20230227,67.6
20230228,47.7
20230301,33.6
20230302,82.2
20230303,88.9
20230304,88.2
20230305,72.4
20230306,41.2
20230307,0
20230308,7.1
20230309,5.4
20230310,18.9
20230311,50.5
20230312,57
20230313,62.8
20230314,73.8
20230315,77.2
20230316,82.6
20230317,89.6
20230318,89.1
20230319,94.4
20230320,83.2
20230321,69.4
20230322,70.1
20230323,68.5
20230324,64.3
20230325,66.6
20230326,71.7
20230327,59.8
20230328,63.1
20230329,47.2
20230330,40.5
20230331,39.8
20230401,52.8
20230402,58.9
20230403,61.6
20230404,62.5
20230405,69
20230406,84.1
20230407,94.7
20230408,87.4
20230409,89.5
20230410,82.6
20230411,80.8
20230412,74
20230413,70.1
20230414,76.8
20230415,82.6
20230416,81.2
20230417,85.3
20230418,87.6
20230419,83.4
20230420,85.9
20230421,56.8
20230422,32.1
20230423,0
20230424,0
20230425,0
20230426,0
20230427,0
20230428,0
20230429,0
20230430,0
20230501,0
20230502,0
20230503,0
20230504,0
20230505,0
20230506,0
20230507,0
20230508,0
20230509,0
20230510,0
20230511,0
20230512,0
20230513,0
20230514,0
20230515,0
20230516,0
20230517,0
20230518,0
20230519,0
20230520,0
20230521,0
20230522,0
20230523,0
20230524,0
20230525,0
20230526,0
20230527,0
20230528,0
20230529,0
20230530,0
20230531,0
20230601,0
20230602,0
20230603,0
20230604,0
20230605,0
20230606,0
20230607,0
20230608,0
20230609,0
20230610,0
20230611,0
20230612,0
20230613,0
20230614,0
20230615,0
20230616,0
20230617,0
20230618,0
20230619,0
20230620,0
20230621,0
20230622,0
20230623,0
20230624,0
20230625,0
20230626,0
20230627,0
20230628,0
20230629,0
20230630,0
20230701,0
20230702,0
20230703,0
20230704,0
20230705,0
20230706,0
20230707,0
20230708,0
20230709,0
20230710,0
20230711,0
20230712,0
20230713,0
20230714,0
20230715,0
20230716,0
20230717,0
20230718,0
20230719,0
20230720,0
20230721,0
20230722,0
20230723,0
20230724,0
20230725,0
20230726,0
20230727,0
20230728,0
20230729,0
20230730,0
20230731,0
20230801,0
20230802,0
20230803,0
20230804,0
20230805,0
20230806,0
20230807,0
20230808,0
20230809,0
20230810,0
20230811,0
20230812,0
20230813,0
20230814,0
20230815,0
20230816,0
20230817,0
20230818,0
20230819,0
20230820,0
20230821,0
20230822,0
20230823,0
20230824,0
20230825,0
20230826,0
20230827,0
20230828,0
20230829,0
20230830,0
20230831,0
20230901,0
20230902,0
20230903,0
20230904,0
20230905,0
20230906,0
20230907,0
20230908,0
20230909,0
20230910,0
20230911,0
20230912,0
20230913,0
20230914,0
20230915,0
20230916,0
20230917,0
20230918,0
20230919,0
20230920,0
20230921,0
20230922,0
20230923,0
20230924,0
20230925,0
20230926,0
20230927,0
20230928,0
20230929,0
20230930,0
20231001,0
20231002,0
20231003,0
20231004,0
20231005,0
20231006,0
20231007,0
20231008,0
20231009,0
20231010,0
20231011,0
20231012,0
20231013,0
20231014,0
20231015,0
20231016,0
20231017,0
20231018,0
20231019,0
20231020,0
20231021,0
20231022,0
20231023,0
20231024,0
20231025,0
20231026,0
20231027,0
20231028,0
20231029,0
20231030,0
20231031,0
20231101,0
20231102,0
20231103,0
20231104,0
20231105,0
20231106,0
20231107,0
20231108,0
20231109,0
20231110,0
20231111,0
20231112,0
20231113,0
20231114,0
20231115,0
20231116,0
20231117,0
20231118,0
20231119,0
20231120,0
20231121,0
20231122,0
20231123,0
20231124,0
20231125,0
20231126,0
20231127,0
20231128,0
20231129,0
20231130,0
20231201,0
20231202,0
20231203,0
20231204,0
20231205,0
20231206,0
20231207,0
20231208,0
20231209,0
20231210,0
20231211,7
20231212,9.6
20231213,11.6
20231214,14.7
20231215,38.7
20231216,13.6
20231217,29.8
20231218,46.1
20231219,20.9
20231220,8.6
20231221,26.2
20231222,48.2
20231223,46.8
20231224,66.8
20231225,80.2
20231226,82.8
20231227,75.8
20231228,70
20231229,78.3
20231230,70.4
20231231,62.9
20240101,64.5
20240102,61.1
20240103,44.3
20240104,34.9
20240105,21.8
20240106,21.2
20240107,0
20240108,0
20240109,0
20240110,0
20240111,0
20240112,0
20240113,0
20240114,0
20240115,0
20240116,0
20240117,0
20240118,0
20240119,0
20240120,6.6
20240121,37
20240122,51.1
20240123,76.1
20240124,80.1
20240125,89.7
20240126,81.8
20240127,84
20240128,92.1
20240129,91
20240130,91.4
20240131,95.9
20240201,96.6
20240202,91.8
20240203,83.4
20240204,69.7
20240205,61.9
20240206,39.7
20240207,8.8
20240208,0
20240209,0
20240210,0
20240211,5
20240212,13.5
20240213,22.6
20240214,58.8
20240215,76.9
20240216,89
20240217,83.6
20240218,77.2
20240219,69
20240220,70.7
20240221,60
20240222,44.4
20240223,26.7
20240224,22.2
20240225,29.3
20240226,38.1
20240227,70.4
20240228,86.3
20240229,92
20240301,97.2
20240302,96
20240303,93.5
20240304,88.1
20240305,80.1
20240306,73
20240307,66
20240308,77.6
20240309,90.5
20240310,94.5
20240311,99.2
20240312,98.2
20240313,95.8
20240314,94.8
20240315,92.1
20240316,93.7
20240317,94.2
20240318,92.4
20240319,74.7
20240320,76.8
20240321,77.2
20240322,57.6
20240323,55.2
20240324,0
20240325,27.1
20240326,71.4
20240327,71.4
20240328,40.5
20240329,27.9
20240330,21.6
20240331,16.9
20240401,43.4
20240402,79.6
20240403,66.3
20240404,59
20240405,42.6
20240406,42.9
20240407,31.4
20240408,33.7
20240409,61
20240410,86.2
20240411,91.5
20240412,69
20240413,77.4
20240414,70.9
20240415,65.2
20240416,58
20240417,51.9
20240418,58.4
20240419,57.8
20240420,50.8
20240421,43.4
20240422,46.1
20240423,19.2
20240424,0
20240425,0
20240426,0
20240427,0
20240428,0
20240429,0
20240430,0
20240501,0
20240502,0
20240503,0
20240504,0
20240505,0
20240506,0
20240507,0
20240508,0
20240509,0
20240510,0
20240511,0
20240512,0
20240513,0
20240514,0
20240515,0
20240516,0
20240517,0
20240518,0
20240519,0
20240520,0
20240521,0
20240522,0
20240523,0
20240524,0
20240525,0
20240526,0
20240527,0
20240528,0
20240529,0
20240530,0
20240531,0
20240601,0
20240602,0
20240603,0
20240604,0
20240605,0
20240606,0
20240607,0
20240608,0
20240609,0
20240610,0
20240611,0
20240612,0
20240613,0
20240614,0
20240615,0
20240616,0
20240617,0
20240618,0
20240619,0
20240620,0
20240621,0
20240622,0
20240623,0
20240624,0
20240625,0
20240626,0
20240627,0
20240628,0
20240629,0
20240630,0
20240701,0
20240702,0
20240703,0
20240704,0
20240705,0
20240706,0
20240707,0
20240708,0
20240709,0
20240710,0
20240711,0
20240712,0
20240713,0
20240714,0
20240715,0
20240716,0
20240717,0
20240718,0
20240719,0
20240720,0
20240721,0
20240722,0
20240723,0
20240724,0
20240725,0
20240726,0
20240727,0
20240728,0
20240729,0
20240730,0
20240731,0
20240801,0
20240802,0
20240803,0
20240804,0
20240805,0
20240806,0
20240807,0
20240808,0
20240809,0
20240810,0
20240811,0
20240812,0
20240813,0
20240814,0
20240815,0
20240816,0
20240817,0
20240818,0
20240819,0
20240820,0
20240821,0
20240822,0
20240823,0
20240824,0
20240825,0
20240826,0
20240827,0
20240828,0
20240829,0
20240830,0
20240831,0
20240901,0
20240902,0
20240903,0
20240904,0
20240905,0
20240906,0
20240907,0
20240908,0
20240909,0
20240910,0
20240911,0
20240912,0
20240913,0
20240914,0
20240915,0
20240916,0
20240917,0
20240918,0
20240919,0
20240920,0
20240921,0
20240922,0
20240923,0
20240924,0
20240925,0
20240926,0
20240927,0
20240928,0
20240929,0
20240930,0
20241001,0
20241002,0
20241003,0
20241004,0
20241005,0
20241006,0
20241007,0
20241008,0
20241009,0
20241010,0
20241011,0
20241012,0
20241013,0
20241014,0
20241015,0
20241016,0
20241017,0
20241018,0
20241019,0
20241020,0
20241021,0
20241022,0
20241023,0
20241024,0
20241025,0
20241026,0
20241027,0
20241028,0
20241029,0
20241030,0
20241031,0
20241101,0
20241102,0
20241103,0
20241104,0
20241105,0
20241106,0
20241107,0
20241108,0
20241109,0
20241110,0
20241111,0
20241112,0
20241113,0
20241114,0
20241115,0
20241116,0
20241117,0
20241118,0
20241119,0
20241120,0
20241121,0
20241122,0
20241123,0
20241124,0
20241125,0
20241126,0
20241127,0
20241128,0
20241129,0
20241130,0
20241201,0
20241202,0
20241203,0
20241204,0
20241205,0
20241206,0
20241207,0
20241208,0
20241209,0
20241210,0
20241211,0
20241212,0
20241213,0
20241214,0
20241215,0
20241216,0
20241217,0
20241218,0
20241219,0
20241220,0
20241221,0
20241222,0
20241223,0
20241224,0
20241225,0
20241226,0
20241227,0
20241228,0
20241229,0
20241230,0
20241231,0
