Time,ICE
19910101,91.7
19910102,90.4
19910103,75.8
19910104,68.6
19910105,77.6
19910106,89.6
19910107,99.5
19910108,99.9
19910109,99.5
19910110,96.4
19910111,93.3
19910112,89.7
19910113,95.8
19910114,96
19910115,95.6
19910116,91.4
19910117,96
19910118,97.2
19910119,87.4
19910120,91.1
19910121,97
19910122,99
19910123,98.4
19910124,98.6
19910125,98.7
19910126,95.4
19910127,92.1
19910128,74.1
19910129,94.6
19910130,92.8
19910131,91.9
19910201,85.7
19910202,86.5
19910203,88.7
19910204,91.4
19910205,86.1
19910206,91.5
19910207,93.2
19910208,97.3
19910209,94.1
19910210,89.2
19910211,89
19910212,88.8
19910213,98.7
19910214,99.1
19910215,93.1
19910216,95.9
19910217,97.1
19910218,93.9
19910219,95.9
19910220,95.3
19910221,95.3
19910222,95.9
19910223,93
19910224,99
19910225,97.3
19910226,90.7
19910227,84.3
19910228,77.7
19910301,70.8
19910302,75.9
19910303,70
19910304,62.8
19910305,67.4
19910306,76.7
19910307,78.6
19910308,82.1
19910309,85.7
19910310,89.2
19910311,92.7
19910312,92.5
19910313,94.7
19910314,97.3
19910315,98.3
19910316,99.5
19910317,97.7
19910318,95.9
19910319,94.5
19910320,96.6
19910321,96.3
19910322,99
19910323,99.1
19910324,100
19910325,100
19910326,99.6
19910327,99.9
19910328,95.9
19910329,100
19910330,99.2
19910331,99.6
19910401,97.9
19910402,93.1
19910403,88.3
19910404,85.9
19910405,84.7
19910406,96.7
19910407,93.9
19910408,79.2
19910409,79.6
19910410,89.3
19910411,88.7
19910412,85
19910413,69.3
19910414,70.9
19910415,72.3
19910416,73.3
19910417,68.4
19910418,69
19910419,55.5
19910420,54.7
19910421,51.5
19910422,59.8
19910423,41.3
19910424,38.6
19910425,35.3
19910426,43.2
19910427,40.9
19910428,34.7
19910429,39.3
19910430,31.2
19910501,23
19910502,23.1
19910503,16.9
19910504,13.8
19910505,6.4
19910506,0
19910507,0
19910508,0
19910509,12.2
19910510,0
19910511,0
19910512,0
19910513,0
19910514,0
19910515,0
19910516,0
19910517,0
19910518,0
19910519,0
19910520,0
19910521,0
19910522,0
19910523,0
19910524,0
19910525,0
19910526,0
19910527,0
19910528,0
19910529,0
19910530,0
19910531,0
19910601,0
19910602,0
19910603,0
19910604,0
19910605,0
19910606,0
19910607,0
19910608,0
19910609,0
19910610,0
19910611,0
19910612,0
19910613,0
19910614,0
19910615,0
19910616,0
19910617,0
19910618,0
19910619,0
19910620,0
19910621,0
19910622,0
19910623,0
19910624,0
19910625,0
19910626,0
19910627,0
19910628,0
19910629,0
19910630,0
19910701,0
19910702,0
19910703,0
19910704,0
19910705,0
19910706,0
19910707,0
19910708,0
19910709,0
19910710,0
19910711,0
19910712,0
19910713,0
19910714,0
19910715,0
19910716,0
19910717,0
19910718,0
19910719,0
19910720,0
19910721,0
19910722,0
19910723,0
19910724,0
19910725,0
19910726,0
19910727,0
19910728,0
19910729,0
19910730,0
19910731,0
19910801,0
19910802,0
19910803,0
19910804,0
19910805,0
19910806,0
19910807,0
19910808,0
19910809,0
19910810,0
19910811,0
19910812,0
19910813,0
19910814,0
19910815,0
19910816,0
19910817,0
19910818,0
19910819,0
19910820,0
19910821,0
19910822,0
19910823,0
19910824,0
19910825,0
19910826,0
19910827,0
19910828,0
19910829,0
19910830,0
19910831,0
19910901,0
19910902,0
19910903,0
19910904,0
19910905,0
19910906,0
19910907,0
19910908,0
19910909,0
19910910,0
19910911,0
19910912,0
19910913,0
19910914,0
19910915,0
19910916,0
19910917,0
19910918,0
19910919,0
19910920,0
19910921,0
19910922,0
19910923,0
19910924,0
19910925,0
19910926,0
19910927,0
19910928,0
19910929,0
19910930,0
19911001,0
19911002,0
19911003,0
19911004,0
19911005,0
19911006,0
19911007,0
19911008,0
19911009,0
19911010,0
19911011,0
19911012,0
19911013,0
19911014,0
19911015,0
19911016,0
19911017,0
19911018,0
19911019,0
19911020,0
19911021,0
19911022,0
19911023,0
19911024,0
19911025,0
19911026,0
19911027,0
19911028,0
19911029,0
19911030,0
19911031,0
19911101,0
19911102,0
19911103,0
19911104,0
19911105,0
19911106,0
19911107,0
19911108,0
19911109,0
19911110,0
19911111,0
19911112,0
19911113,28.2
19911114,26
19911115,15.7
19911116,31.2
19911117,48.2
19911118,50.1
19911119,45.6
19911120,59.9
19911121,46.6
19911122,54.4
19911123,66.6
19911124,75.8
19911125,88
19911126,89.8
19911127,71.4
19911128,67.2
19911129,69.2
19911130,70.4
19911201,71.2
19911202,73.9
19911203,68.4
19911204,71.6
19911205,92
19911206,87.6
19911207,85.8
19911208,87.2
19911209,86
19911210,81.3
19911211,80.3
19911212,90
19911213,83.6
19911214,69.6
19911215,59.5
19911216,75.7
19911217,82.4
19911218,87.6
19911219,94.5
19911220,97
19911221,93.4
19911222,80.7
19911223,82.2
19911224,82.8
19911225,95.6
19911226,91.3
19911227,96.5
19911228,98.9
19911229,99.8
19911230,99.3
19911231,99.9
19920101,99.5
19920102,94.2
19920103,96.3
19920104,98.7
19920105,93.1
19920106,77.4
19920107,79.3
19920108,98.8
19920109,89.3
19920110,98.7
19920111,95.1
19920112,93.8
19920113,90.2
19920114,86.6
19920115,87.2
19920116,95.6
19920117,97.6
19920118,92.4
19920119,94.2
19920120,100
19920121,99.3
19920122,97.7
19920123,93.7
19920124,92.8
19920125,89.4
19920126,89
19920127,93.3
19920128,95.9
19920129,98.8
19920130,98.7
19920131,98.3
19920201,96.9
19920202,97.4
19920203,97.5
19920204,97.4
19920205,92.1
19920206,96
19920207,96.6
19920208,97.1
19920209,97.8
19920210,98.5
19920211,98.5
19920212,100
19920213,99.9
19920214,99.9
19920215,100
19920216,100
19920217,100
19920218,99.9
19920219,99
19920220,100
19920221,96.7
19920222,94.7
19920223,93.4
19920224,91.2
19920225,91.6
19920226,94.8
19920227,95.5
19920228,94.4
19920229,97.9
19920301,96.9
19920302,99.1
19920303,99.6
19920304,100
19920305,88.9
19920306,84.2
19920307,90.5
19920308,88.1
19920309,79.4
19920310,85.6
19920311,91.4
19920312,96.9
19920313,99.6
19920314,94.7
19920315,90.9
19920316,75.8
19920317,73
19920318,64
19920319,63.2
19920320,55.3
19920321,81.7
19920322,83.8
19920323,78.2
19920324,69.7
19920325,80.6
19920326,92.3
19920327,94.3
19920328,96.2
19920329,95.3
19920330,94.8
19920331,83.2
19920401,83.6
19920402,82.3
19920403,68.5
19920404,64.8
19920405,61.1
19920406,54.4
19920407,60.2
19920408,56.6
19920409,64.4
19920410,57.8
19920411,68.4
19920412,83.3
19920413,92.3
19920414,89.4
19920415,66.6
19920416,54.8
19920417,49
19920418,52
19920419,44.2
19920420,40.2
19920421,49.2
19920422,52.5
19920423,45.1
19920424,55.4
19920425,48.8
19920426,52.5
19920427,45.6
19920428,45.6
19920429,44
19920430,29.7
19920501,37.1
19920502,52.8
19920503,40.5
19920504,23.6
19920505,30.5
19920506,45.4
19920507,31.4
19920508,14
19920509,32.2
19920510,45.3
19920511,48.9
19920512,17.6
19920513,35.3
19920514,37.3
19920515,37.8
19920516,35.7
19920517,34.8
19920518,44.4
19920519,41.7
19920520,38.8
19920521,37.7
19920522,14.6
19920523,24.7
19920524,19.5
19920525,16.2
19920526,12.4
19920527,16.5
19920528,18.7
19920529,15.2
19920530,15.3
19920531,14.2
19920601,13.2
19920602,12.9
19920603,10.1
19920604,13.5
19920605,0
19920606,0
19920607,0
19920608,0
19920609,0
19920610,0
19920611,0
19920612,0
19920613,0
19920614,0
19920615,0
19920616,0
19920617,0
19920618,0
19920619,0
19920620,0
19920621,0
19920622,0
19920623,0
19920624,0
19920625,0
19920626,0
19920627,0
19920628,0
19920629,0
19920630,0
19920701,0
19920702,0
19920703,0
19920704,0
19920705,0
19920706,0
19920707,0
19920708,0
19920709,0
19920710,0
19920711,0
19920712,0
19920713,0
19920714,0
19920715,0
19920716,0
19920717,0
19920718,0
19920719,0
19920720,0
19920721,0
19920722,0
19920723,0
19920724,0
19920725,0
19920726,0
19920727,0
19920728,0
19920729,0
19920730,0
19920731,0
19920801,0
19920802,0
19920803,0
19920804,0
19920805,0
19920806,0
19920807,0
19920808,0
19920809,0
19920810,0
19920811,0
19920812,0
19920813,0
19920814,0
19920815,0
19920816,0
19920817,0
19920818,0
19920819,0
19920820,0
19920821,0
19920822,0
19920823,0
19920824,0
19920825,0
19920826,0
19920827,0
19920828,0
19920829,0
19920830,0
19920831,0
19920901,0
19920902,0
19920903,0
19920904,0
19920905,0
19920906,0
19920907,0
19920908,0
19920909,0
19920910,0
19920911,0
19920912,0
19920913,0
19920914,0
19920915,0
19920916,0
19920917,0
19920918,0
19920919,0
19920920,0
19920921,0
19920922,0
19920923,0
19920924,0
19920925,0
19920926,0
19920927,0
19920928,0
19920929,0
19920930,0
19921001,0
19921002,0
19921003,0
19921004,0
19921005,0
19921006,0
19921007,0
19921008,0
19921009,0
19921010,0
19921011,0
19921012,0
19921013,0
19921014,0
19921015,0
19921016,0
19921017,0
19921018,0
19921019,0
19921020,0
19921021,0
19921022,0
19921023,0
19921024,6.7
19921025,0
19921026,0
19921027,0
19921028,29.4
19921029,35.5
19921030,39.9
19921031,48.1
19921101,60.2
19921102,72.3
19921103,69.2
19921104,68.3
19921105,68.5
19921106,78.3
19921107,62.4
19921108,46.5
19921109,36.5
19921110,34.7
19921111,50.1
19921112,39.6
19921113,27.4
19921114,54.4
19921115,60.1
19921116,70.2
19921117,69.7
19921118,76.3
19921119,85.2
19921120,82.2
19921121,68.5
19921122,70.2
19921123,76
19921124,79
19921125,84.1
19921126,91.3
19921127,84.9
19921128,72.3
19921129,74.6
19921130,85.5
19921201,85.3
19921202,70.9
19921203,76.1
19921204,86.4
19921205,75.6
19921206,84.5
19921207,94.1
19921208,90.5
19921209,92.8
19921210,93.1
19921211,93.3
19921212,93.8
19921213,87.5
19921214,87.8
19921215,94.4
19921216,95.2
19921217,100
19921218,100
19921219,96.5
19921220,96.9
19921221,99.6
19921222,96.8
19921223,95.3
19921224,93.5
19921225,97.1
19921226,96.9
19921227,96.5
19921228,92.5
19921229,88.4
19921230,93.2
19921231,87.7
19930101,81.8
19930102,90.4
19930103,92.9
19930104,81
19930105,69.2
19930106,57.6
19930107,47.6
19930108,53.4
19930109,59.1
19930110,52.6
19930111,43
19930112,34.8
19930113,37.7
19930114,37.5
19930115,38.6
19930116,52.8
19930117,77.4
19930118,80
19930119,84.3
19930120,86.2
19930121,90
19930122,90.1
19930123,91.1
19930124,86.4
19930125,84.3
19930126,86.6
19930127,84.3
19930128,80
19930129,84.2
19930130,85.9
19930131,90.4
19930201,97.7
19930202,97.8
19930203,98.9
19930204,95.5
19930205,85
19930206,84.7
19930207,86.5
19930208,91.9
19930209,95.8
19930210,89
19930211,83
19930212,92.6
19930213,79.5
19930214,81.1
19930215,88
19930216,89.1
19930217,84
19930218,82
19930219,77.5
19930220,68.6
19930221,61.9
19930222,52.8
19930223,53.8
19930224,49.7
19930225,53.9
19930226,45.6
19930227,41
19930228,52.7
19930301,59.3
19930302,81.1
19930303,75.3
19930304,82.4
19930305,78.1
19930306,71
19930307,75.3
19930308,80.4
19930309,87.7
19930310,78.7
19930311,75.1
19930312,86.9
19930313,83
19930314,82.7
19930315,85.4
19930316,71.2
19930317,51.3
19930318,45.2
19930319,45.8
19930320,59.9
19930321,57.9
19930322,46
19930323,69.1
19930324,84
19930325,79.7
19930326,65.2
19930327,61.4
19930328,57.5
19930329,50
19930330,43.1
19930331,56
19930401,40.2
19930402,30.4
19930403,45.2
19930404,47.6
19930405,32.5
19930406,31.8
19930407,39.4
19930408,6.9
19930409,15
19930410,0
19930411,0
19930412,0
19930413,0
19930414,0
19930415,8.2
19930416,0
19930417,0
19930418,0
19930419,14.4
19930420,35.3
19930421,0
19930422,0
19930423,0
19930424,0
19930425,0
19930426,0
19930427,0
19930428,0
19930429,0
19930430,0
19930501,0
19930502,0
19930503,0
19930504,0
19930505,0
19930506,0
19930507,0
19930508,0
19930509,0
19930510,0
19930511,0
19930512,0
19930513,0
19930514,0
19930515,0
19930516,0
19930517,0
19930518,0
19930519,0
19930520,0
19930521,0
19930522,0
19930523,0
19930524,0
19930525,0
19930526,0
19930527,0
19930528,0
19930529,0
19930530,0
19930531,0
19930601,0
19930602,0
19930603,0
19930604,0
19930605,0
19930606,0
19930607,0
19930608,0
19930609,0
19930610,0
19930611,0
19930612,0
19930613,0
19930614,0
19930615,0
19930616,0
19930617,0
19930618,0
19930619,0
19930620,0
19930621,0
19930622,0
19930623,0
19930624,0
19930625,0
19930626,0
19930627,0
19930628,0
19930629,0
19930630,0
19930701,0
19930702,0
19930703,0
19930704,0
19930705,0
19930706,0
19930707,0
19930708,0
19930709,0
19930710,0
19930711,0
19930712,0
19930713,0
19930714,0
19930715,0
19930716,0
19930717,0
19930718,0
19930719,0
19930720,0
19930721,0
19930722,0
19930723,0
19930724,0
19930725,0
19930726,0
19930727,0
19930728,0
19930729,0
19930730,0
19930731,0
19930801,0
19930802,0
19930803,0
19930804,0
19930805,0
19930806,0
19930807,0
19930808,0
19930809,0
19930810,0
19930811,0
19930812,0
19930813,0
19930814,0
19930815,0
19930816,0
19930817,0
19930818,0
19930819,0
19930820,0
19930821,0
19930822,0
19930823,0
19930824,0
19930825,0
19930826,0
19930827,0
19930828,0
19930829,0
19930830,0
19930831,0
19930901,0
19930902,0
19930903,0
19930904,0
19930905,0
19930906,0
19930907,0
19930908,0
19930909,0
19930910,0
19930911,0
19930912,0
19930913,0
19930914,0
19930915,0
19930916,0
19930917,0
19930918,0
19930919,0
19930920,0
19930921,0
19930922,0
19930923,0
19930924,0
19930925,0
19930926,0
19930927,0
19930928,0
19930929,0
19930930,0
19931001,0
19931002,0
19931003,0
19931004,0
19931005,0
19931006,0
19931007,0
19931008,0
19931009,0
19931010,0
19931011,0
19931012,0
19931013,0
19931014,0
19931015,0
19931016,0
19931017,0
19931018,0
19931019,0
19931020,0
19931021,0
19931022,0
19931023,0
19931024,0
19931025,0
19931026,0
19931027,0
19931028,0
19931029,0
19931030,0
19931031,0
19931101,0
19931102,0
19931103,0
19931104,0
19931105,0
19931106,0
19931107,0
19931108,0
19931109,0
19931110,0
19931111,0
19931112,0
19931113,0
19931114,0
19931115,0
19931116,0
19931117,0
19931118,0
19931119,0
19931120,0
19931121,0
19931122,6.6
19931123,0
19931124,0
19931125,0
19931126,20.4
19931127,12.8
19931128,0
19931129,13.7
19931130,34.5
19931201,31.8
19931202,0
19931203,32.9
19931204,34.1
19931205,39.3
19931206,0
19931207,40.9
19931208,38.1
19931209,45.9
19931210,53.7
19931211,57.8
19931212,68.5
19931213,69
19931214,78.1
19931215,78.4
19931216,76.1
19931217,88.6
19931218,77.5
19931219,78
19931220,75.8
19931221,63.1
19931222,66.4
19931223,84.9
19931224,89.5
19931225,88
19931226,69.5
19931227,62.2
19931228,48
19931229,59.3
19931230,61.9
19931231,61.5
19940101,82.5
19940102,92.3
19940103,97.9
19940104,91.5
19940105,88.8
19940106,95.1
19940107,96.9
19940108,98.6
19940109,96.8
19940110,98.7
19940111,90.8
19940112,94
19940113,94.6
19940114,91.3
19940115,93.7
19940116,92.2
19940117,92.7
19940118,94.8
19940119,98
19940120,99.9
19940121,97.1
19940122,98.2
19940123,96.3
19940124,98.1
19940125,88.6
19940126,88.1
19940127,91.2
19940128,97.1
19940129,87.7
19940130,76.2
19940131,70.2
19940201,49.1
19940202,37.5
19940203,38.9
19940204,36.5
19940205,40.9
19940206,47.7
19940207,25.1
19940208,29
19940209,30.3
19940210,41.1
19940211,51.3
19940212,74.7
19940213,88.5
19940214,87.6
19940215,93.8
19940216,98.1
19940217,94.1
19940218,96.5
19940219,96.9
19940220,96.7
19940221,92.1
19940222,90.1
19940223,85.4
19940224,86.6
19940225,83.6
19940226,86.7
19940227,85.2
19940228,85.2
19940301,87
19940302,88.3
19940303,86.5
19940304,91.1
19940305,91.9
19940306,86.2
19940307,89.3
19940308,80.7
19940309,79.1
19940310,70.4
19940311,64.3
19940312,70.6
19940313,87
19940314,84.5
19940315,91.2
19940316,91.6
19940317,88.9
19940318,91.3
19940319,86.1
19940320,88.9
19940321,88
19940322,85.5
19940323,85.7
19940324,85.5
19940325,86.5
19940326,89.8
19940327,90.9
19940328,84.3
19940329,89.1
19940330,89.1
19940331,89.2
19940401,83.4
19940402,83.5
19940403,90.1
19940404,86.6
19940405,79.5
19940406,74
19940407,72.8
19940408,48
19940409,60.4
19940410,64.8
19940411,64.2
19940412,60
19940413,58.5
19940414,70.2
19940415,73
19940416,87.3
19940417,73.4
19940418,63.4
19940419,58.5
19940420,54.3
19940421,46.8
19940422,45.4
19940423,49.4
19940424,73.3
19940425,57.4
19940426,43.1
19940427,41.1
19940428,38.6
19940429,32.5
19940430,33.8
19940501,31.4
19940502,40.3
19940503,36
19940504,12.3
19940505,20.9
19940506,19.8
19940507,11.5
19940508,18.8
19940509,24.9
19940510,9.3
19940511,9.4
19940512,11.9
19940513,5.6
19940514,0
19940515,5.3
19940516,5.4
19940517,4.9
19940518,5.3
19940519,0
19940520,0
19940521,0
19940522,0
19940523,0
19940524,5.2
19940525,3.2
19940526,3.3
19940527,4.5
19940528,0
19940529,0
19940530,0
19940531,0
19940601,0
19940602,0
19940603,0
19940604,0
19940605,0
19940606,0
19940607,10.8
19940608,5.4
19940609,0
19940610,0
19940611,12.2
19940612,11.1
19940613,0
19940614,0
19940615,0
19940616,0
19940617,0
19940618,0
19940619,0
19940620,0
19940621,0
19940622,0
19940623,0
19940624,0
19940625,0
19940626,0
19940627,0
19940628,0
19940629,0
19940630,0
19940701,0
19940702,0
19940703,0
19940704,0
19940705,0
19940706,0
19940707,0
19940708,0
19940709,0
19940710,0
19940711,0
19940712,0
19940713,0
19940714,0
19940715,0
19940716,0
19940717,0
19940718,0
19940719,0
19940720,0
19940721,0
19940722,0
19940723,0
19940724,0
19940725,0
19940726,0
19940727,0
19940728,0
19940729,0
19940730,0
19940731,0
19940801,0
19940802,0
19940803,0
19940804,0
19940805,0
19940806,0
19940807,0
19940808,0
19940809,0
19940810,0
19940811,0
19940812,0
19940813,0
19940814,0
19940815,0
19940816,0
19940817,0
19940818,0
19940819,0
19940820,0
19940821,0
19940822,0
19940823,0
19940824,0
19940825,0
19940826,0
19940827,0
19940828,0
19940829,0
19940830,0
19940831,0
19940901,0
19940902,0
19940903,0
19940904,0
19940905,0
19940906,0
19940907,0
19940908,0
19940909,0
19940910,0
19940911,0
19940912,0
19940913,0
19940914,0
19940915,0
19940916,0
19940917,0
19940918,0
19940919,0
19940920,0
19940921,0
19940922,0
19940923,0
19940924,0
19940925,0
19940926,0
19940927,0
19940928,0
19940929,0
19940930,0
19941001,0
19941002,0
19941003,0
19941004,0
19941005,0
19941006,0
19941007,0
19941008,0
19941009,0
19941010,0
19941011,0
19941012,0
19941013,0
19941014,0
19941015,0
19941016,0
19941017,0
19941018,0
19941019,0
19941020,0
19941021,0
19941022,0
19941023,0
19941024,0
19941025,0
19941026,0
19941027,0
19941028,0
19941029,0
19941030,0
19941031,0
19941101,0
19941102,0
19941103,0
19941104,0
19941105,0
19941106,0
19941107,0
19941108,0
19941109,0
19941110,0
19941111,0
19941112,0
19941113,0
19941114,0
19941115,0
19941116,0
19941117,0
19941118,0
19941119,0
19941120,27.8
19941121,34.4
19941122,39.6
19941123,60.2
19941124,59
19941125,57.7
19941126,51.7
19941127,41
19941128,69
19941129,85
19941130,87.6
19941201,85.7
19941202,81.5
19941203,74.2
19941204,88
19941205,92.5
19941206,93.7
19941207,94.6
19941208,92.6
19941209,89.5
19941210,87.6
19941211,94.3
19941212,92.6
19941213,90.2
19941214,97.1
19941215,100
19941216,100
19941217,95.4
19941218,93.2
19941219,88.4
19941220,88
19941221,86.3
19941222,87
19941223,93.9
19941224,90.8
19941225,79.6
19941226,90.5
19941227,88.1
19941228,89.3
19941229,95.8
19941230,97.8
19941231,89.8
19950101,92.7
19950102,94.1
19950103,86.8
19950104,77.1
19950105,65.3
19950106,64.6
19950107,67.8
19950108,65.8
19950109,78.6
19950110,92
19950111,99
19950112,88.5
19950113,91.2
19950114,97.8
19950115,96.3
19950116,83.9
19950117,74.9
19950118,83.6
19950119,94.5
19950120,97.5
19950121,96.3
19950122,93.3
19950123,95.2
19950124,94.8
19950125,92.3
19950126,94.9
19950127,92.1
19950128,81.6
19950129,86
19950130,89.1
19950131,90.8
19950201,89.5
19950202,83.7
19950203,69.5
19950204,77.9
19950205,71.5
19950206,81.8
19950207,96.6
19950208,96.8
19950209,92.3
19950210,92.9
19950211,93.1
19950212,82.7
19950213,75.5
19950214,80.3
19950215,78.9
19950216,82.6
19950217,81.3
19950218,86.2
19950219,81.7
19950220,88.8
19950221,84.6
19950222,85.3
19950223,87.4
19950224,88.1
19950225,86.2
19950226,76.4
19950227,86.2
19950228,83.4
19950301,86.9
19950302,85
19950303,84.5
19950304,88.7
19950305,81.7
19950306,75.2
19950307,87.7
19950308,81.7
19950309,75.4
19950310,80.3
19950311,84.8
19950312,83.6
19950313,88.7
19950314,90.3
19950315,89
19950316,83.6
19950317,81.6
19950318,82.4
19950319,91.3
19950320,81.9
19950321,83.4
19950322,86.3
19950323,87.8
19950324,80.1
19950325,79.2
19950326,78.8
19950327,78
19950328,73.3
19950329,65.8
19950330,48.5
19950331,53.3
19950401,50.2
19950402,58.2
19950403,62.5
19950404,72.2
19950405,67.2
19950406,63.1
19950407,59.8
19950408,63.9
19950409,60.4
19950410,62.7
19950411,71.9
19950412,84.3
19950413,83.9
19950414,59.8
19950415,38.9
19950416,42.1
19950417,44.2
19950418,38.3
19950419,22.7
19950420,33.1
19950421,32.8
19950422,24.8
19950423,33.1
19950424,40.1
19950425,0
19950426,20.5
19950427,15.7
19950428,0
19950429,0
19950430,5.3
19950501,6
19950502,6.8
19950503,6.8
19950504,0
19950505,17.1
19950506,13.5
19950507,13.9
19950508,5.9
19950509,4.9
19950510,0
19950511,0
19950512,0
19950513,0
19950514,0
19950515,3.5
19950516,0
19950517,0
19950518,0
19950519,0
19950520,0
19950521,0
19950522,0
19950523,0
19950524,0
19950525,0
19950526,0
19950527,0
19950528,0
19950529,0
19950530,0
19950531,0
19950601,0
19950602,0
19950603,0
19950604,0
19950605,0
19950606,0
19950607,0
19950608,0
19950609,0
19950610,0
19950611,0
19950612,0
19950613,0
19950614,0
19950615,0
19950616,0
19950617,0
19950618,0
19950619,0
19950620,0
19950621,0
19950622,0
19950623,0
19950624,0
19950625,0
19950626,0
19950627,0
19950628,0
19950629,0
19950630,0
19950701,0
19950702,0
19950703,0
19950704,0
19950705,0
19950706,0
19950707,0
19950708,0
19950709,0
19950710,0
19950711,0
19950712,0
19950713,0
19950714,0
19950715,0
19950716,0
19950717,0
19950718,0
19950719,0
19950720,0
19950721,0
19950722,0
19950723,0
19950724,0
19950725,0
19950726,0
19950727,0
19950728,0
19950729,0
19950730,0
19950731,0
19950801,0
19950802,0
19950803,0
19950804,0
19950805,0
19950806,0
19950807,0
19950808,0
19950809,0
19950810,0
19950811,0
19950812,0
19950813,0
19950814,0
19950815,0
19950816,0
19950817,0
19950818,0
19950819,0
19950820,0
19950821,0
19950822,0
19950823,0
19950824,0
19950825,0
19950826,0
19950827,0
19950828,0
19950829,0
19950830,0
19950831,0
19950901,0
19950902,0
19950903,0
19950904,0
19950905,0
19950906,0
19950907,0
19950908,0
19950909,0
19950910,0
19950911,0
19950912,0
19950913,0
19950914,0
19950915,0
19950916,0
19950917,0
19950918,0
19950919,0
19950920,0
19950921,0
19950922,0
19950923,0
19950924,0
19950925,0
19950926,0
19950927,0
19950928,0
19950929,0
19950930,0
19951001,0
19951002,0
19951003,0
19951004,0
19951005,0
19951006,0
19951007,0
19951008,0
19951009,0
19951010,0
19951011,0
19951012,0
19951013,0
19951014,0
19951015,0
19951016,0
19951017,0
19951018,0
19951019,0
19951020,0
19951021,0
19951022,0
19951023,0
19951024,0
19951025,0
19951026,0
19951027,0
19951028,0
19951029,0
19951030,0
19951031,0
19951101,0
19951102,0
19951103,0
19951104,0
19951105,0
19951106,0
19951107,0
19951108,0
19951109,0
19951110,0
19951111,0
19951112,0
19951113,0
19951114,0
19951115,48.4
19951116,66.6
19951117,71.8
19951118,75.5
19951119,16.6
19951120,0
19951121,53.9
19951122,76.1
19951123,87.2
19951124,84
19951125,79.3
19951126,15
19951127,92.1
19951128,93.6
19951129,83
19951130,79.5
19951201,91.5
19951202,96.1
19951203,95.2
19951204,93.8
19951205,99.9
19951206,100
19951207,95.9
19951208,96.3
19951209,98
19951210,92
19951211,89.6
19951212,89.6
19951213,92.5
19951214,99.5
19951215,95.8
19951216,77.9
19951217,77.7
19951218,71.8
19951219,85.6
19951220,84.4
19951221,95
19951222,95.8
19951223,95.9
19951224,90.8
19951225,77.9
19951226,76.7
19951227,66.6
19951228,65.5
19951229,56.6
19951230,63.6
19951231,61.3
19960101,58.2
19960102,48.3
19960103,27.3
19960104,33.8
19960105,34.9
19960106,54.2
19960107,74.7
19960108,83.9
19960109,87.8
19960110,89.6
19960111,93.5
19960112,92.7
19960113,92.4
19960114,90.2
19960115,92.6
19960116,93.3
19960117,97.2
19960118,95.7
19960119,91.9
19960120,88.6
19960121,89.5
19960122,87.6
19960123,91.1
19960124,94.9
19960125,89.7
19960126,90.3
19960127,88.8
19960128,92.8
19960129,98.4
19960130,97.2
19960131,96.1
19960201,91.2
19960202,86.4
19960203,83
19960204,83
19960205,82.4
19960206,87.4
19960207,91.3
19960208,93.6
19960209,89.2
19960210,87.3
19960211,90.7
19960212,88.2
19960213,88.8
19960214,98.5
19960215,95.7
19960216,99.1
19960217,100
19960218,95.6
19960219,96.2
19960220,97.4
19960221,97.5
19960222,96.6
19960223,95.1
19960224,99.7
19960225,97.8
19960226,99.9
19960227,97.9
19960228,100
19960229,100
19960301,99.8
19960302,100
19960303,100
19960304,100
19960305,100
19960306,100
19960307,99.6
19960308,93.6
19960309,91.6
19960310,89.3
19960311,87.9
19960312,85.7
19960313,86.2
19960314,86
19960315,88.3
19960316,86.5
19960317,83.5
19960318,89.2
19960319,87.4
19960320,74.9
19960321,73
19960322,68
19960323,69.3
19960324,69.8
19960325,50.5
19960326,46.9
19960327,60.5
19960328,68.1
19960329,58.4
19960330,63.7
19960331,53.3
19960401,52.5
19960402,45.8
19960403,57.9
19960404,59.1
19960405,69.1
19960406,73.2
19960407,68.9
19960408,64.5
19960409,60.2
19960410,57.5
19960411,53.9
19960412,46.1
19960413,38
19960414,29.1
19960415,46
19960416,38.4
19960417,33.5
19960418,24.2
19960419,26
19960420,30.3
19960421,32.1
19960422,16.9
19960423,15.8
19960424,15.5
19960425,14.7
19960426,26.7
19960427,4.4
19960428,4.9
19960429,13.8
19960430,28.1
19960501,29.7
19960502,37.7
19960503,0
19960504,0
19960505,0
19960506,0
19960507,0
19960508,0
19960509,0
19960510,0
19960511,0
19960512,0
19960513,0
19960514,0
19960515,0
19960516,0
19960517,0
19960518,0
19960519,0
19960520,0
19960521,0
19960522,0
19960523,0
19960524,0
19960525,0
19960526,0
19960527,0
19960528,0
19960529,0
19960530,0
19960531,0
19960601,0
19960602,0
19960603,0
19960604,0
19960605,0
19960606,0
19960607,0
19960608,0
19960609,0
19960610,0
19960611,0
19960612,0
19960613,0
19960614,0
19960615,0
19960616,0
19960617,0
19960618,0
19960619,0
19960620,0
19960621,0
19960622,0
19960623,0
19960624,0
19960625,0
19960626,0
19960627,0
19960628,0
19960629,0
19960630,0
19960701,0
19960702,0
19960703,0
19960704,0
19960705,0
19960706,0
19960707,0
19960708,0
19960709,0
19960710,0
19960711,0
19960712,0
19960713,0
19960714,0
19960715,0
19960716,0
19960717,0
19960718,0
19960719,0
19960720,0
19960721,0
19960722,0
19960723,0
19960724,0
19960725,0
19960726,0
19960727,0
19960728,0
19960729,0
19960730,0
19960731,0
19960801,0
19960802,0
19960803,0
19960804,0
19960805,0
19960806,0
19960807,0
19960808,0
19960809,0
19960810,0
19960811,0
19960812,0
19960813,0
19960814,0
19960815,0
19960816,0
19960817,0
19960818,0
19960819,0
19960820,0
19960821,0
19960822,0
19960823,0
19960824,0
19960825,0
19960826,0
19960827,0
19960828,0
19960829,0
19960830,0
19960831,0
19960901,0
19960902,0
19960903,0
19960904,0
19960905,0
19960906,0
19960907,0
19960908,0
19960909,0
19960910,0
19960911,0
19960912,0
19960913,0
19960914,0
19960915,0
19960916,0
19960917,0
19960918,0
19960919,0
19960920,0
19960921,0
19960922,0
19960923,0
19960924,0
19960925,0
19960926,0
19960927,0
19960928,0
19960929,0
19960930,0
19961001,0
19961002,0
19961003,0
19961004,0
19961005,0
19961006,0
19961007,0
19961008,0
19961009,0
19961010,0
19961011,0
19961012,0
19961013,0
19961014,0
19961015,0
19961016,0
19961017,0
19961018,0
19961019,0
19961020,0
19961021,0
19961022,0
19961023,0
19961024,0
19961025,0
19961026,0
19961027,0
19961028,0
19961029,0
19961030,0
19961031,0
19961101,0
19961102,0
19961103,0
19961104,0
19961105,0
19961106,0
19961107,0
19961108,0
19961109,0
19961110,0
19961111,0
19961112,0
19961113,0
19961114,0
19961115,0
19961116,0
19961117,0
19961118,0
19961119,0
19961120,0
19961121,0
19961122,0
19961123,0
19961124,14.9
19961125,12.6
19961126,27.7
19961127,42.7
19961128,45.7
19961129,48.9
19961130,36.1
19961201,45.7
19961202,55.4
19961203,63.6
19961204,69.6
19961205,73.3
19961206,78.5
19961207,83.3
19961208,69.3
19961209,81.4
19961210,90
19961211,87.6
19961212,91.5
19961213,95.6
19961214,97.5
19961215,94.4
19961216,98.6
19961217,96.7
19961218,93.2
19961219,99.3
19961220,98.8
19961221,95.4
19961222,95.2
19961223,100
19961224,98.3
19961225,99.3
19961226,90.2
19961227,98.5
19961228,99.6
19961229,98.3
19961230,96.9
19961231,85.6
19970101,97.6
19970102,97.8
19970103,99.7
19970104,97.6
19970105,96.4
19970106,98
19970107,99
19970108,95.3
19970109,96.8
19970110,97.9
19970111,91.1
19970112,87.1
19970113,77.7
19970114,89.3
19970115,81.3
19970116,89
19970117,96.2
19970118,97.5
19970119,95.4
19970120,96.4
19970121,95.8
19970122,94.3
19970123,89.1
19970124,94.4
19970125,91.9
19970126,87.8
19970127,86.7
19970128,86.4
19970129,89
19970130,88
19970131,93.1
19970201,96.5
19970202,95.2
19970203,89.2
19970204,86.6
19970205,86.9
19970206,90
19970207,96.3
19970208,88
19970209,87.1
19970210,73.7
19970211,72.6
19970212,64.8
19970213,68
19970214,88.1
19970215,97
19970216,96.7
19970217,97.8
19970218,95.3
19970219,90.6
19970220,87.7
19970221,86.3
19970222,86.9
19970223,85.4
19970224,93.3
19970225,95.7
19970226,98.5
19970227,99
19970228,98.3
19970301,96.8
19970302,98.2
19970303,95.7
19970304,90.6
19970305,82.7
19970306,84.5
19970307,86.1
19970308,88.2
19970309,89.1
19970310,83.9
19970311,87.3
19970312,83.1
19970313,75.3
19970314,75.3
19970315,79.9
19970316,65.3
19970317,68.1
19970318,79.9
19970319,84.9
19970320,92.3
19970321,84.8
19970322,80.9
19970323,77.1
19970324,79.8
19970325,72.2
19970326,69.8
19970327,73.6
19970328,82.2
19970329,75.8
19970330,70.2
19970331,72.1
19970401,78.4
19970402,78.6
19970403,76.6
19970404,82.2
19970405,76.8
19970406,83.2
19970407,78
19970408,75
19970409,75.9
19970410,62.8
19970411,52.2
19970412,48.6
19970413,54.4
19970414,43.5
19970415,31.5
19970416,34
19970417,42.2
19970418,40.2
19970419,28.7
19970420,25.9
19970421,32.9
19970422,5
19970423,5.4
19970424,5
19970425,28.7
19970426,37.9
19970427,25.9
19970428,20.6
19970429,5.4
19970430,15.2
19970501,8
19970502,19.8
19970503,19.6
19970504,13
19970505,5.8
19970506,5.2
19970507,5
19970508,4.9
19970509,5.1
19970510,4.3
19970511,4.3
19970512,5
19970513,5.1
19970514,5.2
19970515,3.9
19970516,5.6
19970517,3.7
19970518,0
19970519,0
19970520,0
19970521,0
19970522,0
19970523,0
19970524,0
19970525,0
19970526,0
19970527,0
19970528,0
19970529,0
19970530,0
19970531,0
19970601,0
19970602,0
19970603,0
19970604,0
19970605,0
19970606,0
19970607,0
19970608,0
19970609,0
19970610,0
19970611,0
19970612,0
19970613,0
19970614,0
19970615,0
19970616,0
19970617,0
19970618,0
19970619,0
19970620,0
19970621,0
19970622,0
19970623,0
19970624,0
19970625,0
19970626,0
19970627,0
19970628,0
19970629,0
19970630,0
19970701,0
19970702,0
19970703,0
19970704,0
19970705,0
19970706,0
19970707,0
19970708,0
19970709,0
19970710,0
19970711,0
19970712,0
19970713,0
19970714,0
19970715,0
19970716,0
19970717,0
19970718,0
19970719,0
19970720,0
19970721,0
19970722,0
19970723,0
19970724,0
19970725,0
19970726,0
19970727,0
19970728,0
19970729,0
19970730,0
19970731,0
19970801,0
19970802,0
19970803,0
19970804,0
19970805,0
19970806,0
19970807,0
19970808,0
19970809,0
19970810,0
19970811,0
19970812,0
19970813,0
19970814,0
19970815,0
19970816,0
19970817,0
19970818,0
19970819,0
19970820,0
19970821,0
19970822,0
19970823,0
19970824,0
19970825,0
19970826,0
19970827,0
19970828,0
19970829,0
19970830,0
19970831,0
19970901,0
19970902,0
19970903,0
19970904,0
19970905,0
19970906,0
19970907,0
19970908,0
19970909,0
19970910,0
19970911,0
19970912,0
19970913,0
19970914,0
19970915,0
19970916,0
19970917,0
19970918,0
19970919,0
19970920,0
19970921,0
19970922,0
19970923,0
19970924,0
19970925,0
19970926,0
19970927,0
19970928,0
19970929,0
19970930,0
19971001,0
19971002,0
19971003,0
19971004,0
19971005,0
19971006,0
19971007,0
19971008,0
19971009,0
19971010,0
19971011,0
19971012,0
19971013,0
19971014,0
19971015,0
19971016,0
19971017,0
19971018,0
19971019,0
19971020,0
19971021,0
19971022,0
19971023,0
19971024,0
19971025,0
19971026,0
19971027,0
19971028,0
19971029,0
19971030,0
19971031,0
19971101,0
19971102,0
19971103,0
19971104,0
19971105,0
19971106,0
19971107,0
19971108,0
19971109,0
19971110,0
19971111,0
19971112,0
19971113,0
19971114,0
19971115,0
19971116,0
19971117,0
19971118,0
19971119,0
19971120,0
19971121,0
19971122,0
19971123,0
19971124,0
19971125,37.4
19971126,50.6
19971127,53.2
19971128,65.7
19971129,54.8
19971130,55.6
19971201,61.1
19971202,67.4
19971203,76.5
19971204,76.2
19971205,60.3
19971206,49.7
19971207,28.4
19971208,32.1
19971209,57
19971210,57.8
19971211,71.8
19971212,81.1
19971213,89.2
19971214,92.1
19971215,90.9
19971216,88.9
19971217,94.2
19971218,96.8
19971219,94.6
19971220,97.8
19971221,94.7
19971222,92.8
19971223,95.9
19971224,89.1
19971225,95.4
19971226,96.7
19971227,97.5
19971228,97
19971229,98.1
19971230,99
19971231,97.4
19980101,96.7
19980102,99.4
19980103,100
19980104,100
19980105,100
19980106,99.4
19980107,99.5
19980108,92.1
19980109,92.8
19980110,95.5
19980111,91.9
19980112,80.7
19980113,86.6
19980114,85.3
19980115,84.3
19980116,89.2
19980117,94
19980118,96.2
19980119,98.7
19980120,95.9
19980121,92
19980122,93.6
19980123,92.1
19980124,98.1
19980125,98.1
19980126,98.1
19980127,98.8
19980128,94.5
19980129,92.9
19980130,95.4
19980131,96.3
19980201,96.5
19980202,96.2
19980203,85.4
19980204,83.1
19980205,82.5
19980206,94.7
19980207,86.8
19980208,83.1
19980209,88.6
19980210,89.1
19980211,90.8
19980212,93.2
19980213,87.8
19980214,81.3
19980215,90.2
19980216,89.9
19980217,91.8
19980218,86.6
19980219,84.3
19980220,90.4
19980221,91.4
19980222,90.6
19980223,94.4
19980224,80.3
19980225,72.2
19980226,89.6
19980227,95.8
19980228,97.3
19980301,95.7
19980302,95.5
19980303,96.8
19980304,87.2
19980305,82.7
19980306,81.9
19980307,75.3
19980308,70.8
19980309,65.9
19980310,57.4
19980311,57.6
19980312,57.8
19980313,40.2
19980314,44.1
19980315,36.7
19980316,39
19980317,41
19980318,39.3
19980319,36.6
19980320,25.1
19980321,25.9
19980322,29.4
19980323,20.9
19980324,18.1
19980325,29.5
19980326,33.4
19980327,37.2
19980328,34.1
19980329,42.3
19980330,48.3
19980331,46.4
19980401,42.8
19980402,37.5
19980403,14.3
19980404,25.7
19980405,26.6
19980406,27.2
19980407,27.2
19980408,30.4
19980409,19.5
19980410,37.1
19980411,0
19980412,0
19980413,0
19980414,0
19980415,0
19980416,0
19980417,0
19980418,0
19980419,0
19980420,0
19980421,0
19980422,0
19980423,0
19980424,0
19980425,0
19980426,0
19980427,0
19980428,0
19980429,0
19980430,0
19980501,0
19980502,0
19980503,0
19980504,0
19980505,0
19980506,0
19980507,0
19980508,0
19980509,0
19980510,0
19980511,0
19980512,0
19980513,0
19980514,0
19980515,0
19980516,0
19980517,0
19980518,0
19980519,0
19980520,0
19980521,0
19980522,0
19980523,0
19980524,0
19980525,0
19980526,0
19980527,0
19980528,0
19980529,0
19980530,0
19980531,0
19980601,0
19980602,0
19980603,0
19980604,0
19980605,0
19980606,0
19980607,0
19980608,0
19980609,0
19980610,0
19980611,0
19980612,0
19980613,0
19980614,0
19980615,0
19980616,0
19980617,0
19980618,0
19980619,0
19980620,0
19980621,0
19980622,0
19980623,0
19980624,0
19980625,0
19980626,0
19980627,0
19980628,0
19980629,0
19980630,0
19980701,0
19980702,0
19980703,0
19980704,0
19980705,0
19980706,0
19980707,0
19980708,0
19980709,0
19980710,0
19980711,0
19980712,0
19980713,0
19980714,0
19980715,0
19980716,0
19980717,0
19980718,0
19980719,0
19980720,0
19980721,0
19980722,0
19980723,0
19980724,0
19980725,0
19980726,0
19980727,0
19980728,0
19980729,0
19980730,0
19980731,0
19980801,0
19980802,0
19980803,0
19980804,0
19980805,0
19980806,0
19980807,0
19980808,0
19980809,0
19980810,0
19980811,0
19980812,0
19980813,0
19980814,0
19980815,0
19980816,0
19980817,0
19980818,0
19980819,0
19980820,0
19980821,0
19980822,0
19980823,0
19980824,0
19980825,0
19980826,0
19980827,0
19980828,0
19980829,0
19980830,0
19980831,0
19980901,0
19980902,0
19980903,0
19980904,0
19980905,0
19980906,0
19980907,0
19980908,0
19980909,0
19980910,0
19980911,0
19980912,0
19980913,0
19980914,0
19980915,0
19980916,0
19980917,0
19980918,0
19980919,0
19980920,0
19980921,0
19980922,0
19980923,0
19980924,0
19980925,0
19980926,0
19980927,0
19980928,0
19980929,0
19980930,0
19981001,0
19981002,0
19981003,0
19981004,0
19981005,0
19981006,0
19981007,0
19981008,0
19981009,0
19981010,0
19981011,0
19981012,0
19981013,0
19981014,0
19981015,0
19981016,0
19981017,0
19981018,0
19981019,0
19981020,0
19981021,0
19981022,0
19981023,0
19981024,0
19981025,0
19981026,0
19981027,0
19981028,0
19981029,0
19981030,0
19981031,0
19981101,0
19981102,0
19981103,0
19981104,0
19981105,0
19981106,0
19981107,0
19981108,0
19981109,0
19981110,0
19981111,0
19981112,0
19981113,0
19981114,0
19981115,0
19981116,0
19981117,0
19981118,0
19981119,0
19981120,0
19981121,0
19981122,0
19981123,0
19981124,0
19981125,0
19981126,0
19981127,0
19981128,42.3
19981129,42.8
19981130,48.1
19981201,49.7
19981202,54.3
19981203,54.1
19981204,48.3
19981205,45.9
19981206,51.5
19981207,54.5
19981208,65.8
19981209,78.2
19981210,76.2
19981211,91.2
19981212,93.3
19981213,97.2
19981214,94.8
19981215,96.3
19981216,97.1
19981217,79.3
19981218,83.6
19981219,63.6
19981220,47.5
19981221,50.5
19981222,54.2
19981223,53
19981224,58.6
19981225,73.9
19981226,90.7
19981227,98.1
19981228,90.6
19981229,93.3
19981230,92.7
19981231,91.4
19990101,96.6
19990102,97.7
19990103,95
19990104,97
19990105,96.5
19990106,95.1
19990107,85.6
19990108,78.9
19990109,83.1
19990110,87.9
19990111,92.4
19990112,88.4
19990113,86.7
19990114,96.5
19990115,98.9
19990116,98.4
19990117,97.8
19990118,98.4
19990119,99.7
19990120,99
19990121,94.7
19990122,98
19990123,95.3
19990124,94.7
19990125,97.5
19990126,96.1
19990127,97.1
19990128,96.4
19990129,95
19990130,96.1
19990131,95.2
19990201,94.4
19990202,93.4
19990203,93.6
19990204,93.9
19990205,90.4
19990206,88.5
19990207,95.1
19990208,96.3
19990209,97.2
19990210,96.5
19990211,96.1
19990212,100
19990213,100
19990214,97.4
19990215,100
19990216,98.9
19990217,98.8
19990218,95.6
19990219,96.3
19990220,99.1
19990221,97.8
19990222,98.2
19990223,98.2
19990224,97.5
19990225,99.3
19990226,99.6
19990227,99.9
19990228,99.5
19990301,98.9
19990302,99.4
19990303,98.5
19990304,97.9
19990305,94.9
19990306,93.4
19990307,97.5
19990308,97.1
19990309,92.2
19990310,89.8
19990311,88.5
19990312,89.2
19990313,93.2
19990314,93.8
19990315,97.4
19990316,97.7
19990317,98.2
19990318,94.2
19990319,77.6
19990320,75.8
19990321,82.8
19990322,67.2
19990323,67
19990324,65.2
19990325,73.8
19990326,75.2
19990327,72
19990328,76.7
19990329,84.2
19990330,95.4
19990331,82
19990401,88.1
19990402,92.7
19990403,88.7
19990404,93
19990405,95.5
19990406,93
19990407,89.2
19990408,91.1
19990409,90.1
19990410,92.6
19990411,91.7
19990412,93.3
19990413,97.4
19990414,94.8
19990415,95.7
19990416,95.1
19990417,98.4
19990418,96.8
19990419,97.5
19990420,96.1
19990421,93
19990422,88.3
19990423,79.4
19990424,76.2
19990425,67.5
19990426,67.6
19990427,73.7
19990428,68.9
19990429,69.4
19990430,67
19990501,57.2
19990502,56.2
19990503,44.9
19990504,45.8
19990505,48.4
19990506,55.4
19990507,51.2
19990508,56.3
19990509,61.3
19990510,61.4
19990511,64.4
19990512,46.5
19990513,58.4
19990514,50.1
19990515,46.4
19990516,38.5
19990517,43
19990518,40.9
19990519,36.5
19990520,27.5
19990521,12.2
19990522,26.2
19990523,22.7
19990524,12
19990525,26.7
19990526,24.1
19990527,22
19990528,15.4
19990529,16.4
19990530,21.2
19990531,22
19990601,11.8
19990602,11.9
19990603,9.6
19990604,11.2
19990605,4.3
19990606,0
19990607,0
19990608,0
19990609,0
19990610,0
19990611,0
19990612,0
19990613,0
19990614,0
19990615,0
19990616,0
19990617,0
19990618,0
19990619,0
19990620,0
19990621,0
19990622,0
19990623,0
19990624,0
19990625,0
19990626,0
19990627,0
19990628,0
19990629,0
19990630,0
19990701,0
19990702,0
19990703,0
19990704,0
19990705,0
19990706,0
19990707,0
19990708,0
19990709,0
19990710,0
19990711,0
19990712,0
19990713,0
19990714,0
19990715,0
19990716,0
19990717,0
19990718,0
19990719,0
19990720,0
19990721,0
19990722,0
19990723,0
19990724,0
19990725,0
19990726,0
19990727,0
19990728,0
19990729,0
19990730,0
19990731,0
19990801,0
19990802,0
19990803,0
19990804,0
19990805,0
19990806,0
19990807,0
19990808,0
19990809,0
19990810,0
19990811,0
19990812,0
19990813,0
19990814,0
19990815,0
19990816,0
19990817,0
19990818,0
19990819,0
19990820,0
19990821,0
19990822,0
19990823,0
19990824,0
19990825,0
19990826,0
19990827,0
19990828,0
19990829,0
19990830,0
19990831,0
19990901,0
19990902,0
19990903,0
19990904,0
19990905,0
19990906,0
19990907,0
19990908,0
19990909,0
19990910,0
19990911,0
19990912,0
19990913,0
19990914,0
19990915,0
19990916,0
19990917,0
19990918,0
19990919,0
19990920,0
19990921,0
19990922,0
19990923,0
19990924,0
19990925,0
19990926,0
19990927,0
19990928,0
19990929,0
19990930,0
19991001,0
19991002,0
19991003,0
19991004,0
19991005,0
19991006,0
19991007,0
19991008,0
19991009,0
19991010,0
19991011,0
19991012,0
19991013,0
19991014,0
19991015,0
19991016,0
19991017,0
19991018,0
19991019,0
19991020,0
19991021,0
19991022,0
19991023,0
19991024,0
19991025,0
19991026,0
19991027,0
19991028,0
19991029,0
19991030,0
19991031,0
19991101,0
19991102,0
19991103,0
19991104,0
19991105,0
19991106,0
19991107,0
19991108,0
19991109,0
19991110,0
19991111,30.4
19991112,46.1
19991113,44.9
19991114,54.1
19991115,77.7
19991116,81.4
19991117,87.1
19991118,73.2
19991119,61.8
19991120,77.7
19991121,70.7
19991122,72.2
19991123,76
19991124,76.3
19991125,65.2
19991126,74.5
19991127,79.1
19991128,84.5
19991129,79.8
19991130,74.2
19991201,77.5
19991202,86.7
19991203,89
19991204,92.9
19991205,95.9
19991206,96.8
19991207,95.8
19991208,98.9
19991209,94.5
19991210,84
19991211,87
19991212,91.1
19991213,95.4
19991214,94.7
19991215,90.5
19991216,93.1
19991217,97.7
19991218,95.8
19991219,94.5
19991220,98.8
19991221,99
19991222,94.3
19991223,97.9
19991224,99.2
19991225,98.6
19991226,94.6
19991227,92.3
19991228,97.7
19991229,98.9
19991230,94.2
19991231,91.4
20000101,96.2
20000102,96.4
20000103,95.9
20000104,96.3
20000105,95.9
20000106,91.4
20000107,91.9
20000108,89.4
20000109,88.7
20000110,93.6
20000111,95.1
20000112,95.3
20000113,97.9
20000114,99.9
20000115,100
20000116,97.8
20000117,99.3
20000118,98.4
20000119,94.1
20000120,98.9
20000121,97.4
20000122,97.2
20000123,98.4
20000124,98.2
20000125,98.1
20000126,96.7
20000127,97.1
20000128,99.4
20000129,99
20000130,97.9
20000131,99
20000201,97.2
20000202,95.9
20000203,96.9
20000204,98.9
20000205,98.4
20000206,99.2
20000207,98.7
20000208,100
20000209,100
20000210,97.1
20000211,100
20000212,97.5
20000213,98.4
20000214,97.5
20000215,98
20000216,98.3
20000217,99.2
20000218,97.7
20000219,97.2
20000220,97.1
20000221,99.5
20000222,98.6
20000223,96.9
20000224,94.3
20000225,88.9
20000226,92.1
20000227,88.6
20000228,89.6
20000229,95.1
20000301,99.7
20000302,97.3
20000303,91.7
20000304,87.4
20000305,93.1
20000306,92.6
20000307,84.7
20000308,80.4
20000309,77.8
20000310,77.9
20000311,70.2
20000312,68.3
20000313,69.7
20000314,62.7
20000315,57.2
20000316,45.6
20000317,47.7
20000318,59.5
20000319,45.1
20000320,54.1
20000321,59.4
20000322,54.5
20000323,37.9
20000324,56.2
20000325,72
20000326,81.9
20000327,80.2
20000328,82.1
20000329,78.9
20000330,84.9
20000331,91.7
20000401,93.2
20000402,90.6
20000403,92.3
20000404,76.5
20000405,85.5
20000406,83.2
20000407,78.6
20000408,76.4
20000409,60.9
20000410,56.7
20000411,56.8
20000412,66.1
20000413,59.3
20000414,58.1
20000415,51.5
20000416,65.3
20000417,43.3
20000418,48.4
20000419,42.3
20000420,48.7
20000421,50.2
20000422,47.7
20000423,35.1
20000424,33
20000425,31.8
20000426,34.6
20000427,19.4
20000428,36.7
20000429,41.1
20000430,34.6
20000501,13.3
20000502,19.3
20000503,32.5
20000504,14.4
20000505,48.1
20000506,43.5
20000507,40.7
20000508,41.8
20000509,37
20000510,38.8
20000511,44.4
20000512,43.9
20000513,33.2
20000514,36
20000515,37.6
20000516,22
20000517,30.9
20000518,21.7
20000519,10.8
20000520,11.9
20000521,12.8
20000522,16.8
20000523,11.1
20000524,21.3
20000525,11.9
20000526,0
20000527,0
20000528,0
20000529,5.9
20000530,0
20000531,0
20000601,0
20000602,0
20000603,0
20000604,0
20000605,0
20000606,0
20000607,0
20000608,0
20000609,0
20000610,0
20000611,0
20000612,0
20000613,0
20000614,0
20000615,0
20000616,0
20000617,0
20000618,0
20000619,0
20000620,0
20000621,0
20000622,0
20000623,0
20000624,0
20000625,0
20000626,0
20000627,0
20000628,0
20000629,0
20000630,0
20000701,0
20000702,0
20000703,0
20000704,0
20000705,0
20000706,0
20000707,0
20000708,0
20000709,0
20000710,0
20000711,0
20000712,0
20000713,0
20000714,0
20000715,0
20000716,0
20000717,0
20000718,0
20000719,0
20000720,0
20000721,0
20000722,0
20000723,0
20000724,0
20000725,0
20000726,0
20000727,0
20000728,0
20000729,0
20000730,0
20000731,0
20000801,0
20000802,0
20000803,0
20000804,0
20000805,0
20000806,0
20000807,0
20000808,0
20000809,0
20000810,0
20000811,0
20000812,0
20000813,0
20000814,0
20000815,0
20000816,0
20000817,0
20000818,0
20000819,0
20000820,0
20000821,0
20000822,0
20000823,0
20000824,0
20000825,0
20000826,0
20000827,0
20000828,0
20000829,0
20000830,0
20000831,0
20000901,0
20000902,0
20000903,0
20000904,0
20000905,0
20000906,0
20000907,0
20000908,0
20000909,0
20000910,0
20000911,0
20000912,0
20000913,0
20000914,0
20000915,0
20000916,0
20000917,0
20000918,0
20000919,0
20000920,0
20000921,0
20000922,0
20000923,0
20000924,0
20000925,0
20000926,0
20000927,0
20000928,0
20000929,0
20000930,0
20001001,0
20001002,0
20001003,0
20001004,0
20001005,0
20001006,0
20001007,0
20001008,0
20001009,0
20001010,0
20001011,0
20001012,0
20001013,0
20001014,0
20001015,0
20001016,0
20001017,0
20001018,0
20001019,0
20001020,0
20001021,0
20001022,0
20001023,0
20001024,0
20001025,0
20001026,0
20001027,0
20001028,0
20001029,0
20001030,0
20001031,0
20001101,0
20001102,0
20001103,0
20001104,0
20001105,0
20001106,0
20001107,0
20001108,0
20001109,0
20001110,0
20001111,0
20001112,0
20001113,0
20001114,0
20001115,0
20001116,0
20001117,0
20001118,0
20001119,0
20001120,0
20001121,0
20001122,0
20001123,0
20001124,0
20001125,0
20001126,10.2
20001127,27
20001128,31.2
20001129,30
20001130,43.4
20001201,45.8
20001202,48.1
20001203,50.5
20001204,37.1
20001205,63.3
20001206,45.3
20001207,40.9
20001208,43.7
20001209,0
20001210,14.1
20001211,0
20001212,0
20001213,0
20001214,0
20001215,0
20001216,24.8
20001217,25.2
20001218,31.2
20001219,23.8
20001220,19
20001221,4.6
20001222,5.8
20001223,5.1
20001224,15.4
20001225,20.2
20001226,25
20001227,14.1
20001228,14.9
20001229,25.2
20001230,19.8
20001231,4.3
20010101,14.5
20010102,13.2
20010103,42
20010104,44.4
20010105,58.3
20010106,59
20010107,70
20010108,74.7
20010109,84.5
20010110,84
20010111,82.9
20010112,79.4
20010113,81.4
20010114,79.9
20010115,80.5
20010116,87.4
20010117,81.8
20010118,80.6
20010119,75.6
20010120,66
20010121,61.2
20010122,61.8
20010123,61.1
20010124,49.2
20010125,42.1
20010126,40.7
20010127,33.3
20010128,21.1
20010129,14.6
20010130,5.5
20010131,29.1
20010201,32
20010202,34.4
20010203,39.2
20010204,40
20010205,43.3
20010206,17.7
20010207,36.7
20010208,35.5
20010209,28.9
20010210,7.3
20010211,40.7
20010212,37.3
20010213,37.6
20010214,13.3
20010215,13.2
20010216,20.1
20010217,38.1
20010218,30.3
20010219,5.8
20010220,4.8
20010221,17
20010222,18.1
20010223,5.9
20010224,14.8
20010225,28.2
20010226,37.6
20010227,48.5
20010228,47.8
20010301,50.3
20010302,60.9
20010303,53.8
20010304,50.8
20010305,50.8
20010306,43.4
20010307,36.3
20010308,43.9
20010309,40.2
20010310,27.8
20010311,25
20010312,22.3
20010313,32.8
20010314,45.3
20010315,58.6
20010316,76.2
20010317,75.9
20010318,78.9
20010319,83.1
20010320,85.6
20010321,87.9
20010322,87
20010323,75
20010324,77.5
20010325,71.3
20010326,76.3
20010327,75.2
20010328,76.7
20010329,77.6
20010330,85.4
20010331,81.9
20010401,85.4
20010402,89.3
20010403,69.1
20010404,67.2
20010405,81.6
20010406,90.9
20010407,91.2
20010408,88.2
20010409,82.8
20010410,71.5
20010411,70.3
20010412,74.6
20010413,84.6
20010414,67.9
20010415,71.4
20010416,73.1
20010417,72.6
20010418,68.3
20010419,72.4
20010420,75.7
20010421,65.8
20010422,67.5
20010423,62.9
20010424,58.3
20010425,41.7
20010426,39.3
20010427,33
20010428,36.2
20010429,22.1
20010430,30.3
20010501,32.3
20010502,28.8
20010503,24.9
20010504,23.8
20010505,35.5
20010506,30.5
20010507,28.6
20010508,33
20010509,32.1
20010510,35.9
20010511,31.1
20010512,29.1
20010513,21.3
20010514,25.8
20010515,26.7
20010516,17.1
20010517,21.7
20010518,23.4
20010519,9.5
20010520,3
20010521,0
20010522,16.7
20010523,19.9
20010524,15.3
20010525,8.6
20010526,9.2
20010527,7.9
20010528,2.6
20010529,0
20010530,0
20010531,0
20010601,3.2
20010602,4.8
20010603,0
20010604,0
20010605,0
20010606,0
20010607,0
20010608,0
20010609,0
20010610,0
20010611,0
20010612,0
20010613,0
20010614,0
20010615,4.4
20010616,4.8
20010617,0
20010618,0
20010619,0
20010620,0
20010621,0
20010622,0
20010623,0
20010624,0
20010625,0
20010626,0
20010627,0
20010628,0
20010629,0
20010630,0
20010701,0
20010702,0
20010703,0
20010704,0
20010705,0
20010706,0
20010707,0
20010708,0
20010709,0
20010710,0
20010711,0
20010712,0
20010713,0
20010714,0
20010715,0
20010716,0
20010717,0
20010718,0
20010719,0
20010720,0
20010721,0
20010722,0
20010723,0
20010724,0
20010725,0
20010726,0
20010727,0
20010728,0
20010729,0
20010730,0
20010731,0
20010801,0
20010802,0
20010803,0
20010804,0
20010805,0
20010806,0
20010807,0
20010808,0
20010809,0
20010810,0
20010811,0
20010812,0
20010813,0
20010814,0
20010815,0
20010816,0
20010817,0
20010818,0
20010819,0
20010820,0
20010821,0
20010822,0
20010823,0
20010824,0
20010825,0
20010826,0
20010827,0
20010828,0
20010829,0
20010830,0
20010831,0
20010901,0
20010902,0
20010903,0
20010904,0
20010905,0
20010906,0
20010907,0
20010908,0
20010909,0
20010910,0
20010911,0
20010912,0
20010913,0
20010914,0
20010915,0
20010916,0
20010917,0
20010918,0
20010919,0
20010920,0
20010921,0
20010922,0
20010923,0
20010924,0
20010925,0
20010926,0
20010927,0
20010928,0
20010929,0
20010930,0
20011001,0
20011002,0
20011003,0
20011004,0
20011005,0
20011006,0
20011007,0
20011008,0
20011009,0
20011010,0
20011011,0
20011012,0
20011013,0
20011014,0
20011015,0
20011016,0
20011017,0
20011018,0
20011019,0
20011020,0
20011021,0
20011022,0
20011023,0
20011024,0
20011025,0
20011026,0
20011027,0
20011028,0
20011029,0
20011030,42.8
20011031,41.7
20011101,35.8
20011102,35.1
20011103,42.7
20011104,44.7
20011105,48.5
20011106,57.5
20011107,64.8
20011108,64.6
20011109,65.8
20011110,65.5
20011111,66.8
20011112,74.7
20011113,80.2
20011114,73.3
20011115,85.4
20011116,87
20011117,80.2
20011118,71.2
20011119,63.1
20011120,63.2
20011121,80.1
20011122,81.7
20011123,77.9
20011124,61.9
20011125,50
20011126,46
20011127,41
20011128,49.2
20011129,63.4
20011130,56.4
20011201,60.7
20011202,73.3
20011203,76.8
20011204,83.4
20011205,78.6
20011206,88.5
20011207,91.7
20011208,90.4
20011209,87.4
20011210,92
20011211,88.2
20011212,91.4
20011213,96.2
20011214,96.7
20011215,93.9
20011216,96.6
20011217,93.7
20011218,95.7
20011219,95
20011220,85.1
20011221,94.2
20011222,94.1
20011223,95.6
20011224,91.7
20011225,89.7
20011226,84.5
20011227,93.4
20011228,97.6
20011229,97
20011230,85.1
20011231,79.4
20020101,82.4
20020102,71.2
20020103,82
20020104,77.8
20020105,81
20020106,83.8
20020107,89.9
20020108,90.1
20020109,86.5
20020110,92.8
20020111,96.8
20020112,97
20020113,98.2
20020114,95.5
20020115,94.5
20020116,93.5
20020117,90.7
20020118,88.2
20020119,96.2
20020120,96.3
20020121,96.1
20020122,97.5
20020123,93.8
20020124,93.5
20020125,96.7
20020126,97
20020127,96.6
20020128,98
20020129,91.7
20020130,93.4
20020131,91.8
20020201,93.3
20020202,88.7
20020203,85.6
20020204,85
20020205,90.3
20020206,96.5
20020207,97.2
20020208,99.9
20020209,99.4
20020210,97.2
20020211,98.8
20020212,97.3
20020213,97.8
20020214,93.7
20020215,96.3
20020216,97.6
20020217,98.7
20020218,98.9
20020219,99.3
20020220,98.8
20020221,97.7
20020222,95.7
20020223,97.9
20020224,95.6
20020225,95.8
20020226,93.2
20020227,96.6
20020228,95.4
20020301,94.5
20020302,97.7
20020303,96.8
20020304,94.3
20020305,100
20020306,99.8
20020307,98.7
20020308,100
20020309,95.3
20020310,96.2
20020311,91.4
20020312,95.5
20020313,92.5
20020314,87.2
20020315,89.8
20020316,80.4
20020317,87.5
20020318,83.2
20020319,71.3
20020320,66.5
20020321,52.8
20020322,54.6
20020323,52.4
20020324,48.6
20020325,44.6
20020326,39.6
20020327,39.4
20020328,35.2
20020329,38.5
20020330,53.3
20020331,67.5
20020401,54.6
20020402,65
20020403,63.6
20020404,44.2
20020405,40.6
20020406,22.9
20020407,37.8
20020408,23.5
20020409,31
20020410,29
20020411,24.1
20020412,32.2
20020413,19.7
20020414,32.9
20020415,29.1
20020416,38.9
20020417,37
20020418,12.1
20020419,16.3
20020420,34.3
20020421,23.4
20020422,5.6
20020423,5.4
20020424,13.1
20020425,17.2
20020426,9.4
20020427,5.2
20020428,0
20020429,7.3
20020430,6.8
20020501,13.2
20020502,15.8
20020503,8.5
20020504,0
20020505,0
20020506,0
20020507,0
20020508,0
20020509,0
20020510,0
20020511,0
20020512,0
20020513,0
20020514,0
20020515,0
20020516,0
20020517,0
20020518,0
20020519,0
20020520,0
20020521,0
20020522,0
20020523,0
20020524,0
20020525,0
20020526,0
20020527,0
20020528,0
20020529,0
20020530,0
20020531,0
20020601,0
20020602,0
20020603,0
20020604,0
20020605,0
20020606,0
20020607,0
20020608,0
20020609,0
20020610,0
20020611,0
20020612,0
20020613,0
20020614,0
20020615,0
20020616,0
20020617,0
20020618,0
20020619,0
20020620,0
20020621,0
20020622,0
20020623,0
20020624,0
20020625,0
20020626,0
20020627,0
20020628,0
20020629,0
20020630,0
20020701,0
20020702,0
20020703,0
20020704,0
20020705,0
20020706,0
20020707,0
20020708,0
20020709,0
20020710,0
20020711,0
20020712,0
20020713,0
20020714,0
20020715,0
20020716,0
20020717,0
20020718,0
20020719,0
20020720,0
20020721,0
20020722,0
20020723,0
20020724,0
20020725,0
20020726,0
20020727,0
20020728,0
20020729,0
20020730,0
20020731,0
20020801,0
20020802,0
20020803,0
20020804,0
20020805,0
20020806,0
20020807,0
20020808,0
20020809,0
20020810,0
20020811,0
20020812,0
20020813,0
20020814,0
20020815,0
20020816,0
20020817,0
20020818,0
20020819,0
20020820,0
20020821,0
20020822,0
20020823,0
20020824,0
20020825,0
20020826,0
20020827,0
20020828,0
20020829,0
20020830,0
20020831,0
20020901,0
20020902,0
20020903,0
20020904,0
20020905,0
20020906,0
20020907,0
20020908,0
20020909,0
20020910,0
20020911,0
20020912,0
20020913,0
20020914,0
20020915,0
20020916,0
20020917,0
20020918,0
20020919,0
20020920,0
20020921,0
20020922,0
20020923,0
20020924,0
20020925,0
20020926,0
20020927,0
20020928,0
20020929,0
20020930,0
20021001,0
20021002,0
20021003,0
20021004,0
20021005,0
20021006,0
20021007,0
20021008,0
20021009,0
20021010,0
20021011,0
20021012,0
20021013,0
20021014,0
20021015,0
20021016,0
20021017,0
20021018,0
20021019,0
20021020,0
20021021,0
20021022,0
20021023,0
20021024,0
20021025,0
20021026,0
20021027,0
20021028,0
20021029,0
20021030,0
20021031,0
20021101,0
20021102,0
20021103,0
20021104,0
20021105,0
20021106,0
20021107,0
20021108,0
20021109,0
20021110,0
20021111,0
20021112,0
20021113,0
20021114,0
20021115,0
20021116,0
20021117,0
20021118,5
20021119,5.4
20021120,6.8
20021121,4.5
20021122,0
20021123,7.6
20021124,4.9
20021125,0
20021126,4.9
20021127,5.1
20021128,4.1
20021129,5
20021130,10.9
20021201,13.8
20021202,0
20021203,0
20021204,6
20021205,4.6
20021206,5.4
20021207,5.4
20021208,0
20021209,0
20021210,0
20021211,0
20021212,5.6
20021213,3.4
20021214,4
20021215,9.2
20021216,18.8
20021217,27.9
20021218,33.2
20021219,31.4
20021220,7.7
20021221,28.1
20021222,35.4
20021223,41.8
20021224,45.8
20021225,49.2
20021226,44.9
20021227,56
20021228,54
20021229,64.5
20021230,76.6
20021231,82.6
20030101,87.2
20030102,87.7
20030103,85.6
20030104,84.3
20030105,88.9
20030106,94.1
20030107,93.7
20030108,80.6
20030109,79.7
20030110,81
20030111,69.4
20030112,80.7
20030113,71.5
20030114,80.5
20030115,78.2
20030116,74.1
20030117,68.1
20030118,61.6
20030119,67.1
20030120,65.9
20030121,66.4
20030122,66.2
20030123,81.8
20030124,85.4
20030125,91.9
20030126,89.4
20030127,88.3
20030128,78.1
20030129,77.6
20030130,86.4
20030131,85.2
20030201,75.6
20030202,71.5
20030203,69.4
20030204,75.8
20030205,85.4
20030206,84.8
20030207,87.8
20030208,93.3
20030209,89.6
20030210,83.3
20030211,84.7
20030212,83.6
20030213,87.8
20030214,84.9
20030215,88.6
20030216,86.7
20030217,91.6
20030218,87.7
20030219,76.5
20030220,54.5
20030221,63.2
20030222,62.4
20030223,60.7
20030224,59.6
20030225,57.6
20030226,51.7
20030227,36.1
20030228,39.1
20030301,34.6
20030302,31.2
20030303,6.5
20030304,29.1
20030305,33.4
20030306,42.9
20030307,43.3
20030308,45.2
20030309,58.9
20030310,59.4
20030311,67.6
20030312,68.1
20030313,72.3
20030314,72.4
20030315,79.5
20030316,80
20030317,83.8
20030318,82.2
20030319,84.9
20030320,87.9
20030321,83.5
20030322,84.1
20030323,88.8
20030324,84.3
20030325,82.8
20030326,83.6
20030327,94.9
20030328,91.6
20030329,88.3
20030330,86.6
20030331,88.9
20030401,87.9
20030402,83.6
20030403,75
20030404,70.4
20030405,73.1
20030406,82.9
20030407,74
20030408,70.1
20030409,78.3
20030410,63.7
20030411,64.2
20030412,66
20030413,47.4
20030414,42.6
20030415,18.4
20030416,31
20030417,35.7
20030418,29.4
20030419,29.6
20030420,22.9
20030421,24.2
20030422,15
20030423,15.7
20030424,5.3
20030425,5.4
20030426,5.3
20030427,6
20030428,4.8
20030429,0
20030430,0
20030501,0
20030502,0
20030503,0
20030504,0
20030505,0
20030506,0
20030507,0
20030508,0
20030509,0
20030510,0
20030511,0
20030512,0
20030513,0
20030514,0
20030515,0
20030516,0
20030517,0
20030518,0
20030519,0
20030520,0
20030521,0
20030522,0
20030523,0
20030524,0
20030525,0
20030526,0
20030527,0
20030528,0
20030529,0
20030530,0
20030531,0
20030601,0
20030602,0
20030603,0
20030604,0
20030605,0
20030606,0
20030607,0
20030608,0
20030609,0
20030610,0
20030611,0
20030612,0
20030613,0
20030614,0
20030615,0
20030616,0
20030617,0
20030618,0
20030619,0
20030620,0
20030621,0
20030622,0
20030623,0
20030624,0
20030625,0
20030626,0
20030627,0
20030628,0
20030629,0
20030630,0
20030701,0
20030702,0
20030703,0
20030704,0
20030705,0
20030706,0
20030707,0
20030708,0
20030709,0
20030710,0
20030711,0
20030712,0
20030713,0
20030714,0
20030715,0
20030716,0
20030717,0
20030718,0
20030719,0
20030720,0
20030721,0
20030722,0
20030723,0
20030724,0
20030725,0
20030726,0
20030727,0
20030728,0
20030729,0
20030730,0
20030731,0
20030801,0
20030802,0
20030803,0
20030804,0
20030805,0
20030806,0
20030807,0
20030808,0
20030809,0
20030810,0
20030811,0
20030812,0
20030813,0
20030814,0
20030815,0
20030816,0
20030817,0
20030818,0
20030819,0
20030820,0
20030821,0
20030822,0
20030823,0
20030824,0
20030825,0
20030826,0
20030827,0
20030828,0
20030829,0
20030830,0
20030831,0
20030901,0
20030902,0
20030903,0
20030904,0
20030905,0
20030906,0
20030907,0
20030908,0
20030909,0
20030910,0
20030911,0
20030912,0
20030913,0
20030914,0
20030915,0
20030916,0
20030917,0
20030918,0
20030919,0
20030920,0
20030921,0
20030922,0
20030923,0
20030924,0
20030925,0
20030926,0
20030927,0
20030928,0
20030929,0
20030930,0
20031001,0
20031002,0
20031003,0
20031004,0
20031005,0
20031006,0
20031007,0
20031008,0
20031009,0
20031010,0
20031011,0
20031012,0
20031013,0
20031014,0
20031015,0
20031016,0
20031017,0
20031018,0
20031019,0
20031020,0
20031021,0
20031022,0
20031023,0
20031024,0
20031025,0
20031026,0
20031027,0
20031028,0
20031029,0
20031030,0
20031031,0
20031101,0
20031102,0
20031103,0
20031104,0
20031105,0
20031106,0
20031107,0
20031108,0
20031109,0
20031110,0
20031111,0
20031112,0
20031113,0
20031114,0
20031115,0
20031116,0
20031117,0
20031118,0
20031119,0
20031120,0
20031121,0
20031122,0
20031123,0
20031124,0
20031125,0
20031126,0
20031127,5.5
20031128,17.7
20031129,24.5
20031130,29.9
20031201,27.2
20031202,28.6
20031203,41.3
20031204,59.7
20031205,76.8
20031206,73.7
20031207,79.9
20031208,85
20031209,71.3
20031210,68.1
20031211,58
20031212,76
20031213,77
20031214,74.7
20031215,83
20031216,84.6
20031217,84.3
20031218,89.6
20031219,73.2
20031220,79.9
20031221,96
20031222,93.7
20031223,92.3
20031224,93.1
20031225,95.9
20031226,91.7
20031227,83
20031228,80.9
20031229,92
20031230,93.2
20031231,95.1
20040101,80.8
20040102,89.7
20040103,94.1
20040104,95.8
20040105,98.9
20040106,95.4
20040107,84.6
20040108,88.7
20040109,92.6
20040110,91.8
20040111,96
20040112,97.1
20040113,100
20040114,100
20040115,100
20040116,99.6
20040117,99.4
20040118,97.3
20040119,92.8
20040120,88.2
20040121,89.8
20040122,90.2
20040123,95.8
20040124,91.8
20040125,87.2
20040126,94
20040127,87.7
20040128,83
20040129,94.2
20040130,99.3
20040131,96.8
20040201,91.9
20040202,95.7
20040203,93.8
20040204,94.5
20040205,92.3
20040206,96.6
20040207,94.8
20040208,84.1
20040209,73.4
20040210,84.7
20040211,87.3
20040212,91.3
20040213,79.1
20040214,65.7
20040215,64
20040216,70.6
20040217,84.2
20040218,97.3
20040219,89.5
20040220,85.6
20040221,86.1
20040222,82.3
20040223,84.7
20040224,91.3
20040225,82.2
20040226,79.3
20040227,84.3
20040228,79.2
20040229,68.3
20040301,67.4
20040302,56.7
20040303,56.4
20040304,51.3
20040305,52.6
20040306,52.8
20040307,71.1
20040308,93.5
20040309,90.2
20040310,78.5
20040311,75.2
20040312,73.3
20040313,80.1
20040314,76.7
20040315,79.8
20040316,80.6
20040317,86.7
20040318,87.7
20040319,80.6
20040320,91
20040321,94.7
20040322,86.2
20040323,81.4
20040324,76.8
20040325,70.9
20040326,77.9
20040327,80.9
20040328,81.8
20040329,87.9
20040330,91.1
20040331,91.8
20040401,93.6
20040402,82.4
20040403,87.8
20040404,84
20040405,83.7
20040406,59.9
20040407,49
20040408,47.1
20040409,39
20040410,41.7
20040411,31.7
20040412,30.9
20040413,17.8
20040414,7.6
20040415,13.2
20040416,13.2
20040417,5.7
20040418,0
20040419,0
20040420,12.4
20040421,15
20040422,5.9
20040423,0
20040424,0
20040425,10
20040426,8.8
20040427,5.1
20040428,11.5
20040429,10
20040430,0
20040501,0
20040502,0
20040503,0
20040504,0
20040505,0
20040506,0
20040507,0
20040508,0
20040509,0
20040510,0
20040511,0
20040512,0
20040513,0
20040514,0
20040515,0
20040516,0
20040517,0
20040518,0
20040519,0
20040520,0
20040521,0
20040522,0
20040523,0
20040524,0
20040525,0
20040526,0
20040527,0
20040528,0
20040529,0
20040530,0
20040531,0
20040601,0
20040602,0
20040603,0
20040604,0
20040605,0
20040606,0
20040607,0
20040608,0
20040609,0
20040610,0
20040611,0
20040612,0
20040613,0
20040614,0
20040615,0
20040616,0
20040617,0
20040618,0
20040619,0
20040620,0
20040621,0
20040622,0
20040623,0
20040624,0
20040625,0
20040626,0
20040627,0
20040628,0
20040629,0
20040630,0
20040701,0
20040702,0
20040703,0
20040704,0
20040705,0
20040706,0
20040707,0
20040708,0
20040709,0
20040710,0
20040711,0
20040712,0
20040713,0
20040714,0
20040715,0
20040716,0
20040717,0
20040718,0
20040719,0
20040720,0
20040721,0
20040722,0
20040723,0
20040724,0
20040725,0
20040726,0
20040727,0
20040728,0
20040729,0
20040730,0
20040731,0
20040801,0
20040802,0
20040803,0
20040804,0
20040805,0
20040806,0
20040807,0
20040808,0
20040809,0
20040810,0
20040811,0
20040812,0
20040813,0
20040814,0
20040815,0
20040816,0
20040817,0
20040818,0
20040819,0
20040820,0
20040821,0
20040822,0
20040823,0
20040824,0
20040825,0
20040826,0
20040827,0
20040828,0
20040829,0
20040830,0
20040831,0
20040901,0
20040902,0
20040903,0
20040904,0
20040905,0
20040906,0
20040907,0
20040908,0
20040909,0
20040910,0
20040911,0
20040912,0
20040913,0
20040914,0
20040915,0
20040916,0
20040917,0
20040918,0
20040919,0
20040920,0
20040921,0
20040922,0
20040923,0
20040924,0
20040925,0
20040926,0
20040927,0
20040928,0
20040929,0
20040930,0
20041001,0
20041002,0
20041003,0
20041004,0
20041005,0
20041006,0
20041007,0
20041008,0
20041009,0
20041010,0
20041011,0
20041012,0
20041013,0
20041014,0
20041015,0
20041016,0
20041017,0
20041018,0
20041019,0
20041020,0
20041021,0
20041022,0
20041023,0
20041024,0
20041025,0
20041026,0
20041027,0
20041028,0
20041029,0
20041030,0
20041031,0
20041101,0
20041102,0
20041103,0
20041104,0
20041105,0
20041106,0
20041107,0
20041108,0
20041109,5.7
20041110,23.1
20041111,0
20041112,14.4
20041113,22.9
20041114,24.4
20041115,13
20041116,4.9
20041117,6.2
20041118,4.8
20041119,5.7
20041120,0
20041121,0
20041122,0
20041123,4.6
20041124,4.8
20041125,0
20041126,0
20041127,0
20041128,4.8
20041129,5.3
20041130,5.1
20041201,5.8
20041202,10.3
20041203,8
20041204,0
20041205,5.1
20041206,10.1
20041207,13.6
20041208,11.7
20041209,29.4
20041210,24.1
20041211,31
20041212,38.8
20041213,38.4
20041214,47.3
20041215,53
20041216,47.8
20041217,46.5
20041218,41.7
20041219,47.2
20041220,46.5
20041221,61.8
20041222,71.3
20041223,81.9
20041224,85
20041225,84.7
20041226,81.9
20041227,83.9
20041228,91.7
20041229,92.4
20041230,87.3
20041231,84.2
20050101,55.3
20050102,25.2
20050103,28.9
20050104,39.1
20050105,33.2
20050106,28.3
20050107,15
20050108,38.1
20050109,50.6
20050110,68.9
20050111,83.7
20050112,89.1
20050113,87.8
20050114,76.6
20050115,69.5
20050116,72.3
20050117,81.3
20050118,84.2
20050119,87.4
20050120,94.7
20050121,93.1
20050122,93.3
20050123,85.5
20050124,85.4
20050125,76.3
20050126,74.9
20050127,75
20050128,92.9
20050129,91.4
20050130,90
20050131,84.5
20050201,91.1
20050202,95.1
20050203,93.4
20050204,94.5
20050205,91.1
20050206,88.9
20050207,89.4
20050208,90.6
20050209,94.4
20050210,95.5
20050211,95.8
20050212,95.7
20050213,92.8
20050214,96.1
20050215,96.7
20050216,99.1
20050217,89.8
20050218,81.8
20050219,62.1
20050220,51.8
20050221,53
20050222,51.4
20050223,52.3
20050224,61.4
20050225,71
20050226,80.7
20050227,75.9
20050228,83.3
20050301,84.8
20050302,90.4
20050303,77.6
20050304,77.4
20050305,86
20050306,70.5
20050307,59.1
20050308,49
20050309,52.9
20050310,51.2
20050311,43
20050312,42
20050313,40.8
20050314,37.9
20050315,31
20050316,14.9
20050317,29.5
20050318,9.2
20050319,0
20050320,7.7
20050321,30.7
20050322,55.4
20050323,77.3
20050324,76.7
20050325,56.1
20050326,60.9
20050327,58.5
20050328,61.1
20050329,71.3
20050330,81.4
20050331,89.3
20050401,85.6
20050402,84.6
20050403,81.6
20050404,80.5
20050405,83.8
20050406,79.8
20050407,74.1
20050408,70.7
20050409,67.6
20050410,72.7
20050411,82
20050412,90
20050413,80.5
20050414,69.8
20050415,62.2
20050416,57.8
20050417,59
20050418,62.7
20050419,72.8
20050420,79.6
20050421,72.5
20050422,47.6
20050423,39.5
20050424,35.5
20050425,23.6
20050426,22.3
20050427,0
20050428,0
20050429,0
20050430,0
20050501,0
20050502,0
20050503,5.1
20050504,10.6
20050505,12.6
20050506,8
20050507,0
20050508,0
20050509,0
20050510,5.2
20050511,4.8
20050512,0
20050513,0
20050514,0
20050515,0
20050516,0
20050517,0
20050518,0
20050519,0
20050520,0
20050521,0
20050522,0
20050523,0
20050524,0
20050525,0
20050526,0
20050527,0
20050528,4.3
20050529,4.5
20050530,0
20050531,0
20050601,0
20050602,0
20050603,0
20050604,0
20050605,0
20050606,0
20050607,0
20050608,0
20050609,0
20050610,0
20050611,0
20050612,0
20050613,0
20050614,0
20050615,0
20050616,0
20050617,0
20050618,0
20050619,0
20050620,0
20050621,0
20050622,0
20050623,0
20050624,0
20050625,0
20050626,0
20050627,0
20050628,0
20050629,0
20050630,0
20050701,0
20050702,0
20050703,0
20050704,0
20050705,0
20050706,0
20050707,0
20050708,0
20050709,0
20050710,0
20050711,0
20050712,0
20050713,0
20050714,0
20050715,0
20050716,0
20050717,0
20050718,0
20050719,0
20050720,0
20050721,0
20050722,0
20050723,0
20050724,0
20050725,0
20050726,0
20050727,0
20050728,0
20050729,0
20050730,0
20050731,0
20050801,0
20050802,0
20050803,0
20050804,0
20050805,0
20050806,0
20050807,0
20050808,0
20050809,0
20050810,0
20050811,0
20050812,0
20050813,0
20050814,0
20050815,0
20050816,0
20050817,0
20050818,0
20050819,0
20050820,0
20050821,0
20050822,0
20050823,0
20050824,0
20050825,0
20050826,0
20050827,0
20050828,0
20050829,0
20050830,0
20050831,0
20050901,0
20050902,0
20050903,0
20050904,0
20050905,0
20050906,0
20050907,0
20050908,0
20050909,0
20050910,0
20050911,0
20050912,0
20050913,0
20050914,0
20050915,0
20050916,0
20050917,0
20050918,0
20050919,0
20050920,0
20050921,0
20050922,0
20050923,0
20050924,0
20050925,0
20050926,0
20050927,0
20050928,0
20050929,0
20050930,0
20051001,0
20051002,0
20051003,0
20051004,0
20051005,0
20051006,0
20051007,0
20051008,0
20051009,0
20051010,0
20051011,0
20051012,0
20051013,0
20051014,0
20051015,0
20051016,0
20051017,0
20051018,0
20051019,0
20051020,0
20051021,0
20051022,0
20051023,0
20051024,0
20051025,0
20051026,0
20051027,0
20051028,0
20051029,0
20051030,0
20051031,0
20051101,0
20051102,0
20051103,0
20051104,0
20051105,0
20051106,0
20051107,5.1
20051108,29
20051109,37.6
20051110,40.2
20051111,45.5
20051112,48.7
20051113,69.8
20051114,78.5
20051115,82.2
20051116,78
20051117,72.9
20051118,72.7
20051119,78
20051120,77.8
20051121,86.5
20051122,87.2
20051123,87.1
20051124,85.2
20051125,81.1
20051126,91.4
20051127,97.3
20051128,90
20051129,87.3
20051130,87.1
20051201,89.8
20051202,91.1
20051203,98.6
20051204,98.4
20051205,93.1
20051206,74.1
20051207,73
20051208,63
20051209,67.4
20051210,75.6
20051211,85.9
20051212,90
20051213,94.2
20051214,82.9
20051215,77.3
20051216,75.6
20051217,80
20051218,84.4
20051219,80.9
20051220,64.1
20051221,73.8
20051222,70.4
20051223,80
20051224,92.2
20051225,81.2
20051226,84.7
20051227,82.3
20051228,90.9
20051229,83.7
20051230,89.2
20051231,89.8
20060101,96.5
20060102,89
20060103,86.7
20060104,85.6
20060105,84.7
20060106,87.3
20060107,93.3
20060108,91.5
20060109,92.8
20060110,94.5
20060111,95.9
20060112,98
20060113,97.6
20060114,91
20060115,86.6
20060116,82.7
20060117,87.9
20060118,93.9
20060119,90.7
20060120,87.4
20060121,82.8
20060122,84.5
20060123,86.8
20060124,91.8
20060125,92.6
20060126,91.8
20060127,92.6
20060128,91.3
20060129,92.6
20060130,97.6
20060131,96.4
20060201,92.7
20060202,93
20060203,96.3
20060204,95.2
20060205,87.3
20060206,94
20060207,100
20060208,100
20060209,100
20060210,99.9
20060211,93.5
20060212,98.4
20060213,98.8
20060214,78.3
20060215,60.6
20060216,56.6
20060217,51.9
20060218,44.6
20060219,44.2
20060220,40
20060221,39.6
20060222,64.5
20060223,67.1
20060224,84.4
20060225,76.6
20060226,80
20060227,89.2
20060228,94.5
20060301,97
20060302,98.2
20060303,97.7
20060304,98.5
20060305,96.8
20060306,94.6
20060307,94.2
20060308,95.9
20060309,96.2
20060310,95.5
20060311,93.3
20060312,87
20060313,92.7
20060314,92.1
20060315,96.6
20060316,91.9
20060317,90.3
20060318,88.2
20060319,79.7
20060320,78.3
20060321,84
20060322,90
20060323,93.9
20060324,93.8
20060325,90.4
20060326,91.3
20060327,95.4
20060328,87.6
20060329,69.9
20060330,61.8
20060331,61.2
20060401,60.3
20060402,61.9
20060403,57.2
20060404,62.1
20060405,76.1
20060406,90.6
20060407,79.6
20060408,62.9
20060409,60.3
20060410,68.7
20060411,62.2
20060412,62.4
20060413,57.8
20060414,76.1
20060415,83
20060416,79.2
20060417,75.4
20060418,68.4
20060419,78.5
20060420,82
20060421,71.6
20060422,50.5
20060423,41.1
20060424,46.5
20060425,60.6
20060426,49.1
20060427,35.8
20060428,57.9
20060429,63.2
20060430,64.2
20060501,59
20060502,30.9
20060503,39.9
20060504,43.8
20060505,33.3
20060506,22.9
20060507,35.1
20060508,33.3
20060509,42.6
20060510,23.3
20060511,34.8
20060512,32.8
20060513,29
20060514,27.7
20060515,25.9
20060516,12.9
20060517,16.3
20060518,12.1
20060519,6
20060520,13.9
20060521,11
20060522,6
20060523,19.7
20060524,12
20060525,0
20060526,0
20060527,4.8
20060528,3.9
20060529,4.9
20060530,7.8
20060531,5
20060601,4.3
20060602,0
20060603,0
20060604,0
20060605,0
20060606,3.8
20060607,3.8
20060608,0
20060609,0
20060610,0
20060611,0
20060612,0
20060613,0
20060614,0
20060615,0
20060616,0
20060617,0
20060618,0
20060619,0
20060620,0
20060621,0
20060622,0
20060623,0
20060624,0
20060625,0
20060626,0
20060627,0
20060628,0
20060629,0
20060630,0
20060701,0
20060702,0
20060703,0
20060704,0
20060705,0
20060706,0
20060707,0
20060708,0
20060709,0
20060710,0
20060711,0
20060712,0
20060713,0
20060714,0
20060715,0
20060716,0
20060717,0
20060718,0
20060719,0
20060720,0
20060721,0
20060722,0
20060723,0
20060724,0
20060725,0
20060726,0
20060727,0
20060728,0
20060729,0
20060730,0
20060731,0
20060801,0
20060802,0
20060803,0
20060804,0
20060805,0
20060806,0
20060807,0
20060808,0
20060809,0
20060810,0
20060811,0
20060812,0
20060813,0
20060814,0
20060815,0
20060816,0
20060817,0
20060818,0
20060819,0
20060820,0
20060821,0
20060822,0
20060823,0
20060824,0
20060825,0
20060826,0
20060827,0
20060828,0
20060829,0
20060830,0
20060831,0
20060901,0
20060902,0
20060903,0
20060904,0
20060905,0
20060906,0
20060907,0
20060908,0
20060909,0
20060910,0
20060911,0
20060912,0
20060913,0
20060914,0
20060915,0
20060916,0
20060917,0
20060918,0
20060919,0
20060920,0
20060921,0
20060922,0
20060923,0
20060924,0
20060925,0
20060926,0
20060927,0
20060928,0
20060929,0
20060930,0
20061001,0
20061002,0
20061003,0
20061004,0
20061005,0
20061006,0
20061007,0
20061008,0
20061009,0
20061010,0
20061011,0
20061012,0
20061013,0
20061014,0
20061015,0
20061016,0
20061017,0
20061018,0
20061019,0
20061020,0
20061021,0
20061022,0
20061023,0
20061024,0
20061025,0
20061026,0
20061027,0
20061028,0
20061029,0
20061030,0
20061031,0
20061101,0
20061102,0
20061103,0
20061104,0
20061105,0
20061106,0
20061107,0
20061108,0
20061109,0
20061110,0
20061111,0
20061112,0
20061113,0
20061114,0
20061115,0
20061116,0
20061117,0
20061118,0
20061119,31.2
20061120,13.4
20061121,14
20061122,13
20061123,35.7
20061124,44.6
20061125,57.1
20061126,42
20061127,26.2
20061128,29.2
20061129,23.4
20061130,0
20061201,32.6
20061202,28.8
20061203,44.7
20061204,37.7
20061205,48.3
20061206,54
20061207,50.8
20061208,52.1
20061209,58.3
20061210,63.5
20061211,69.7
20061212,79.8
20061213,89
20061214,85.1
20061215,90.2
20061216,83.5
20061217,74.2
20061218,83.8
20061219,84.2
20061220,91.5
20061221,87.7
20061222,91
20061223,92.2
20061224,90.7
20061225,93.2
20061226,98
20061227,92.3
20061228,87.6
20061229,91.2
20061230,90.4
20061231,93.6
20070101,94.7
20070102,95.6
20070103,95.9
20070104,94.5
20070105,94.5
20070106,95.6
20070107,93.3
20070108,92.6
20070109,96.2
20070110,92.2
20070111,96.8
20070112,98.2
20070113,97.7
20070114,97.3
20070115,99
20070116,100
20070117,92.2
20070118,95.9
20070119,96.5
20070120,99.1
20070121,100
20070122,100
20070123,100
20070124,98.5
20070125,90.8
20070126,92.7
20070127,95.1
20070128,97
20070129,97
20070130,96.8
20070131,74.6
20070201,71.1
20070202,69.5
20070203,57.3
20070204,51.8
20070205,59.1
20070206,58.6
20070207,52.9
20070208,54.7
20070209,49.2
20070210,46.9
20070211,54.2
20070212,56.4
20070213,48.5
20070214,63.6
20070215,59.3
20070216,79.3
20070217,90
20070218,65.1
20070219,66.5
20070220,76.9
20070221,92.3
20070222,92.8
20070223,90.7
20070224,83.1
20070225,84
20070226,84
20070227,89.2
20070228,94
20070301,87.4
20070302,89.2
20070303,93.1
20070304,89.4
20070305,86.8
20070306,92.5
20070307,89.7
20070308,85.1
20070309,82.3
20070310,82.6
20070311,81.7
20070312,87.1
20070313,86.9
20070314,88.8
20070315,84.6
20070316,87.9
20070317,90.9
20070318,92
20070319,95
20070320,86.4
20070321,88.1
20070322,86
20070323,92.6
20070324,90.6
20070325,85.9
20070326,80.6
20070327,81.2
20070328,91.6
20070329,88.7
20070330,91.4
20070331,95.7
20070401,96.6
20070402,97.1
20070403,98.6
20070404,98.9
20070405,87.9
20070406,78.6
20070407,65.4
20070408,58.7
20070409,58.1
20070410,51.3
20070411,49.9
20070412,52.2
20070413,37.4
20070414,45.5
20070415,47
20070416,41.5
20070417,42.8
20070418,30
20070419,39
20070420,45.3
20070421,35.1
20070422,25.6
20070423,15.9
20070424,26.4
20070425,31.6
20070426,29
20070427,13.4
20070428,5
20070429,4.9
20070430,5.6
20070501,4.3
20070502,5.9
20070503,4.7
20070504,0
20070505,0
20070506,4.1
20070507,4.9
20070508,4.2
20070509,9.9
20070510,7.1
20070511,4.1
20070512,4.6
20070513,4.9
20070514,0
20070515,0
20070516,0
20070517,0
20070518,0
20070519,0
20070520,4.6
20070521,3.8
20070522,0
20070523,0
20070524,0
20070525,0
20070526,0
20070527,0
20070528,0
20070529,0
20070530,0
20070531,0
20070601,0
20070602,0
20070603,0
20070604,0
20070605,0
20070606,0
20070607,0
20070608,0
20070609,0
20070610,0
20070611,0
20070612,0
20070613,0
20070614,0
20070615,0
20070616,0
20070617,0
20070618,0
20070619,0
20070620,0
20070621,0
20070622,0
20070623,0
20070624,0
20070625,0
20070626,0
20070627,0
20070628,0
20070629,0
20070630,0
20070701,0
20070702,0
20070703,0
20070704,0
20070705,0
20070706,0
20070707,0
20070708,0
20070709,0
20070710,0
20070711,0
20070712,0
20070713,0
20070714,0
20070715,0
20070716,0
20070717,0
20070718,0
20070719,0
20070720,0
20070721,0
20070722,0
20070723,0
20070724,0
20070725,0
20070726,0
20070727,0
20070728,0
20070729,0
20070730,0
20070731,0
20070801,0
20070802,0
20070803,0
20070804,0
20070805,0
20070806,0
20070807,0
20070808,0
20070809,0
20070810,0
20070811,0
20070812,0
20070813,0
20070814,0
20070815,0
20070816,0
20070817,0
20070818,0
20070819,0
20070820,0
20070821,0
20070822,0
20070823,0
20070824,0
20070825,0
20070826,0
20070827,0
20070828,0
20070829,0
20070830,0
20070831,0
20070901,0
20070902,0
20070903,0
20070904,0
20070905,0
20070906,0
20070907,0
20070908,0
20070909,0
20070910,0
20070911,0
20070912,0
20070913,0
20070914,0
20070915,0
20070916,0
20070917,0
20070918,0
20070919,0
20070920,0
20070921,0
20070922,0
20070923,0
20070924,0
20070925,0
20070926,0
20070927,0
20070928,0
20070929,0
20070930,0
20071001,0
20071002,0
20071003,0
20071004,0
20071005,0
20071006,0
20071007,0
20071008,0
20071009,0
20071010,0
20071011,0
20071012,0
20071013,0
20071014,0
20071015,0
20071016,0
20071017,0
20071018,0
20071019,0
20071020,0
20071021,0
20071022,0
20071023,0
20071024,0
20071025,0
20071026,0
20071027,0
20071028,0
20071029,0
20071030,0
20071031,0
20071101,0
20071102,0
20071103,0
20071104,0
20071105,0
20071106,0
20071107,0
20071108,0
20071109,0
20071110,0
20071111,0
20071112,0
20071113,0
20071114,0
20071115,0
20071116,0
20071117,0
20071118,0
20071119,0
20071120,0
20071121,0
20071122,0
20071123,0
20071124,0
20071125,0
20071126,0
20071127,0
20071128,0
20071129,0
20071130,0
20071201,0
20071202,0
20071203,0
20071204,16.8
20071205,17.9
20071206,0
20071207,0
20071208,6.3
20071209,6.1
20071210,4.6
20071211,0
20071212,0
20071213,6.1
20071214,8.2
20071215,4.9
20071216,27.2
20071217,37.4
20071218,43.9
20071219,47.9
20071220,68
20071221,74.9
20071222,82.2
20071223,83.1
20071224,91.1
20071225,92.5
20071226,87.2
20071227,82.3
20071228,84
20071229,96.7
20071230,98.5
20071231,98.8
20080101,100
20080102,100
20080103,99.2
20080104,99.2
20080105,96
20080106,97.1
20080107,98.2
20080108,99.3
20080109,98.7
20080110,97.7
20080111,97.1
20080112,96.4
20080113,94.4
20080114,98.2
20080115,99.8
20080116,99.1
20080117,97.9
20080118,99.6
20080119,98.4
20080120,98.7
20080121,92.1
20080122,85.2
20080123,98
20080124,97
20080125,95.4
20080126,97.4
20080127,95
20080128,96.3
20080129,97.9
20080130,98.5
20080131,99.9
20080201,96.7
20080202,98.6
20080203,100
20080204,97.9
20080205,93.3
20080206,91.7
20080207,91.1
20080208,93.2
20080209,95.3
20080210,91.9
20080211,86.5
20080212,90.2
20080213,82.7
20080214,85.8
20080215,90.8
20080216,94.1
20080217,95.9
20080218,91
20080219,94.3
20080220,92.6
20080221,96.1
20080222,93.8
20080223,93.2
20080224,91
20080225,92
20080226,89.1
20080227,88
20080228,92.5
20080229,89.5
20080301,82.9
20080302,86.8
20080303,83.6
20080304,82.2
20080305,85.7
20080306,76.2
20080307,89.5
20080308,91
20080309,89
20080310,88.8
20080311,91
20080312,89.6
20080313,94.4
20080314,93.4
20080315,94
20080316,85.1
20080317,85.5
20080318,91
20080319,91.3
20080320,91.6
20080321,91.9
20080322,92.2
20080323,92.5
20080324,92.8
20080325,93.1
20080326,93.3
20080327,91.6
20080328,93.3
20080329,93.7
20080330,95.3
20080331,96
20080401,98.2
20080402,98.6
20080403,94.6
20080404,98.9
20080405,97.1
20080406,97
20080407,97.8
20080408,98.5
20080409,98
20080410,95.7
20080411,95
20080412,95.9
20080413,99.3
20080414,95.5
20080415,97.2
20080416,91.7
20080417,87.3
20080418,94.5
20080419,99.6
20080420,99.2
20080421,95.3
20080422,94.6
20080423,91.2
20080424,92.8
20080425,89.6
20080426,87.4
20080427,81.7
20080428,78.9
20080429,82
20080430,70.8
20080501,63.5
20080502,65.2
20080503,59.6
20080504,57.5
20080505,63.5
20080506,55.9
20080507,54.2
20080508,46.2
20080509,38.4
20080510,39.8
20080511,34.3
20080512,27.9
20080513,30.1
20080514,25.6
20080515,28.5
20080516,32.5
20080517,20.6
20080518,18.8
20080519,18.6
20080520,14.3
20080521,13.9
20080522,11.1
20080523,11.4
20080524,4
20080525,3.4
20080526,0
20080527,0
20080528,0
20080529,0
20080530,0
20080531,0
20080601,0
20080602,0
20080603,0
20080604,0
20080605,0
20080606,0
20080607,0
20080608,0
20080609,0
20080610,0
20080611,0
20080612,0
20080613,0
20080614,0
20080615,0
20080616,0
20080617,0
20080618,0
20080619,0
20080620,0
20080621,0
20080622,0
20080623,0
20080624,0
20080625,0
20080626,0
20080627,0
20080628,0
20080629,0
20080630,0
20080701,0
20080702,0
20080703,0
20080704,0
20080705,0
20080706,0
20080707,0
20080708,0
20080709,0
20080710,0
20080711,0
20080712,0
20080713,0
20080714,0
20080715,0
20080716,0
20080717,0
20080718,0
20080719,0
20080720,0
20080721,0
20080722,0
20080723,0
20080724,0
20080725,0
20080726,0
20080727,0
20080728,0
20080729,0
20080730,0
20080731,0
20080801,0
20080802,0
20080803,0
20080804,0
20080805,0
20080806,0
20080807,0
20080808,0
20080809,0
20080810,0
20080811,0
20080812,0
20080813,0
20080814,0
20080815,0
20080816,0
20080817,0
20080818,0
20080819,0
20080820,0
20080821,0
20080822,0
20080823,0
20080824,0
20080825,0
20080826,0
20080827,0
20080828,0
20080829,0
20080830,0
20080831,0
20080901,0
20080902,0
20080903,0
20080904,0
20080905,0
20080906,0
20080907,0
20080908,0
20080909,0
20080910,0
20080911,0
20080912,0
20080913,0
20080914,0
20080915,0
20080916,0
20080917,0
20080918,0
20080919,0
20080920,0
20080921,0
20080922,0
20080923,0
20080924,0
20080925,0
20080926,0
20080927,0
20080928,0
20080929,0
20080930,0
20081001,0
20081002,0
20081003,0
20081004,0
20081005,0
20081006,0
20081007,0
20081008,0
20081009,0
20081010,0
20081011,0
20081012,0
20081013,0
20081014,0
20081015,0
20081016,0
20081017,0
20081018,0
20081019,0
20081020,0
20081021,0
20081022,0
20081023,0
20081024,0
20081025,0
20081026,0
20081027,0
20081028,0
20081029,0
20081030,0
20081031,0
20081101,0
20081102,0
20081103,0
20081104,4.8
20081105,0
20081106,24.9
20081107,31.1
20081108,23.4
20081109,35.4
20081110,28.6
20081111,27.1
20081112,34.8
20081113,33.6
20081114,26.8
20081115,24.4
20081116,27
20081117,34.8
20081118,37.3
20081119,60.8
20081120,68.9
20081121,66.8
20081122,70.9
20081123,82.5
20081124,83.3
20081125,85.2
20081126,91
20081127,91.3
20081128,80.3
20081129,88.5
20081130,94.8
20081201,90
20081202,80.6
20081203,76.7
20081204,61.1
20081205,66.5
20081206,59.7
20081207,81.7
20081208,93
20081209,89.2
20081210,89
20081211,95.4
20081212,96
20081213,95.9
20081214,92.9
20081215,90.1
20081216,87.8
20081217,76.7
20081218,34.6
20081219,36.5
20081220,50.7
20081221,52.1
20081222,43.9
20081223,40.3
20081224,52.3
20081225,67.4
20081226,86.6
20081227,87.5
20081228,87.7
20081229,88.3
20081230,90.2
20081231,97
20090101,85.9
20090102,95
20090103,96
20090104,88.7
20090105,93
20090106,94.9
20090107,94.2
20090108,94.4
20090109,95
20090110,94.7
20090111,97.9
20090112,96.8
20090113,97.2
20090114,94.2
20090115,88.4
20090116,91.5
20090117,94.6
20090118,99.3
20090119,99.1
20090120,99.8
20090121,98
20090122,88.3
20090123,85.6
20090124,83.7
20090125,89.6
20090126,95
20090127,98.2
20090128,96.8
20090129,88.8
20090130,88
20090131,90.5
20090201,90.6
20090202,88.3
20090203,93.5
20090204,97.3
20090205,97.1
20090206,100
20090207,99.4
20090208,99.2
20090209,99
20090210,99
20090211,98.9
20090212,99.5
20090213,99.9
20090214,99.5
20090215,96.4
20090216,94.7
20090217,93.3
20090218,94.7
20090219,99.7
20090220,100
20090221,99.7
20090222,100
20090223,97.7
20090224,98.8
20090225,97.6
20090226,99.3
20090227,96.6
20090228,98.6
20090301,98.5
20090302,96.9
20090303,98.4
20090304,99.8
20090305,97
20090306,100
20090307,97.8
20090308,98
20090309,99.1
20090310,96.7
20090311,97.9
20090312,97.9
20090313,98.4
20090314,95.4
20090315,92.2
20090316,89.3
20090317,83.4
20090318,83.1
20090319,83.3
20090320,83.5
20090321,82.7
20090322,83.4
20090323,85.2
20090324,82.2
20090325,77.9
20090326,69.8
20090327,76.2
20090328,79.1
20090329,79
20090330,79.1
20090331,83.5
20090401,85.6
20090402,86.3
20090403,85.5
20090404,89.9
20090405,86.5
20090406,89.4
20090407,98.9
20090408,98
20090409,97.2
20090410,81
20090411,78.7
20090412,83.8
20090413,86.5
20090414,77.9
20090415,69.5
20090416,68.8
20090417,65.8
20090418,63.7
20090419,60.8
20090420,72.6
20090421,67
20090422,65.8
20090423,65.7
20090424,72.5
20090425,69.9
20090426,74.7
20090427,65.9
20090428,64.1
20090429,47.1
20090430,34.7
20090501,32.9
20090502,29.7
20090503,34.1
20090504,35.5
20090505,35.7
20090506,33.2
20090507,27.6
20090508,28.2
20090509,25.4
20090510,29
20090511,26.6
20090512,32.3
20090513,29.7
20090514,27
20090515,20.7
20090516,23.5
20090517,9
20090518,20.1
20090519,19.1
20090520,15.6
20090521,19.4
20090522,11.9
20090523,6.4
20090524,6.4
20090525,5.2
20090526,4.5
20090527,4.6
20090528,0
20090529,0
20090530,0
20090531,0
20090601,0
20090602,0
20090603,0
20090604,0
20090605,0
20090606,0
20090607,0
20090608,0
20090609,0
20090610,0
20090611,0
20090612,0
20090613,0
20090614,0
20090615,0
20090616,0
20090617,0
20090618,0
20090619,0
20090620,0
20090621,0
20090622,0
20090623,0
20090624,0
20090625,0
20090626,0
20090627,0
20090628,0
20090629,0
20090630,0
20090701,0
20090702,0
20090703,0
20090704,0
20090705,0
20090706,0
20090707,0
20090708,0
20090709,0
20090710,0
20090711,0
20090712,0
20090713,0
20090714,0
20090715,0
20090716,0
20090717,0
20090718,0
20090719,0
20090720,0
20090721,0
20090722,0
20090723,0
20090724,0
20090725,0
20090726,0
20090727,0
20090728,0
20090729,0
20090730,0
20090731,0
20090801,0
20090802,0
20090803,0
20090804,0
20090805,0
20090806,0
20090807,0
20090808,0
20090809,0
20090810,0
20090811,0
20090812,0
20090813,0
20090814,0
20090815,0
20090816,0
20090817,0
20090818,0
20090819,0
20090820,0
20090821,0
20090822,0
20090823,0
20090824,0
20090825,0
20090826,0
20090827,0
20090828,0
20090829,0
20090830,0
20090831,0
20090901,0
20090902,0
20090903,0
20090904,0
20090905,0
20090906,0
20090907,0
20090908,0
20090909,0
20090910,0
20090911,0
20090912,0
20090913,0
20090914,0
20090915,0
20090916,0
20090917,0
20090918,0
20090919,0
20090920,0
20090921,0
20090922,0
20090923,0
20090924,0
20090925,0
20090926,0
20090927,0
20090928,0
20090929,0
20090930,0
20091001,0
20091002,0
20091003,0
20091004,0
20091005,0
20091006,0
20091007,0
20091008,0
20091009,0
20091010,0
20091011,0
20091012,0
20091013,0
20091014,0
20091015,0
20091016,0
20091017,0
20091018,0
20091019,0
20091020,0
20091021,0
20091022,0
20091023,0
20091024,0
20091025,0
20091026,0
20091027,0
20091028,0
20091029,0
20091030,0
20091031,0
20091101,0
20091102,12.9
20091103,0
20091104,0
20091105,0
20091106,0
20091107,0
20091108,0
20091109,0
20091110,0
20091111,0
20091112,0
20091113,4.2
20091114,21.7
20091115,32.2
20091116,33.7
20091117,39.5
20091118,48.5
20091119,55.6
20091120,55.9
20091121,70.1
20091122,72.7
20091123,76
20091124,80.9
20091125,83.2
20091126,76.9
20091127,85.4
20091128,89.9
20091129,90.8
20091130,83.1
20091201,78.7
20091202,81.1
20091203,90.6
20091204,86.4
20091205,69.6
20091206,26.6
20091207,26.7
20091208,12.7
20091209,33.3
20091210,23.7
20091211,39
20091212,41.2
20091213,47.9
20091214,68.6
20091215,87.6
20091216,83.5
20091217,85.8
20091218,87
20091219,91.3
20091220,75
20091221,68.3
20091222,61.3
20091223,59.7
20091224,73.6
20091225,74.3
20091226,78.9
20091227,73.8
20091228,61.8
20091229,50.3
20091230,48.5
20091231,49.9
20100101,64.4
20100102,80.1
20100103,82.6
20100104,84.5
20100105,79.9
20100106,82.5
20100107,84.4
20100108,88
20100109,91.9
20100110,91.2
20100111,85.9
20100112,87.7
20100113,89.9
20100114,94.3
20100115,92.4
20100116,86.9
20100117,86.9
20100118,88.3
20100119,87
20100120,85.9
20100121,90
20100122,93.1
20100123,94.8
20100124,91
20100125,94.5
20100126,89.6
20100127,86.2
20100128,89
20100129,95.4
20100130,97.5
20100131,84.4
20100201,90.6
20100202,78.7
20100203,86.4
20100204,86
20100205,85.2
20100206,87.1
20100207,85.9
20100208,91.3
20100209,85.3
20100210,75.8
20100211,77.1
20100212,82
20100213,91.8
20100214,81.1
20100215,96.3
20100216,99
20100217,81.9
20100218,74.3
20100219,69.3
20100220,63.6
20100221,73.6
20100222,65.9
20100223,68.7
20100224,63.6
20100225,82.4
20100226,90.5
20100227,92.9
20100228,88.5
20100301,88.3
20100302,88.1
20100303,89.5
20100304,89.2
20100305,87
20100306,91.7
20100307,93.3
20100308,96.3
20100309,97
20100310,96.9
20100311,95.2
20100312,97
20100313,94.7
20100314,89.6
20100315,92.1
20100316,89.3
20100317,95.4
20100318,94.8
20100319,92.9
20100320,88.9
20100321,87.4
20100322,86.1
20100323,91.1
20100324,95.8
20100325,86.6
20100326,83.1
20100327,88.4
20100328,85.8
20100329,92.2
20100330,91.3
20100331,93.5
20100401,84.1
20100402,91.8
20100403,89.3
20100404,94.2
20100405,95.7
20100406,96.1
20100407,97.2
20100408,95.2
20100409,96.4
20100410,96.3
20100411,99.6
20100412,99.2
20100413,98.7
20100414,98.1
20100415,100
20100416,96.3
20100417,98.9
20100418,98.1
20100419,99
20100420,95.9
20100421,93.9
20100422,94.7
20100423,96.9
20100424,95.5
20100425,86.9
20100426,83.4
20100427,75.7
20100428,72.1
20100429,69.3
20100430,72.2
20100501,66.3
20100502,63.1
20100503,61.9
20100504,66.4
20100505,62.2
20100506,59.4
20100507,55.1
20100508,51.7
20100509,49.3
20100510,51.1
20100511,43.8
20100512,38.7
20100513,28.2
20100514,27.1
20100515,31.3
20100516,20.5
20100517,19.1
20100518,13.3
20100519,13
20100520,12.5
20100521,13.7
20100522,12.1
20100523,12.5
20100524,10.5
20100525,11.2
20100526,10.9
20100527,0
20100528,0
20100529,0
20100530,0
20100531,0
20100601,8.3
20100602,8.7
20100603,8.1
20100604,8
20100605,9.3
20100606,9.3
20100607,9.3
20100608,12.5
20100609,10
20100610,10.7
20100611,9.5
20100612,4.8
20100613,0
20100614,0
20100615,0
20100616,17.5
20100617,9.3
20100618,0
20100619,0
20100620,0
20100621,0
20100622,0
20100623,0
20100624,0
20100625,0
20100626,0
20100627,0
20100628,0
20100629,0
20100630,0
20100701,0
20100702,0
20100703,0
20100704,0
20100705,0
20100706,0
20100707,0
20100708,0
20100709,0
20100710,0
20100711,0
20100712,0
20100713,0
20100714,0
20100715,0
20100716,0
20100717,0
20100718,0
20100719,0
20100720,0
20100721,0
20100722,0
20100723,0
20100724,0
20100725,0
20100726,0
20100727,0
20100728,0
20100729,0
20100730,0
20100731,0
20100801,0
20100802,0
20100803,0
20100804,0
20100805,0
20100806,0
20100807,0
20100808,0
20100809,0
20100810,0
20100811,0
20100812,0
20100813,0
20100814,0
20100815,0
20100816,0
20100817,0
20100818,0
20100819,0
20100820,0
20100821,0
20100822,0
20100823,0
20100824,0
20100825,0
20100826,0
20100827,0
20100828,0
20100829,0
20100830,0
20100831,0
20100901,0
20100902,0
20100903,0
20100904,0
20100905,0
20100906,0
20100907,0
20100908,0
20100909,0
20100910,0
20100911,0
20100912,0
20100913,0
20100914,0
20100915,0
20100916,0
20100917,0
20100918,0
20100919,0
20100920,0
20100921,0
20100922,0
20100923,0
20100924,0
20100925,0
20100926,0
20100927,0
20100928,0
20100929,0
20100930,0
20101001,0
20101002,0
20101003,0
20101004,0
20101005,0
20101006,0
20101007,0
20101008,0
20101009,0
20101010,0
20101011,0
20101012,0
20101013,0
20101014,0
20101015,0
20101016,0
20101017,0
20101018,0
20101019,0
20101020,0
20101021,0
20101022,0
20101023,0
20101024,0
20101025,0
20101026,0
20101027,0
20101028,0
20101029,0
20101030,0
20101031,0
20101101,0
20101102,0
20101103,0
20101104,0
20101105,0
20101106,0
20101107,0
20101108,0
20101109,0
20101110,0
20101111,0
20101112,0
20101113,0
20101114,11
20101115,18
20101116,19.6
20101117,13.9
20101118,10.8
20101119,12
20101120,0
20101121,0
20101122,0
20101123,0
20101124,5.6
20101125,4.8
20101126,5.3
20101127,0
20101128,9.2
20101129,11.2
20101130,23.9
20101201,26.6
20101202,12.3
20101203,15
20101204,5.2
20101205,34.2
20101206,37.7
20101207,51.6
20101208,44.8
20101209,59.5
20101210,59.3
20101211,68.7
20101212,74.9
20101213,87.1
20101214,86.9
20101215,92.2
20101216,93.1
20101217,97.2
20101218,75.3
20101219,83.1
20101220,80
20101221,84.5
20101222,82.9
20101223,89.8
20101224,79.8
20101225,81.9
20101226,83.4
20101227,83.1
20101228,90.1
20101229,91.2
20101230,86.4
20101231,90.4
20110101,93
20110102,96.7
20110103,98.2
20110104,86.4
20110105,86.7
20110106,92.5
20110107,88.5
20110108,94.1
20110109,97.6
20110110,98.7
20110111,98.5
20110112,97.4
20110113,96.7
20110114,92.3
20110115,92.1
20110116,90.6
20110117,94.1
20110118,96.2
20110119,86.9
20110120,80.4
20110121,85.4
20110122,88.1
20110123,81.9
20110124,83.8
20110125,78
20110126,90.6
20110127,88.9
20110128,85.9
20110129,88.4
20110130,80
20110131,76.3
20110201,90.6
20110202,99.6
20110203,99.4
20110204,99.6
20110205,98.7
20110206,97.4
20110207,83.5
20110208,89.4
20110209,81.5
20110210,93.8
20110211,94.8
20110212,93.5
20110213,91.1
20110214,89
20110215,93.1
20110216,95
20110217,97
20110218,95.1
20110219,97.2
20110220,95.5
20110221,96.7
20110222,94.1
20110223,97.8
20110224,100
20110225,100
20110226,89
20110227,90.8
20110228,89.5
20110301,90.1
20110302,90.7
20110303,88
20110304,85.4
20110305,86.8
20110306,92.7
20110307,84.3
20110308,78.3
20110309,78
20110310,90.2
20110311,87.4
20110312,83
20110313,81.2
20110314,86.3
20110315,89.3
20110316,89.3
20110317,88.6
20110318,79.1
20110319,58
20110320,68.6
20110321,70.8
20110322,75.4
20110323,79.4
20110324,74.2
20110325,77.2
20110326,87.3
20110327,91.8
20110328,85.3
20110329,78.9
20110330,71.6
20110331,78.7
20110401,87
20110402,82
20110403,52.9
20110404,54.5
20110405,62.5
20110406,68.3
20110407,70.6
20110408,64.3
20110409,61.7
20110410,64
20110411,68.2
20110412,73.8
20110413,74.6
20110414,78.2
20110415,77.7
20110416,68.4
20110417,61.7
20110418,62.3
20110419,45.5
20110420,37.6
20110421,37.7
20110422,32.9
20110423,33.2
20110424,34.1
20110425,45.4
20110426,42
20110427,41.2
20110428,33.2
20110429,32.2
20110430,19.3
20110501,16.8
20110502,23.1
20110503,24.6
20110504,22.7
20110505,23.1
20110506,22
20110507,15.8
20110508,6.2
20110509,7.7
20110510,7.4
20110511,6.4
20110512,5.9
20110513,6.5
20110514,0
20110515,0
20110516,0
20110517,0
20110518,0
20110519,0
20110520,0
20110521,0
20110522,0
20110523,0
20110524,0
20110525,0
20110526,0
20110527,0
20110528,0
20110529,0
20110530,0
20110531,0
20110601,0
20110602,0
20110603,0
20110604,0
20110605,0
20110606,0
20110607,0
20110608,0
20110609,0
20110610,0
20110611,0
20110612,0
20110613,0
20110614,0
20110615,0
20110616,0
20110617,0
20110618,0
20110619,0
20110620,0
20110621,0
20110622,0
20110623,0
20110624,0
20110625,0
20110626,0
20110627,0
20110628,0
20110629,0
20110630,0
20110701,0
20110702,0
20110703,0
20110704,0
20110705,0
20110706,0
20110707,0
20110708,0
20110709,0
20110710,0
20110711,0
20110712,0
20110713,0
20110714,0
20110715,0
20110716,0
20110717,0
20110718,0
20110719,0
20110720,0
20110721,0
20110722,0
20110723,0
20110724,0
20110725,0
20110726,0
20110727,0
20110728,0
20110729,0
20110730,0
20110731,0
20110801,0
20110802,0
20110803,0
20110804,0
20110805,0
20110806,0
20110807,0
20110808,0
20110809,0
20110810,0
20110811,0
20110812,0
20110813,0
20110814,0
20110815,0
20110816,0
20110817,0
20110818,0
20110819,0
20110820,0
20110821,0
20110822,0
20110823,0
20110824,0
20110825,0
20110826,0
20110827,0
20110828,0
20110829,0
20110830,0
20110831,0
20110901,0
20110902,0
20110903,0
20110904,0
20110905,0
20110906,0
20110907,0
20110908,0
20110909,0
20110910,0
20110911,0
20110912,0
20110913,0
20110914,0
20110915,0
20110916,0
20110917,0
20110918,0
20110919,0
20110920,0
20110921,0
20110922,0
20110923,0
20110924,0
20110925,0
20110926,0
20110927,0
20110928,0
20110929,0
20110930,0
20111001,0
20111002,0
20111003,0
20111004,0
20111005,0
20111006,0
20111007,0
20111008,0
20111009,0
20111010,0
20111011,0
20111012,0
20111013,0
20111014,0
20111015,0
20111016,0
20111017,0
20111018,0
20111019,0
20111020,0
20111021,0
20111022,0
20111023,0
20111024,0
20111025,0
20111026,0
20111027,0
20111028,0
20111029,0
20111030,0
20111031,0
20111101,0
20111102,0
20111103,0
20111104,0
20111105,0
20111106,0
20111107,0
20111108,0
20111109,0
20111110,0
20111111,0
20111112,0
20111113,0
20111114,10.1
20111115,21.3
20111116,25.9
20111117,26.7
20111118,30.7
20111119,33.2
20111120,13.5
20111121,39.7
20111122,56.7
20111123,70.9
20111124,69.6
20111125,73.7
20111126,75
20111127,80.5
20111128,82.7
20111129,84.2
20111130,78.6
20111201,83.3
20111202,85
20111203,85.1
20111204,84.8
20111205,86
20111206,85
20111207,61.3
20111208,32.1
20111209,26.1
20111210,28.9
20111211,31.9
20111212,43
20111213,47
20111214,69.8
20111215,66.3
20111216,64.3
20111217,60
20111218,63.4
20111219,57.7
20111220,57.8
20111221,71.4
20111222,76.8
20111223,83
20111224,87
20111225,86.7
20111226,89.1
20111227,92.5
20111228,90.5
20111229,92.5
20111230,93.6
20111231,94.9
20120101,93.2
20120102,93.9
20120103,95.4
20120104,95.1
20120105,92
20120106,92.2
20120107,91.9
20120108,94.4
20120109,95.3
20120110,90.6
20120111,88.9
20120112,91.4
20120113,92
20120114,93.1
20120115,93.7
20120116,93.7
20120117,86.7
20120118,87.8
20120119,87.3
20120120,87.7
20120121,84.1
20120122,79
20120123,79.3
20120124,84.8
20120125,90.3
20120126,90.5
20120127,90
20120128,87.4
20120129,83
20120130,86.2
20120131,89.5
20120201,84.2
20120202,80
20120203,87.4
20120204,84
20120205,86
20120206,83.9
20120207,88
20120208,89.4
20120209,84.2
20120210,72.6
20120211,70.8
20120212,69.9
20120213,72.4
20120214,82.5
20120215,69.7
20120216,65.1
20120217,78.4
20120218,68.4
20120219,69.9
20120220,69.5
20120221,69.7
20120222,79.5
20120223,90
20120224,91.2
20120225,91.3
20120226,92
20120227,90.1
20120228,90.2
20120229,93.5
20120301,90.3
20120302,85.1
20120303,88.4
20120304,92.2
20120305,95.3
20120306,95.8
20120307,96.2
20120308,97.5
20120309,96.1
20120310,92
20120311,90.6
20120312,91.7
20120313,89.7
20120314,86.8
20120315,89.6
20120316,95.8
20120317,95.4
20120318,98.5
20120319,96.8
20120320,90.9
20120321,89.8
20120322,90.9
20120323,90.3
20120324,92.5
20120325,97.9
20120326,97.3
20120327,88.6
20120328,84.4
20120329,84.9
20120330,81.8
20120331,83.5
20120401,84.2
20120402,88.4
20120403,91.5
20120404,86.7
20120405,88.2
20120406,93.5
20120407,87.9
20120408,83.9
20120409,79.6
20120410,82.8
20120411,78
20120412,70.6
20120413,66.8
20120414,66.3
20120415,63.2
20120416,55.8
20120417,54.7
20120418,52.8
20120419,48.9
20120420,46.6
20120421,47.1
20120422,50.2
20120423,48.7
20120424,42.1
20120425,47.7
20120426,36.6
20120427,33
20120428,38.9
20120429,27.3
20120430,37.1
20120501,39.8
20120502,44.9
20120503,43.4
20120504,34.3
20120505,29.3
20120506,27
20120507,18.5
20120508,33.8
20120509,33.5
20120510,34.3
20120511,36.6
20120512,27.6
20120513,30.3
20120514,18.8
20120515,18.1
20120516,7.6
20120517,16.5
20120518,20.9
20120519,12.4
20120520,19.8
20120521,21.6
20120522,5.1
20120523,6.2
20120524,6.4
20120525,4.9
20120526,0
20120527,0
20120528,0
20120529,0
20120530,0
20120531,0
20120601,0
20120602,0
20120603,0
20120604,0
20120605,0
20120606,0
20120607,0
20120608,0
20120609,0
20120610,0
20120611,0
20120612,0
20120613,0
20120614,0
20120615,0
20120616,0
20120617,0
20120618,0
20120619,0
20120620,0
20120621,0
20120622,0
20120623,0
20120624,0
20120625,0
20120626,0
20120627,0
20120628,0
20120629,0
20120630,0
20120701,0
20120702,0
20120703,0
20120704,0
20120705,0
20120706,0
20120707,0
20120708,0
20120709,0
20120710,0
20120711,0
20120712,0
20120713,0
20120714,0
20120715,0
20120716,0
20120717,0
20120718,0
20120719,0
20120720,0
20120721,0
20120722,0
20120723,0
20120724,0
20120725,0
20120726,0
20120727,0
20120728,0
20120729,0
20120730,0
20120731,0
20120801,0
20120802,0
20120803,0
20120804,0
20120805,0
20120806,0
20120807,0
20120808,0
20120809,0
20120810,0
20120811,0
20120812,0
20120813,0
20120814,0
20120815,0
20120816,0
20120817,0
20120818,0
20120819,0
20120820,0
20120821,0
20120822,0
20120823,0
20120824,0
20120825,0
20120826,0
20120827,0
20120828,0
20120829,0
20120830,0
20120831,0
20120901,0
20120902,0
20120903,0
20120904,0
20120905,0
20120906,0
20120907,0
20120908,0
20120909,0
20120910,0
20120911,0
20120912,0
20120913,0
20120914,0
20120915,0
20120916,0
20120917,0
20120918,0
20120919,0
20120920,0
20120921,0
20120922,0
20120923,0
20120924,0
20120925,0
20120926,0
20120927,0
20120928,0
20120929,0
20120930,0
20121001,0
20121002,0
20121003,0
20121004,0
20121005,0
20121006,0
20121007,0
20121008,0
20121009,0
20121010,0
20121011,0
20121012,0
20121013,0
20121014,0
20121015,0
20121016,0
20121017,0
20121018,0
20121019,0
20121020,0
20121021,0
20121022,0
20121023,0
20121024,0
20121025,0
20121026,0
20121027,0
20121028,0
20121029,5.5
20121030,17
20121031,30.3
20121101,30.7
20121102,34.4
20121103,33.9
20121104,39.3
20121105,49.9
20121106,57.7
20121107,69.2
20121108,71.4
20121109,13.2
20121110,0
20121111,36.1
20121112,38.8
20121113,7.9
20121114,27.6
20121115,42.4
20121116,69.3
20121117,71.1
20121118,72.5
20121119,76.3
20121120,81.9
20121121,83.7
20121122,89.5
20121123,89.5
20121124,96.2
20121125,97.6
20121126,98.8
20121127,76.6
20121128,86.6
20121129,89.2
20121130,90.4
20121201,92.8
20121202,82.3
20121203,89.4
20121204,99
20121205,98.5
20121206,99
20121207,100
20121208,94.4
20121209,90.9
20121210,91.6
20121211,96.6
20121212,87.6
20121213,86
20121214,92.9
20121215,95.3
20121216,97.6
20121217,94.9
20121218,95.7
20121219,96.6
20121220,97.6
20121221,100
20121222,99.7
20121223,98.3
20121224,98.7
20121225,99.2
20121226,94.6
20121227,93.9
20121228,79.6
20121229,84.6
20121230,81.9
20121231,74.6
20130101,81.9
20130102,84.4
20130103,72.7
20130104,71.7
20130105,70.5
20130106,83.3
20130107,96
20130108,99.5
20130109,93.9
20130110,91.6
20130111,92.5
20130112,94.6
20130113,95.1
20130114,94.5
20130115,98.5
20130116,98.7
20130117,97.2
20130118,97.8
20130119,93.7
20130120,85.5
20130121,83.2
20130122,90.8
20130123,91.8
20130124,98
20130125,96.9
20130126,96.1
20130127,99.3
20130128,88.5
20130129,88.8
20130130,94.5
20130131,94.1
20130201,97.2
20130202,88.1
20130203,85.9
20130204,93.8
20130205,88
20130206,92.9
20130207,94.4
20130208,89.5
20130209,93.3
20130210,93.5
20130211,97.9
20130212,97.4
20130213,99.8
20130214,97.6
20130215,96
20130216,96.9
20130217,93.6
20130218,95.2
20130219,94.6
20130220,92.9
20130221,98.6
20130222,99.3
20130223,99.2
20130224,94.2
20130225,95.1
20130226,91.6
20130227,87.6
20130228,85.8
20130301,95.4
20130302,95.4
20130303,85.6
20130304,81.3
20130305,71.8
20130306,73.9
20130307,78.9
20130308,83.2
20130309,93
20130310,86.6
20130311,92.2
20130312,99
20130313,93.3
20130314,86.7
20130315,84.4
20130316,86.4
20130317,84.2
20130318,81
20130319,81.6
20130320,92.4
20130321,93.8
20130322,94
20130323,89.9
20130324,88.7
20130325,87.6
20130326,91.1
20130327,88.4
20130328,84.7
20130329,79.1
20130330,74.3
20130331,84.4
20130401,82.7
20130402,74.5
20130403,70.4
20130404,66.5
20130405,48.1
20130406,49.6
20130407,65.7
20130408,79.3
20130409,84.2
20130410,82.9
20130411,78.4
20130412,82.4
20130413,84.5
20130414,88.7
20130415,74.1
20130416,54.9
20130417,61.4
20130418,46.4
20130419,31.4
20130420,33.3
20130421,32.7
20130422,32.7
20130423,38.7
20130424,34.7
20130425,34.8
20130426,40.8
20130427,41.4
20130428,37.9
20130429,31.8
20130430,30.8
20130501,30.4
20130502,30.9
20130503,37.2
20130504,37
20130505,36.8
20130506,36
20130507,34.4
20130508,38.8
20130509,33.2
20130510,34
20130511,40.2
20130512,40.9
20130513,35.3
20130514,38.2
20130515,29
20130516,42
20130517,40.6
20130518,32.5
20130519,43
20130520,43
20130521,48.6
20130522,36.7
20130523,5.5
20130524,5.1
20130525,0
20130526,4.7
20130527,5.8
20130528,5.9
20130529,0
20130530,0
20130531,0
20130601,0
20130602,0
20130603,0
20130604,0
20130605,0
20130606,0
20130607,0
20130608,0
20130609,0
20130610,0
20130611,0
20130612,0
20130613,0
20130614,0
20130615,0
20130616,0
20130617,0
20130618,0
20130619,0
20130620,0
20130621,0
20130622,0
20130623,0
20130624,0
20130625,0
20130626,0
20130627,0
20130628,0
20130629,0
20130630,0
20130701,0
20130702,0
20130703,0
20130704,0
20130705,0
20130706,0
20130707,0
20130708,0
20130709,0
20130710,0
20130711,0
20130712,0
20130713,0
20130714,0
20130715,0
20130716,0
20130717,0
20130718,0
20130719,0
20130720,0
20130721,0
20130722,0
20130723,0
20130724,0
20130725,0
20130726,0
20130727,0
20130728,0
20130729,0
20130730,0
20130731,0
20130801,0
20130802,0
20130803,0
20130804,0
20130805,0
20130806,0
20130807,0
20130808,0
20130809,0
20130810,0
20130811,0
20130812,0
20130813,0
20130814,0
20130815,0
20130816,0
20130817,0
20130818,0
20130819,0
20130820,0
20130821,0
20130822,0
20130823,0
20130824,0
20130825,0
20130826,0
20130827,0
20130828,0
20130829,0
20130830,0
20130831,0
20130901,0
20130902,0
20130903,0
20130904,0
20130905,0
20130906,0
20130907,0
20130908,0
20130909,0
20130910,0
20130911,0
20130912,0
20130913,0
20130914,0
20130915,0
20130916,0
20130917,0
20130918,0
20130919,0
20130920,0
20130921,0
20130922,0
20130923,0
20130924,0
20130925,0
20130926,0
20130927,0
20130928,0
20130929,0
20130930,0
20131001,0
20131002,0
20131003,0
20131004,0
20131005,0
20131006,0
20131007,0
20131008,0
20131009,0
20131010,0
20131011,0
20131012,0
20131013,0
20131014,0
20131015,0
20131016,0
20131017,0
20131018,0
20131019,0
20131020,0
20131021,0
20131022,0
20131023,0
20131024,0
20131025,0
20131026,0
20131027,0
20131028,0
20131029,0
20131030,0
20131031,0
20131101,0
20131102,0
20131103,0
20131104,0
20131105,0
20131106,5.9
20131107,5.3
20131108,0
20131109,0
20131110,0
20131111,0
20131112,0
20131113,0
20131114,0
20131115,0
20131116,0
20131117,3.6
20131118,4.6
20131119,10.1
20131120,19.2
20131121,23.8
20131122,27
20131123,28.9
20131124,14.2
20131125,17.7
20131126,10.3
20131127,16.3
20131128,14.2
20131129,23.4
20131130,36.6
20131201,36.9
20131202,41.5
20131203,8.4
20131204,0
20131205,0
20131206,0
20131207,0
20131208,0
20131209,0
20131210,0
20131211,10.2
20131212,31.1
20131213,49.3
20131214,61.1
20131215,64.7
20131216,71.7
20131217,77.2
20131218,65.6
20131219,73.5
20131220,70.7
20131221,66.6
20131222,78.2
20131223,81.3
20131224,84.7
20131225,87.8
20131226,89.1
20131227,88.5
20131228,87
20131229,85.9
20131230,71.7
20131231,71.2
20140101,73.9
20140102,77.4
20140103,66.8
20140104,68
20140105,65.7
20140106,62.9
20140107,64
20140108,66.7
20140109,62.7
20140110,49.6
20140111,50.8
20140112,66.7
20140113,69.7
20140114,72.4
20140115,76.3
20140116,85.7
20140117,82.1
20140118,62
20140119,63.9
20140120,66.3
20140121,58.6
20140122,63
20140123,61.7
20140124,50.4
20140125,31.5
20140126,30.4
20140127,0
20140128,6
20140129,6.3
20140130,0
20140131,14.3
20140201,25.7
20140202,32.4
20140203,42.7
20140204,40.5
20140205,27.9
20140206,15.4
20140207,44.8
20140208,65
20140209,75.8
20140210,78.4
20140211,82.2
20140212,84.4
20140213,82.6
20140214,86.2
20140215,89.3
20140216,84
20140217,85.7
20140218,89.7
20140219,90.7
20140220,94.5
20140221,86.6
20140222,69.8
20140223,62.1
20140224,52.4
20140225,49.8
20140226,43.4
20140227,31.2
20140228,32.7
20140301,20.8
20140302,26.9
20140303,38.7
20140304,53.5
20140305,85.4
20140306,85.5
20140307,82
20140308,79.9
20140309,80
20140310,78.7
20140311,78.1
20140312,83.8
20140313,85.6
20140314,88.8
20140315,90.7
20140316,89.1
20140317,96.5
20140318,95.6
20140319,91.7
20140320,89.3
20140321,92.2
20140322,91.2
20140323,78.2
20140324,60.1
20140325,53.8
20140326,61.7
20140327,59.8
20140328,59.6
20140329,57.2
20140330,53.6
20140331,47.8
20140401,41.3
20140402,31.7
20140403,37
20140404,37.5
20140405,35.4
20140406,36.4
20140407,42.5
20140408,69
20140409,78.1
20140410,88.8
20140411,64
20140412,32.4
20140413,5.2
20140414,0
20140415,0
20140416,0
20140417,0
20140418,5.6
20140419,5.8
20140420,5.6
20140421,0
20140422,0
20140423,0
20140424,0
20140425,0
20140426,0
20140427,0
20140428,0
20140429,0
20140430,0
20140501,0
20140502,0
20140503,0
20140504,0
20140505,0
20140506,0
20140507,0
20140508,0
20140509,0
20140510,0
20140511,0
20140512,0
20140513,0
20140514,0
20140515,0
20140516,0
20140517,0
20140518,0
20140519,0
20140520,0
20140521,0
20140522,0
20140523,0
20140524,0
20140525,0
20140526,0
20140527,0
20140528,0
20140529,0
20140530,0
20140531,0
20140601,0
20140602,0
20140603,0
20140604,0
20140605,0
20140606,0
20140607,0
20140608,0
20140609,0
20140610,0
20140611,0
20140612,0
20140613,0
20140614,0
20140615,0
20140616,0
20140617,0
20140618,0
20140619,0
20140620,0
20140621,0
20140622,0
20140623,0
20140624,0
20140625,0
20140626,0
20140627,0
20140628,0
20140629,0
20140630,0
20140701,0
20140702,0
20140703,0
20140704,0
20140705,0
20140706,0
20140707,0
20140708,0
20140709,0
20140710,0
20140711,0
20140712,0
20140713,0
20140714,0
20140715,0
20140716,0
20140717,0
20140718,0
20140719,0
20140720,0
20140721,0
20140722,0
20140723,0
20140724,0
20140725,0
20140726,0
20140727,0
20140728,0
20140729,0
20140730,0
20140731,0
20140801,0
20140802,0
20140803,0
20140804,0
20140805,0
20140806,0
20140807,0
20140808,0
20140809,0
20140810,0
20140811,0
20140812,0
20140813,0
20140814,0
20140815,0
20140816,0
20140817,0
20140818,0
20140819,0
20140820,0
20140821,0
20140822,0
20140823,0
20140824,0
20140825,0
20140826,0
20140827,0
20140828,0
20140829,0
20140830,0
20140831,0
20140901,0
20140902,0
20140903,0
20140904,0
20140905,0
20140906,0
20140907,0
20140908,0
20140909,0
20140910,0
20140911,0
20140912,0
20140913,0
20140914,0
20140915,0
20140916,0
20140917,0
20140918,0
20140919,0
20140920,0
20140921,0
20140922,0
20140923,0
20140924,0
20140925,0
20140926,0
20140927,0
20140928,0
20140929,0
20140930,0
20141001,0
20141002,0
20141003,0
20141004,0
20141005,0
20141006,0
20141007,0
20141008,0
20141009,0
20141010,0
20141011,0
20141012,0
20141013,0
20141014,0
20141015,0
20141016,0
20141017,0
20141018,0
20141019,0
20141020,0
20141021,0
20141022,0
20141023,0
20141024,0
20141025,0
20141026,0
20141027,0
20141028,0
20141029,5.1
20141030,3.9
20141031,3.9
20141101,10.3
20141102,10.7
20141103,4.6
20141104,18.8
20141105,27.4
20141106,27
20141107,28.2
20141108,15.9
20141109,12.1
20141110,0
20141111,0
20141112,0
20141113,0
20141114,0
20141115,0
20141116,0
20141117,0
20141118,0
20141119,0
20141120,0
20141121,0
20141122,5.5
20141123,20.4
20141124,24.4
20141125,6.9
20141126,0
20141127,6.4
20141128,5.4
20141129,5
20141130,5.7
20141201,0
20141202,0
20141203,0
20141204,0
20141205,0
20141206,6.1
20141207,7.5
20141208,7
20141209,29.1
20141210,31.9
20141211,40.4
20141212,38.9
20141213,44
20141214,39.4
20141215,39.7
20141216,35.7
20141217,12.7
20141218,22.3
20141219,35.5
20141220,43.9
20141221,51.5
20141222,60.8
20141223,69.1
20141224,54.9
20141225,52.9
20141226,50.9
20141227,45
20141228,31.1
20141229,39.4
20141230,8.3
20141231,9.9
20150101,12.6
20150102,12.7
20150103,7.5
20150104,6.4
20150105,34.5
20150106,48.5
20150107,54.8
20150108,62.9
20150109,55.2
20150110,44.3
20150111,49.1
20150112,48.5
20150113,58.3
20150114,51.8
20150115,46.1
20150116,52.4
20150117,52.4
20150118,61
20150119,67.8
20150120,73.9
20150121,73.9
20150122,74.2
20150123,84.2
20150124,88.4
20150125,92.5
20150126,88.1
20150127,87.4
20150128,86.8
20150129,88.1
20150130,91.8
20150131,92.9
20150201,94.8
20150202,95.2
20150203,86.8
20150204,95.2
20150205,94.8
20150206,86.8
20150207,84.9
20150208,85.1
20150209,87.9
20150210,85.5
20150211,84.1
20150212,87.9
20150213,83
20150214,83.2
20150215,81.6
20150216,73
20150217,63.5
20150218,66.4
20150219,63.5
20150220,66
20150221,63.6
20150222,51.1
20150223,38.1
20150224,35.8
20150225,44.6
20150226,34.3
20150227,29.2
20150228,30.9
20150301,34.9
20150302,8.4
20150303,0
20150304,26.6
20150305,25.9
20150306,25.9
20150307,28.7
20150308,38.7
20150309,47
20150310,77.8
20150311,85.7
20150312,81.6
20150313,85.6
20150314,85.2
20150315,79.7
20150316,79.5
20150317,76.1
20150318,71
20150319,62.9
20150320,59.3
20150321,48.1
20150322,41.3
20150323,47
20150324,49.5
20150325,47.1
20150326,44.3
20150327,44
20150328,43.8
20150329,30.2
20150330,39.4
20150331,50.5
20150401,53.4
20150402,61.9
20150403,75.9
20150404,51.8
20150405,41.6
20150406,15.3
20150407,24.1
20150408,33.6
20150409,24.2
20150410,39.6
20150411,31
20150412,38
20150413,54.7
20150414,46
20150415,51.2
20150416,64.3
20150417,72.3
20150418,47.5
20150419,42.1
20150420,51.2
20150421,47.5
20150422,44.1
20150423,40.9
20150424,24
20150425,30.3
20150426,21
20150427,20.3
20150428,15.8
20150429,14.1
20150430,14.4
20150501,13.5
20150502,13.1
20150503,4.5
20150504,4.4
20150505,0
20150506,0
20150507,0
20150508,0
20150509,0
20150510,0
20150511,0
20150512,0
20150513,0
20150514,0
20150515,0
20150516,0
20150517,0
20150518,0
20150519,0
20150520,0
20150521,0
20150522,0
20150523,0
20150524,0
20150525,0
20150526,0
20150527,0
20150528,0
20150529,0
20150530,0
20150531,0
20150601,0
20150602,0
20150603,0
20150604,0
20150605,0
20150606,0
20150607,0
20150608,0
20150609,0
20150610,0
20150611,0
20150612,0
20150613,0
20150614,0
20150615,0
20150616,0
20150617,0
20150618,0
20150619,0
20150620,0
20150621,0
20150622,0
20150623,0
20150624,0
20150625,0
20150626,0
20150627,0
20150628,0
20150629,0
20150630,0
20150701,0
20150702,0
20150703,0
20150704,0
20150705,0
20150706,0
20150707,0
20150708,0
20150709,0
20150710,0
20150711,0
20150712,0
20150713,0
20150714,0
20150715,0
20150716,0
20150717,0
20150718,0
20150719,0
20150720,0
20150721,0
20150722,0
20150723,0
20150724,0
20150725,0
20150726,0
20150727,0
20150728,0
20150729,0
20150730,0
20150731,0
20150801,0
20150802,0
20150803,0
20150804,0
20150805,0
20150806,0
20150807,0
20150808,0
20150809,0
20150810,0
20150811,0
20150812,0
20150813,0
20150814,0
20150815,0
20150816,0
20150817,0
20150818,0
20150819,0
20150820,0
20150821,0
20150822,0
20150823,0
20150824,0
20150825,0
20150826,0
20150827,0
20150828,0
20150829,0
20150830,0
20150831,0
20150901,0
20150902,0
20150903,0
20150904,0
20150905,0
20150906,0
20150907,0
20150908,0
20150909,0
20150910,0
20150911,0
20150912,0
20150913,0
20150914,0
20150915,0
20150916,0
20150917,0
20150918,0
20150919,0
20150920,0
20150921,0
20150922,0
20150923,0
20150924,0
20150925,0
20150926,0
20150927,0
20150928,0
20150929,0
20150930,0
20151001,0
20151002,0
20151003,0
20151004,0
20151005,0
20151006,0
20151007,0
20151008,0
20151009,0
20151010,0
20151011,0
20151012,0
20151013,0
20151014,0
20151015,0
20151016,0
20151017,0
20151018,0
20151019,0
20151020,0
20151021,0
20151022,0
20151023,0
20151024,0
20151025,0
20151026,0
20151027,0
20151028,0
20151029,0
20151030,0
20151031,0
20151101,0
20151102,0
20151103,0
20151104,0
20151105,0
20151106,0
20151107,0
20151108,0
20151109,0
20151110,0
20151111,0
20151112,0
20151113,0
20151114,0
20151115,5.4
20151116,17.4
20151117,19.1
20151118,12.9
20151119,4.4
20151120,0
20151121,4.2
20151122,4.8
20151123,6.9
20151124,5.8
20151125,0
20151126,0
20151127,0
20151128,0
20151129,0
20151130,5.2
20151201,5.9
20151202,14.3
20151203,44.2
20151204,40.9
20151205,43.1
20151206,44.8
20151207,47.2
20151208,45.6
20151209,42.9
20151210,54.3
20151211,53.8
20151212,61.9
20151213,53.1
20151214,35
20151215,35
20151216,30.1
20151217,37.4
20151218,43.9
20151219,28.5
20151220,31.6
20151221,31.2
20151222,32.5
20151223,35.6
20151224,42.1
20151225,45.6
20151226,47.3
20151227,45.5
20151228,44.2
20151229,26.5
20151230,33.3
20151231,6.8
20160101,5.7
20160102,12.4
20160103,11.7
20160104,13.9
20160105,5.5
20160106,0
20160107,5.1
20160108,6.2
20160109,0
20160110,0
20160111,0
20160112,0
20160113,4.2
20160114,9.8
20160115,12.8
20160116,34.5
20160117,56.7
20160118,59.5
20160119,70
20160120,77.1
20160121,77.9
20160122,79.1
20160123,75.3
20160124,70.5
20160125,65
20160126,59
20160127,54.1
20160128,51.9
20160129,53.6
20160130,59
20160131,55.9
20160201,47.6
20160202,34.6
20160203,45.5
20160204,56.4
20160205,63.6
20160206,53.5
20160207,54
20160208,62.8
20160209,56.1
20160210,47.9
20160211,60.9
20160212,69.3
20160213,66.3
20160214,64
20160215,65.5
20160216,70.6
20160217,45
20160218,38.6
20160219,46.8
20160220,63.4
20160221,66.4
20160222,65.9
20160223,60.7
20160224,53.6
20160225,44.9
20160226,41.4
20160227,28.8
20160228,6.2
20160229,6.5
20160301,6.2
20160302,0
20160303,0
20160304,18.2
20160305,41.4
20160306,63.2
20160307,62.9
20160308,67.4
20160309,75.7
20160310,65.4
20160311,40.9
20160312,45.3
20160313,53.1
20160314,54.4
20160315,59.4
20160316,72.7
20160317,76.7
20160318,58.3
20160319,63.2
20160320,72
20160321,74.1
20160322,56.9
20160323,47.8
20160324,38.5
20160325,28.2
20160326,31.5
20160327,32.2
20160328,54.2
20160329,68.5
20160330,65.6
20160331,62.8
20160401,61.6
20160402,43.7
20160403,34.7
20160404,21.9
20160405,17.8
20160406,13.4
20160407,15.9
20160408,14.6
20160409,0
20160410,4.7
20160411,4.6
20160412,0
20160413,0
20160414,0
20160415,5.7
20160416,4.3
20160417,0
20160418,0
20160419,0
20160420,0
20160421,0
20160422,0
20160423,0
20160424,0
20160425,0
20160426,0
20160427,0
20160428,0
20160429,0
20160430,0
20160501,0
20160502,0
20160503,0
20160504,0
20160505,0
20160506,0
20160507,0
20160508,0
20160509,0
20160510,0
20160511,0
20160512,0
20160513,0
20160514,0
20160515,0
20160516,0
20160517,0
20160518,0
20160519,0
20160520,0
20160521,0
20160522,0
20160523,0
20160524,0
20160525,0
20160526,0
20160527,0
20160528,0
20160529,0
20160530,0
20160531,0
20160601,0
20160602,0
20160603,0
20160604,0
20160605,0
20160606,0
20160607,0
20160608,0
20160609,0
20160610,0
20160611,0
20160612,0
20160613,0
20160614,0
20160615,0
20160616,0
20160617,0
20160618,0
20160619,0
20160620,0
20160621,0
20160622,0
20160623,0
20160624,0
20160625,0
20160626,0
20160627,0
20160628,0
20160629,0
20160630,0
20160701,0
20160702,0
20160703,0
20160704,0
20160705,0
20160706,0
20160707,0
20160708,0
20160709,0
20160710,0
20160711,0
20160712,0
20160713,0
20160714,0
20160715,0
20160716,0
20160717,0
20160718,0
20160719,0
20160720,0
20160721,0
20160722,0
20160723,0
20160724,0
20160725,0
20160726,0
20160727,0
20160728,0
20160729,0
20160730,0
20160731,0
20160801,0
20160802,0
20160803,0
20160804,0
20160805,0
20160806,0
20160807,0
20160808,0
20160809,0
20160810,0
20160811,0
20160812,0
20160813,0
20160814,0
20160815,0
20160816,0
20160817,0
20160818,0
20160819,0
20160820,0
20160821,0
20160822,0
20160823,0
20160824,0
20160825,0
20160826,0
20160827,0
20160828,0
20160829,0
20160830,0
20160831,0
20160901,0
20160902,0
20160903,0
20160904,0
20160905,0
20160906,0
20160907,0
20160908,0
20160909,0
20160910,0
20160911,0
20160912,0
20160913,0
20160914,0
20160915,0
20160916,0
20160917,0
20160918,0
20160919,0
20160920,0
20160921,0
20160922,0
20160923,0
20160924,0
20160925,0
20160926,0
20160927,0
20160928,0
20160929,0
20160930,0
20161001,0
20161002,0
20161003,0
20161004,0
20161005,0
20161006,0
20161007,0
20161008,0
20161009,0
20161010,0
20161011,0
20161012,0
20161013,0
20161014,0
20161015,0
20161016,0
20161017,0
20161018,0
20161019,0
20161020,0
20161021,0
20161022,0
20161023,0
20161024,0
20161025,0
20161026,0
20161027,0
20161028,0
20161029,0
20161030,0
20161031,0
20161101,0
20161102,0
20161103,0
20161104,0
20161105,0
20161106,0
20161107,0
20161108,0
20161109,0
20161110,11.8
20161111,5.3
20161112,0
20161113,12.7
20161114,13
20161115,4.3
20161116,0
20161117,0
20161118,0
20161119,4.8
20161120,10.8
20161121,12.1
20161122,12.7
20161123,31.1
20161124,38.1
20161125,20.6
20161126,14.6
20161127,37.7
20161128,46.2
20161129,56.1
20161130,61.8
20161201,73.2
20161202,86.9
20161203,87.5
20161204,85.3
20161205,70.9
20161206,79.8
20161207,83.7
20161208,83.4
20161209,89.7
20161210,92.5
20161211,95.4
20161212,81.6
20161213,66.2
20161214,64.9
20161215,50.2
20161216,41.2
20161217,31.5
20161218,30
20161219,48.3
20161220,71.4
20161221,79.1
20161222,85.9
20161223,78.2
20161224,73.3
20161225,60.6
20161226,58.7
20161227,55.6
20161228,82.4
20161229,86.9
20161230,55.9
20161231,51.3
20170101,5.9
20170102,0
20170103,14.7
20170104,36.2
20170105,45.4
20170106,41.2
20170107,37.8
20170108,49.6
20170109,62.1
20170110,73.6
20170111,77.2
20170112,67
20170113,84.4
20170114,84.1
20170115,89.6
20170116,95.2
20170117,95
20170118,95.1
20170119,91.6
20170120,86.9
20170121,94.6
20170122,96.8
20170123,91.4
20170124,92.4
20170125,83.6
20170126,84
20170127,96.4
20170128,97.4
20170129,99.5
20170130,97.8
20170131,97.8
20170201,97.5
20170202,98.9
20170203,98.1
20170204,98.8
20170205,99.6
20170206,100
20170207,99.9
20170208,88.4
20170209,94.7
20170210,93.1
20170211,93.5
20170212,92.9
20170213,86.9
20170214,83.8
20170215,82.3
20170216,85
20170217,85.9
20170218,90.8
20170219,91
20170220,91.4
20170221,92.9
20170222,96.6
20170223,96.2
20170224,97
20170225,92.8
20170226,92.1
20170227,97.2
20170228,90.8
20170301,85.4
20170302,85.7
20170303,87.5
20170304,88.3
20170305,88.8
20170306,93.8
20170307,93.2
20170308,91.8
20170309,94
20170310,98.9
20170311,95
20170312,68.4
20170313,76.8
20170314,90.4
20170315,85.7
20170316,87.9
20170317,91.8
20170318,84.1
20170319,93.3
20170320,90.5
20170321,90.4
20170322,86.7
20170323,89.2
20170324,91.1
20170325,86
20170326,78.9
20170327,79.7
20170328,76.2
20170329,83
20170330,83.4
20170331,67.7
20170401,77.7
20170402,76.8
20170403,77.9
20170404,73.4
20170405,58.6
20170406,58.5
20170407,58.4
20170408,57.4
20170409,59.7
20170410,56.9
20170411,53.6
20170412,48.7
20170413,30.7
20170414,37.6
20170415,37.4
20170416,33
20170417,33.9
20170418,25
20170419,24.5
20170420,13.5
20170421,24.1
20170422,17.5
20170423,0
20170424,6
20170425,11.6
20170426,18.5
20170427,19.6
20170428,13.4
20170429,13.4
20170430,5.2
20170501,5
20170502,0
20170503,10.8
20170504,9.8
20170505,0
20170506,0
20170507,0
20170508,0
20170509,0
20170510,0
20170511,0
20170512,0
20170513,0
20170514,0
20170515,0
20170516,0
20170517,0
20170518,0
20170519,0
20170520,0
20170521,0
20170522,0
20170523,0
20170524,0
20170525,0
20170526,0
20170527,0
20170528,0
20170529,0
20170530,0
20170531,0
20170601,0
20170602,0
20170603,0
20170604,0
20170605,0
20170606,0
20170607,0
20170608,0
20170609,0
20170610,0
20170611,0
20170612,0
20170613,0
20170614,0
20170615,0
20170616,0
20170617,0
20170618,0
20170619,0
20170620,0
20170621,0
20170622,0
20170623,0
20170624,0
20170625,0
20170626,0
20170627,0
20170628,0
20170629,0
20170630,0
20170701,0
20170702,0
20170703,0
20170704,0
20170705,0
20170706,0
20170707,0
20170708,0
20170709,0
20170710,0
20170711,0
20170712,0
20170713,0
20170714,0
20170715,0
20170716,0
20170717,0
20170718,0
20170719,0
20170720,0
20170721,0
20170722,0
20170723,0
20170724,0
20170725,0
20170726,0
20170727,0
20170728,0
20170729,0
20170730,0
20170731,0
20170801,0
20170802,0
20170803,0
20170804,0
20170805,0
20170806,0
20170807,0
20170808,0
20170809,0
20170810,0
20170811,0
20170812,0
20170813,0
20170814,0
20170815,0
20170816,0
20170817,0
20170818,0
20170819,0
20170820,0
20170821,0
20170822,0
20170823,0
20170824,0
20170825,0
20170826,0
20170827,0
20170828,0
20170829,0
20170830,0
20170831,0
20170901,0
20170902,0
20170903,0
20170904,0
20170905,0
20170906,0
20170907,0
20170908,0
20170909,0
20170910,0
20170911,0
20170912,0
20170913,0
20170914,0
20170915,0
20170916,0
20170917,0
20170918,0
20170919,0
20170920,0
20170921,0
20170922,0
20170923,0
20170924,0
20170925,0
20170926,0
20170927,0
20170928,0
20170929,0
20170930,0
20171001,0
20171002,0
20171003,0
20171004,0
20171005,0
20171006,0
20171007,0
20171008,0
20171009,0
20171010,0
20171011,0
20171012,0
20171013,0
20171014,0
20171015,0
20171016,0
20171017,0
20171018,0
20171019,0
20171020,0
20171021,0
20171022,0
20171023,0
20171024,0
20171025,0
20171026,0
20171027,0
20171028,0
20171029,0
20171030,0
20171031,0
20171101,0
20171102,0
20171103,0
20171104,0
20171105,0
20171106,0
20171107,0
20171108,0
20171109,0
20171110,0
20171111,0
20171112,0
20171113,0
20171114,0
20171115,0
20171116,0
20171117,0
20171118,0
20171119,0
20171120,0
20171121,0
20171122,4.8
20171123,5.7
20171124,4.7
20171125,0
20171126,5.8
20171127,5.8
20171128,6
20171129,0
20171130,4.7
20171201,5.8
20171202,0
20171203,0
20171204,0
20171205,0
20171206,4.8
20171207,5
20171208,5.7
20171209,5.1
20171210,21.2
20171211,20.1
20171212,13.3
20171213,23
20171214,10.5
20171215,13.9
20171216,4.8
20171217,4.4
20171218,13.9
20171219,11.4
20171220,12.9
20171221,5.6
20171222,6.7
20171223,0
20171224,0
20171225,0
20171226,3.4
20171227,4.1
20171228,19.1
20171229,11.2
20171230,15.2
20171231,13.6
20180101,4.6
20180102,13.4
20180103,28.6
20180104,28.1
20180105,32.7
20180106,16.3
20180107,14.9
20180108,21
20180109,35.1
20180110,35.5
20180111,32.5
20180112,34
20180113,22.6
20180114,31.1
20180115,7
20180116,5.4
20180117,30.1
20180118,40.4
20180119,49
20180120,72.2
20180121,79
20180122,82.2
20180123,88.5
20180124,90.7
20180125,88.8
20180126,81.7
20180127,85.3
20180128,88.2
20180129,88.8
20180130,87.8
20180131,88.7
20180201,83.1
20180202,89.2
20180203,91.4
20180204,79
20180205,88.6
20180206,81
20180207,78.2
20180208,77.2
20180209,76.3
20180210,60.5
20180211,50.6
20180212,35.8
20180213,28.8
20180214,35.2
20180215,33.2
20180216,22.2
20180217,21
20180218,15.9
20180219,0
20180220,6
20180221,8.2
20180222,12.4
20180223,11.7
20180224,23.8
20180225,28.1
20180226,35.4
20180227,34
20180228,44.4
20180301,47.3
20180302,44.3
20180303,49
20180304,34.7
20180305,25.4
20180306,14.5
20180307,13.8
20180308,13.6
20180309,26
20180310,48.5
20180311,73.1
20180312,80.2
20180313,89.9
20180314,79.4
20180315,83.2
20180316,78.3
20180317,64.4
20180318,70.1
20180319,68
20180320,71.8
20180321,69.2
20180322,63.7
20180323,56
20180324,48.4
20180325,44.2
20180326,41.8
20180327,36
20180328,34.5
20180329,43
20180330,42.7
20180331,46.4
20180401,39.6
20180402,38.9
20180403,34.4
20180404,33.1
20180405,38.8
20180406,43.6
20180407,36.7
20180408,34.4
20180409,13.1
20180410,0
20180411,0
20180412,6
20180413,0
20180414,5.8
20180415,0
20180416,0
20180417,0
20180418,0
20180419,0
20180420,0
20180421,0
20180422,0
20180423,0
20180424,0
20180425,0
20180426,0
20180427,0
20180428,0
20180429,0
20180430,0
20180501,0
20180502,0
20180503,0
20180504,0
20180505,0
20180506,0
20180507,0
20180508,0
20180509,0
20180510,0
20180511,0
20180512,0
20180513,0
20180514,0
20180515,0
20180516,0
20180517,0
20180518,0
20180519,0
20180520,0
20180521,0
20180522,0
20180523,0
20180524,0
20180525,0
20180526,0
20180527,0
20180528,0
20180529,0
20180530,0
20180531,0
20180601,0
20180602,0
20180603,0
20180604,0
20180605,0
20180606,0
20180607,0
20180608,0
20180609,0
20180610,0
20180611,0
20180612,0
20180613,0
20180614,0
20180615,0
20180616,0
20180617,0
20180618,0
20180619,0
20180620,0
20180621,0
20180622,0
20180623,0
20180624,0
20180625,0
20180626,0
20180627,0
20180628,0
20180629,0
20180630,0
20180701,0
20180702,0
20180703,0
20180704,0
20180705,0
20180706,0
20180707,0
20180708,0
20180709,0
20180710,0
20180711,0
20180712,0
20180713,0
20180714,0
20180715,0
20180716,0
20180717,0
20180718,0
20180719,0
20180720,0
20180721,0
20180722,0
20180723,0
20180724,0
20180725,0
20180726,0
20180727,0
20180728,0
20180729,0
20180730,0
20180731,0
20180801,0
20180802,0
20180803,0
20180804,0
20180805,0
20180806,0
20180807,0
20180808,0
20180809,0
20180810,0
20180811,0
20180812,0
20180813,0
20180814,0
20180815,0
20180816,0
20180817,0
20180818,0
20180819,0
20180820,0
20180821,0
20180822,0
20180823,0
20180824,0
20180825,0
20180826,0
20180827,0
20180828,0
20180829,0
20180830,0
20180831,0
20180901,0
20180902,0
20180903,0
20180904,0
20180905,0
20180906,0
20180907,0
20180908,0
20180909,0
20180910,0
20180911,0
20180912,0
20180913,0
20180914,0
20180915,0
20180916,0
20180917,0
20180918,0
20180919,0
20180920,0
20180921,0
20180922,0
20180923,0
20180924,0
20180925,0
20180926,0
20180927,0
20180928,0
20180929,0
20180930,0
20181001,0
20181002,0
20181003,0
20181004,0
20181005,0
20181006,0
20181007,0
20181008,0
20181009,0
20181010,0
20181011,0
20181012,0
20181013,0
20181014,0
20181015,0
20181016,0
20181017,0
20181018,0
20181019,0
20181020,0
20181021,0
20181022,0
20181023,0
20181024,0
20181025,0
20181026,0
20181027,0
20181028,0
20181029,0
20181030,0
20181031,0
20181101,0
20181102,0
20181103,0
20181104,0
20181105,0
20181106,0
20181107,0
20181108,0
20181109,0
20181110,0
20181111,0
20181112,0
20181113,0
20181114,0
20181115,0
20181116,0
20181117,0
20181118,0
20181119,0
20181120,0
20181121,0
20181122,4.5
20181123,4.7
20181124,0
20181125,4.8
20181126,6.9
20181127,6.1
20181128,5.9
20181129,11.3
20181130,6.6
20181201,5.4
20181202,4.8
20181203,4.9
20181204,5.8
20181205,5.2
20181206,0
20181207,4.8
20181208,5
20181209,4
20181210,11.5
20181211,11.6
20181212,11.7
20181213,27.3
20181214,38.7
20181215,45.3
20181216,53.2
20181217,53.9
20181218,56.4
20181219,68.1
20181220,69.6
20181221,71.8
20181222,83.7
20181223,87.6
20181224,83.1
20181225,80.7
20181226,84.7
20181227,83.9
20181228,82.7
20181229,88.8
20181230,85.1
20181231,89.6
20190101,88.5
20190102,95.3
20190103,97.8
20190104,99.5
20190105,96.5
20190106,98.3
20190107,98.4
20190108,96.8
20190109,97.9
20190110,98.6
20190111,96.9
20190112,92.2
20190113,87.9
20190114,80.1
20190115,84.3
20190116,91
20190117,90.6
20190118,93.1
20190119,94.3
20190120,92.7
20190121,92.4
20190122,82.6
20190123,73.4
20190124,70.3
20190125,71.1
20190126,77.2
20190127,73.8
20190128,56.4
20190129,54.1
20190130,57.9
20190131,58.2
20190201,47
20190202,28.6
20190203,24.8
20190204,32.1
20190205,31.2
20190206,8.6
20190207,7.7
20190208,12.3
20190209,12.1
20190210,13.5
20190211,10.2
20190212,15.4
20190213,18.5
20190214,19.6
20190215,15
20190216,0
20190217,5.8
20190218,5.4
20190219,24.4
20190220,29.5
20190221,7.7
20190222,8.2
20190223,12.9
20190224,5.2
20190225,6.9
20190226,6
20190227,14.1
20190228,0
20190301,7
20190302,7.6
20190303,4.9
20190304,0
20190305,0
20190306,0
20190307,0
20190308,0
20190309,0
20190310,0
20190311,0
20190312,0
20190313,0
20190314,7.4
20190315,6.1
20190316,5
20190317,4
20190318,5.9
20190319,6.2
20190320,7.4
20190321,13.8
20190322,30.2
20190323,22.1
20190324,0
20190325,0
20190326,0
20190327,0
20190328,0
20190329,0
20190330,0
20190331,0
20190401,0
20190402,0
20190403,0
20190404,0
20190405,0
20190406,0
20190407,0
20190408,0
20190409,0
20190410,0
20190411,0
20190412,0
20190413,0
20190414,0
20190415,0
20190416,0
20190417,0
20190418,0
20190419,0
20190420,0
20190421,0
20190422,0
20190423,0
20190424,0
20190425,0
20190426,0
20190427,0
20190428,0
20190429,0
20190430,0
20190501,0
20190502,0
20190503,0
20190504,0
20190505,0
20190506,0
20190507,0
20190508,0
20190509,0
20190510,0
20190511,0
20190512,0
20190513,0
20190514,0
20190515,0
20190516,0
20190517,0
20190518,0
20190519,0
20190520,0
20190521,0
20190522,0
20190523,0
20190524,0
20190525,0
20190526,0
20190527,0
20190528,0
20190529,0
20190530,0
20190531,0
20190601,0
20190602,0
20190603,0
20190604,0
20190605,0
20190606,0
20190607,0
20190608,0
20190609,0
20190610,0
20190611,0
20190612,0
20190613,0
20190614,0
20190615,0
20190616,0
20190617,0
20190618,0
20190619,0
20190620,0
20190621,0
20190622,0
20190623,0
20190624,0
20190625,0
20190626,0
20190627,0
20190628,0
20190629,0
20190630,0
20190701,0
20190702,0
20190703,0
20190704,0
20190705,0
20190706,0
20190707,0
20190708,0
20190709,0
20190710,0
20190711,0
20190712,0
20190713,0
20190714,0
20190715,0
20190716,0
20190717,0
20190718,0
20190719,0
20190720,0
20190721,0
20190722,0
20190723,0
20190724,0
20190725,0
20190726,0
20190727,0
20190728,0
20190729,0
20190730,0
20190731,0
20190801,0
20190802,0
20190803,0
20190804,0
20190805,0
20190806,0
20190807,0
20190808,0
20190809,0
20190810,0
20190811,0
20190812,0
20190813,0
20190814,0
20190815,0
20190816,0
20190817,0
20190818,0
20190819,0
20190820,0
20190821,0
20190822,0
20190823,0
20190824,0
20190825,0
20190826,0
20190827,0
20190828,0
20190829,0
20190830,0
20190831,0
20190901,0
20190902,0
20190903,0
20190904,0
20190905,0
20190906,0
20190907,0
20190908,0
20190909,0
20190910,0
20190911,0
20190912,0
20190913,0
20190914,0
20190915,0
20190916,0
20190917,0
20190918,0
20190919,0
20190920,0
20190921,0
20190922,0
20190923,0
20190924,0
20190925,0
20190926,0
20190927,0
20190928,0
20190929,0
20190930,0
20191001,0
20191002,0
20191003,0
20191004,0
20191005,0
20191006,0
20191007,0
20191008,0
20191009,0
20191010,0
20191011,0
20191012,0
20191013,0
20191014,0
20191015,0
20191016,0
20191017,0
20191018,0
20191019,0
20191020,0
20191021,0
20191022,0
20191023,0
20191024,0
20191025,0
20191026,0
20191027,0
20191028,0
20191029,0
20191030,0
20191031,0
20191101,0
20191102,0
20191103,0
20191104,0
20191105,0
20191106,0
20191107,0
20191108,0
20191109,0
20191110,0
20191111,0
20191112,0
20191113,6.5
20191114,12.8
20191115,19.6
20191116,6.5
20191117,24.4
20191118,22.7
20191119,14.5
20191120,5.7
20191121,4.7
20191122,5.1
20191123,4.5
20191124,5.4
20191125,5.2
20191126,0
20191127,0
20191128,0
20191129,4
20191130,4.1
20191201,5.2
20191202,5.4
20191203,4.5
20191204,7.9
20191205,5.2
20191206,0
20191207,6.3
20191208,4.7
20191209,16.5
20191210,15.4
20191211,0
20191212,0
20191213,0
20191214,0
20191215,0
20191216,0
20191217,6.1
20191218,12
20191219,32.2
20191220,29.6
20191221,22.6
20191222,35.6
20191223,37
20191224,40.3
20191225,48.7
20191226,57.8
20191227,66.8
20191228,76
20191229,81
20191230,83.6
20191231,80.2
20200101,81.8
20200102,84.9
20200103,93.9
20200104,94.6
20200105,92.9
20200106,95.2
20200107,95.7
20200108,92.7
20200109,89.5
20200110,89.4
20200111,88
20200112,82.7
20200113,89
20200114,100
20200115,99.3
20200116,99.3
20200117,98.9
20200118,99.2
20200119,99.6
20200120,99.9
20200121,96.4
20200122,98.7
20200123,100
20200124,100
20200125,98.7
20200126,96.1
20200127,91.2
20200128,91.2
20200129,88.2
20200130,88.4
20200131,93.2
20200201,95.2
20200202,95.8
20200203,97.8
20200204,98.3
20200205,95.7
20200206,100
20200207,98.6
20200208,97
20200209,97.6
20200210,99.4
20200211,98.7
20200212,95.1
20200213,92.6
20200214,94.8
20200215,92.9
20200216,93.2
20200217,97.4
20200218,97.4
20200219,100
20200220,98.6
20200221,98.1
20200222,97.8
20200223,96.6
20200224,96.3
20200225,96.7
20200226,90.3
20200227,92.6
20200228,94.7
20200229,86.9
20200301,85.4
20200302,85.8
20200303,88.5
20200304,89.5
20200305,91.9
20200306,96
20200307,96.5
20200308,97.1
20200309,95.3
20200310,92.5
20200311,97.5
20200312,96.2
20200313,99.6
20200314,94.3
20200315,92.9
20200316,86.9
20200317,88.8
20200318,89.8
20200319,87.6
20200320,92.7
20200321,93.2
20200322,93.1
20200323,90.6
20200324,93.3
20200325,98.7
20200326,96.9
20200327,97
20200328,93.5
20200329,90.6
20200330,91.8
20200331,85.3
20200401,82.6
20200402,87.1
20200403,85.4
20200404,95
20200405,90.9
20200406,88
20200407,89.2
20200408,90.6
20200409,88.5
20200410,95.1
20200411,97.6
20200412,99.9
20200413,98.4
20200414,99
20200415,99.4
20200416,98.4
20200417,93.5
20200418,81.3
20200419,81.2
20200420,84.6
20200421,80.2
20200422,69.9
20200423,69.7
20200424,64.2
20200425,58.6
20200426,53.4
20200427,47.9
20200428,47.1
20200429,43.4
20200430,40.6
20200501,41.8
20200502,42.3
20200503,39
20200504,28.4
20200505,22.5
20200506,5.9
20200507,4.7
20200508,5.3
20200509,0
20200510,0
20200511,0
20200512,0
20200513,0
20200514,0
20200515,0
20200516,0
20200517,0
20200518,0
20200519,0
20200520,0
20200521,0
20200522,0
20200523,0
20200524,0
20200525,0
20200526,0
20200527,0
20200528,0
20200529,0
20200530,0
20200531,0
20200601,0
20200602,0
20200603,0
20200604,0
20200605,0
20200606,0
20200607,0
20200608,0
20200609,0
20200610,0
20200611,0
20200612,0
20200613,0
20200614,0
20200615,0
20200616,0
20200617,0
20200618,0
20200619,0
20200620,0
20200621,0
20200622,0
20200623,0
20200624,0
20200625,0
20200626,0
20200627,0
20200628,0
20200629,0
20200630,0
20200701,0
20200702,0
20200703,0
20200704,0
20200705,0
20200706,0
20200707,0
20200708,0
20200709,0
20200710,0
20200711,0
20200712,0
20200713,0
20200714,0
20200715,0
20200716,0
20200717,0
20200718,0
20200719,0
20200720,0
20200721,0
20200722,0
20200723,0
20200724,0
20200725,0
20200726,0
20200727,0
20200728,0
20200729,0
20200730,0
20200731,0
20200801,0
20200802,0
20200803,0
20200804,0
20200805,0
20200806,0
20200807,0
20200808,0
20200809,0
20200810,0
20200811,0
20200812,0
20200813,0
20200814,0
20200815,0
20200816,0
20200817,0
20200818,0
20200819,0
20200820,0
20200821,0
20200822,0
20200823,0
20200824,0
20200825,0
20200826,0
20200827,0
20200828,0
20200829,0
20200830,0
20200831,0
20200901,0
20200902,0
20200903,0
20200904,0
20200905,0
20200906,0
20200907,0
20200908,0
20200909,0
20200910,0
20200911,0
20200912,0
20200913,0
20200914,0
20200915,0
20200916,0
20200917,0
20200918,0
20200919,0
20200920,0
20200921,0
20200922,0
20200923,0
20200924,0
20200925,0
20200926,0
20200927,0
20200928,0
20200929,0
20200930,0
20201001,0
20201002,0
20201003,0
20201004,0
20201005,0
20201006,0
20201007,0
20201008,0
20201009,0
20201010,0
20201011,0
20201012,0
20201013,0
20201014,0
20201015,0
20201016,0
20201017,0
20201018,0
20201019,0
20201020,0
20201021,0
20201022,0
20201023,0
20201024,0
20201025,0
20201026,0
20201027,0
20201028,0
20201029,0
20201030,0
20201031,0
20201101,0
20201102,0
20201103,0
20201104,0
20201105,0
20201106,0
20201107,0
20201108,0
20201109,0
20201110,0
20201111,0
20201112,0
20201113,0
20201114,0
20201115,0
20201116,0
20201117,0
20201118,0
20201119,0
20201120,0
20201121,0
20201122,0
20201123,0
20201124,0
20201125,0
20201126,0
20201127,0
20201128,4.7
20201129,5.5
20201130,20.8
20201201,27.3
20201202,25
20201203,12.5
20201204,10.8
20201205,33.1
20201206,42.2
20201207,59.5
20201208,64.6
20201209,77.6
20201210,82.4
20201211,80.5
20201212,69.5
20201213,60.7
20201214,73.2
20201215,78.3
20201216,81.6
20201217,78.9
20201218,85.1
20201219,79.3
20201220,83.6
20201221,78.2
20201222,73.1
20201223,54.4
20201224,50.7
20201225,67.6
20201226,77.7
20201227,67.2
20201228,52.3
20201229,46.6
20201230,44.8
20201231,42.2
20210101,40.4
20210102,33.4
20210103,57.9
20210104,54.4
20210105,63.7
20210106,69.6
20210107,75.9
20210108,86.3
20210109,87.4
20210110,80.9
20210111,77.2
20210112,84.3
20210113,86.9
20210114,86.5
20210115,84.6
20210116,92.6
20210117,79.4
20210118,81
20210119,91.2
20210120,91.6
20210121,90.7
20210122,95.3
20210123,90.2
20210124,92.3
20210125,89.7
20210126,93.5
20210127,91.8
20210128,94.9
20210129,92.7
20210130,94
20210131,96.5
20210201,94.9
20210202,94.3
20210203,94.8
20210204,94.5
20210205,94.2
20210206,93.3
20210207,93.2
20210208,92.7
20210209,92.6
20210210,90.8
20210211,81.9
20210212,74.6
20210213,83.5
20210214,73.4
20210215,68.3
20210216,59.1
20210217,60.1
20210218,86.6
20210219,90.9
20210220,89
20210221,87.1
20210222,85.2
20210223,79.2
20210224,90.9
20210225,92
20210226,87.8
20210227,89.7
20210228,89.2
20210301,91.8
20210302,93.4
20210303,86.8
20210304,94.4
20210305,98.2
20210306,99.2
20210307,100
20210308,99.5
20210309,98.4
20210310,98.3
20210311,97.7
20210312,95.1
20210313,98.1
20210314,99.1
20210315,99.5
20210316,95.5
20210317,93.9
20210318,95.7
20210319,94
20210320,92.5
20210321,89.8
20210322,90.7
20210323,88
20210324,94.8
20210325,96.2
20210326,95.5
20210327,98.3
20210328,99.2
20210329,100
20210330,96.1
20210331,96.1
20210401,97.4
20210402,96.2
20210403,98.7
20210404,85.4
20210405,84
20210406,84.4
20210407,91.7
20210408,84.7
20210409,87.6
20210410,89.6
20210411,98.9
20210412,99.7
20210413,99.3
20210414,98.7
20210415,97
20210416,95.2
20210417,95.2
20210418,97.5
20210419,98.6
20210420,89
20210421,88.1
20210422,81.9
20210423,79
20210424,79.2
20210425,75.6
20210426,68.8
20210427,64
20210428,59.8
20210429,52.9
20210430,47.9
20210501,49
20210502,47.5
20210503,42.6
20210504,41.1
20210505,28.9
20210506,35.5
20210507,24.6
20210508,8.8
20210509,10.4
20210510,7.3
20210511,0
20210512,0
20210513,0
20210514,0
20210515,0
20210516,0
20210517,0
20210518,0
20210519,0
20210520,0
20210521,0
20210522,0
20210523,0
20210524,0
20210525,0
20210526,0
20210527,0
20210528,0
20210529,0
20210530,0
20210531,0
20210601,0
20210602,0
20210603,0
20210604,0
20210605,0
20210606,0
20210607,0
20210608,0
20210609,0
20210610,0
20210611,0
20210612,0
20210613,0
20210614,0
20210615,0
20210616,0
20210617,0
20210618,0
20210619,0
20210620,0
20210621,0
20210622,0
20210623,0
20210624,0
20210625,0
20210626,0
20210627,0
20210628,0
20210629,0
20210630,0
20210701,0
20210702,0
20210703,0
20210704,0
20210705,0
20210706,0
20210707,0
20210708,0
20210709,0
20210710,0
20210711,0
20210712,0
20210713,0
20210714,0
20210715,0
20210716,0
20210717,0
20210718,0
20210719,0
20210720,0
20210721,0
20210722,0
20210723,0
20210724,0
20210725,0
20210726,0
20210727,0
20210728,0
20210729,0
20210730,0
20210731,0
20210801,0
20210802,0
20210803,0
20210804,0
20210805,0
20210806,0
20210807,0
20210808,0
20210809,0
20210810,0
20210811,0
20210812,0
20210813,0
20210814,0
20210815,0
20210816,0
20210817,0
20210818,0
20210819,0
20210820,0
20210821,0
20210822,0
20210823,0
20210824,0
20210825,0
20210826,0
20210827,0
20210828,0
20210829,0
20210830,0
20210831,0
20210901,0
20210902,0
20210903,0
20210904,0
20210905,0
20210906,0
20210907,0
20210908,0
20210909,0
20210910,0
20210911,0
20210912,0
20210913,0
20210914,0
20210915,0
20210916,0
20210917,0
20210918,0
20210919,0
20210920,0
20210921,0
20210922,0
20210923,0
20210924,0
20210925,0
20210926,0
20210927,0
20210928,0
20210929,0
20210930,0
20211001,0
20211002,0
20211003,0
20211004,0
20211005,0
20211006,0
20211007,0
20211008,0
20211009,0
20211010,0
20211011,0
20211012,0
20211013,0
20211014,0
20211015,0
20211016,0
20211017,0
20211018,0
20211019,0
20211020,0
20211021,0
20211022,0
20211023,0
20211024,0
20211025,0
20211026,0
20211027,0
20211028,0
20211029,0
20211030,0
20211031,0
20211101,0
20211102,0
20211103,0
20211104,0
20211105,5.6
20211106,4.2
20211107,3.9
20211108,3.9
20211109,17.1
20211110,12.1
20211111,33.6
20211112,13.8
20211113,36
20211114,16.2
20211115,40
20211116,39.9
20211117,57.7
20211118,70.9
20211119,75
20211120,83
20211121,87.5
20211122,90.6
20211123,90.2
20211124,88.9
20211125,90.4
20211126,85.8
20211127,86.9
20211128,97.9
20211129,96
20211130,89.8
20211201,90.8
20211202,92.4
20211203,94.6
20211204,96.2
20211205,97.4
20211206,96.4
20211207,94.5
20211208,89.4
20211209,93.4
20211210,90.4
20211211,92.4
20211212,97.2
20211213,99.9
20211214,99.6
20211215,95.9
20211216,96.7
20211217,97.8
20211218,99.6
20211219,98.7
20211220,93.5
20211221,81.4
20211222,88.3
20211223,78.5
20211224,76.9
20211225,61.8
20211226,15.4
20211227,53
20211228,57.7
20211229,57.1
20211230,65.1
20211231,64.5
20220101,78.1
20220102,91.4
20220103,91.7
20220104,83.1
20220105,93.4
20220106,96.2
20220107,95.4
20220108,84.1
20220109,87.1
20220110,90.7
20220111,94.3
20220112,89.1
20220113,88.4
20220114,90.2
20220115,96.5
20220116,99.2
20220117,100
20220118,97.6
20220119,95
20220120,96.7
20220121,89.9
20220122,96.2
20220123,98.2
20220124,88.2
20220125,96.4
20220126,98.5
20220127,97.2
20220128,94.7
20220129,96.1
20220130,97.2
20220131,95.9
20220201,87.9
20220202,82.1
20220203,79.3
20220204,83.1
20220205,91.5
20220206,96.9
20220207,94.7
20220208,91.1
20220209,96.1
20220210,96.3
20220211,91.8
20220212,91.6
20220213,95.5
20220214,94.6
20220215,90.6
20220216,85.9
20220217,85.8
20220218,86.1
20220219,93.7
20220220,90.5
20220221,90.4
20220222,94.2
20220223,92.9
20220224,91
20220225,92.5
20220226,96.7
20220227,96.8
20220228,94.2
20220301,97.8
20220302,94
20220303,85.5
20220304,85.8
20220305,89.5
20220306,94.7
20220307,90.6
20220308,82.1
20220309,81.1
20220310,66.5
20220311,62.6
20220312,58.8
20220313,58.2
20220314,79.4
20220315,81.6
20220316,85.5
20220317,82.6
20220318,77.7
20220319,78.8
20220320,74.5
20220321,79.1
20220322,77.6
20220323,74.1
20220324,83.1
20220325,78.1
20220326,77.8
20220327,63.7
20220328,51.5
20220329,45
20220330,37.6
20220331,33.1
20220401,28.8
20220402,19.1
20220403,32.6
20220404,35.9
20220405,33
20220406,40.1
20220407,61.5
20220408,78.8
20220409,74.5
20220410,68.6
20220411,51
20220412,22.6
20220413,8.6
20220414,5.9
20220415,12.4
20220416,5
20220417,4.5
20220418,6.1
20220419,5.3
20220420,5.5
20220421,4.5
20220422,4.7
20220423,5.4
20220424,3.7
20220425,5.1
20220426,5.4
20220427,5.6
20220428,0
20220429,6
20220430,5.3
20220501,5.1
20220502,0
20220503,5.5
20220504,5.1
20220505,0
20220506,0
20220507,0
20220508,0
20220509,0
20220510,0
20220511,0
20220512,0
20220513,0
20220514,0
20220515,0
20220516,0
20220517,0
20220518,0
20220519,0
20220520,0
20220521,0
20220522,0
20220523,0
20220524,0
20220525,0
20220526,0
20220527,0
20220528,0
20220529,0
20220530,0
20220531,0
20220601,0
20220602,0
20220603,0
20220604,0
20220605,0
20220606,0
20220607,0
20220608,0
20220609,0
20220610,0
20220611,0
20220612,0
20220613,0
20220614,0
20220615,0
20220616,0
20220617,0
20220618,0
20220619,0
20220620,0
20220621,0
20220622,0
20220623,0
20220624,0
20220625,0
20220626,0
20220627,0
20220628,0
20220629,0
20220630,0
20220701,0
20220702,0
20220703,0
20220704,0
20220705,0
20220706,0
20220707,0
20220708,0
20220709,0
20220710,0
20220711,0
20220712,0
20220713,0
20220714,0
20220715,0
20220716,0
20220717,0
20220718,0
20220719,0
20220720,0
20220721,0
20220722,0
20220723,0
20220724,0
20220725,0
20220726,0
20220727,0
20220728,0
20220729,0
20220730,0
20220731,0
20220801,0
20220802,0
20220803,0
20220804,0
20220805,0
20220806,0
20220807,0
20220808,0
20220809,0
20220810,0
20220811,0
20220812,0
20220813,0
20220814,0
20220815,0
20220816,0
20220817,0
20220818,0
20220819,0
20220820,0
20220821,0
20220822,0
20220823,0
20220824,0
20220825,0
20220826,0
20220827,0
20220828,0
20220829,0
20220830,0
20220831,0
20220901,0
20220902,0
20220903,0
20220904,0
20220905,0
20220906,0
20220907,0
20220908,0
20220909,0
20220910,0
20220911,0
20220912,0
20220913,0
20220914,0
20220915,0
20220916,0
20220917,0
20220918,0
20220919,0
20220920,0
20220921,0
20220922,0
20220923,0
20220924,0
20220925,0
20220926,0
20220927,0
20220928,0
20220929,0
20220930,0
20221001,0
20221002,0
20221003,0
20221004,0
20221005,0
20221006,0
20221007,0
20221008,0
20221009,0
20221010,0
20221011,0
20221012,0
20221013,0
20221014,0
20221015,0
20221016,0
20221017,0
20221018,0
20221019,0
20221020,0
20221021,0
20221022,0
20221023,0
20221024,0
20221025,0
20221026,0
20221027,0
20221028,0
20221029,0
20221030,0
20221031,0
20221101,0
20221102,0
20221103,0
20221104,0
20221105,0
20221106,0
20221107,0
20221108,5.6
20221109,2.8
20221110,0
20221111,0
20221112,6.9
20221113,11.7
20221114,11.6
20221115,14.4
20221116,15.6
20221117,0
20221118,0
20221119,0
20221120,0
20221121,0
20221122,17
20221123,17.6
20221124,5.5
20221125,7.2
20221126,4.5
20221127,5.9
20221128,23.3
20221129,48.4
20221130,23.4
20221201,15
20221202,0
20221203,0
20221204,0
20221205,4.9
20221206,3.6
20221207,5.5
20221208,6
20221209,5.7
20221210,5.1
20221211,4.1
20221212,18.2
20221213,10.4
20221214,30.2
20221215,48.9
20221216,53.4
20221217,66.4
20221218,74.2
20221219,72.2
20221220,72.2
20221221,70.2
20221222,71.3
20221223,62.8
20221224,64.6
20221225,77.2
20221226,81.1
20221227,88
20221228,83.6
20221229,86.5
20221230,90.4
20221231,81.5
20230101,87.3
20230102,89.9
20230103,87.4
20230104,85
20230105,84.4
20230106,98.3
20230107,99.9
20230108,97.2
20230109,93.1
20230110,85.2
20230111,90
20230112,88
20230113,90.6
20230114,87.3
20230115,88.2
20230116,90.7
20230117,92.8
20230118,92.6
20230119,94.2
20230120,92.4
20230121,97.2
20230122,89.3
20230123,83.4
20230124,84.4
20230125,88.6
20230126,91
20230127,87.8
20230128,95.8
20230129,96.4
20230130,96
20230131,99.1
20230201,99.7
20230202,97
20230203,94
20230204,91.1
20230205,88.6
20230206,93.5
20230207,94.4
20230208,99.4
20230209,96.6
20230210,90.1
20230211,86.8
20230212,90.1
20230213,94.6
20230214,93.7
20230215,92
20230216,94.6
20230217,97.2
20230218,99.9
20230219,98.6
20230220,96.7
20230221,99.2
20230222,95.2
20230223,88.2
20230224,88.8
20230225,89
20230226,94.3
20230227,98.4
20230228,94.7
20230301,96.3
20230302,96.3
20230303,98.5
20230304,97.4
20230305,99.5
20230306,93.2
20230307,82.5
20230308,84.7
20230309,82.9
20230310,83.1
20230311,91.1
20230312,87.3
20230313,88
20230314,87.4
20230315,82.7
20230316,82.3
20230317,90.2
20230318,86.7
20230319,94.2
20230320,83.3
20230321,80.5
20230322,87.3
20230323,88.7
20230324,94.1
20230325,92.3
20230326,92.9
20230327,85.5
20230328,94.5
20230329,94.3
20230330,96.6
20230331,91.5
20230401,87.1
20230402,88.9
20230403,87.8
20230404,87.1
20230405,91.7
20230406,97.9
20230407,97.6
20230408,93.2
20230409,87.6
20230410,87.5
20230411,84.4
20230412,81.7
20230413,83.2
20230414,81.5
20230415,78.9
20230416,79.5
20230417,88.2
20230418,92.1
20230419,80.2
20230420,85.1
20230421,66.2
20230422,66.1
20230423,67.5
20230424,63.8
20230425,55.3
20230426,54
20230427,48.2
20230428,51.9
20230429,50.8
20230430,37
20230501,27.3
20230502,23.7
20230503,29.3
20230504,36.1
20230505,36.9
20230506,50
20230507,47.5
20230508,45.5
20230509,37.1
20230510,29.7
20230511,24.7
20230512,21.5
20230513,26.4
20230514,28.3
20230515,20.4
20230516,21.8
20230517,4.9
20230518,12
20230519,0
20230520,5.3
20230521,6.3
20230522,0
20230523,0
20230524,0
20230525,0
20230526,0
20230527,0
20230528,0
20230529,0
20230530,0
20230531,0
20230601,0
20230602,0
20230603,0
20230604,0
20230605,0
20230606,0
20230607,0
20230608,0
20230609,0
20230610,0
20230611,0
20230612,0
20230613,0
20230614,0
20230615,0
20230616,0
20230617,0
20230618,0
20230619,0
20230620,0
20230621,0
20230622,0
20230623,0
20230624,0
20230625,0
20230626,0
20230627,0
20230628,0
20230629,0
20230630,0
20230701,0
20230702,0
20230703,0
20230704,0
20230705,0
20230706,0
20230707,0
20230708,0
20230709,0
20230710,0
20230711,0
20230712,0
20230713,0
20230714,0
20230715,0
20230716,0
20230717,0
20230718,0
20230719,0
20230720,0
20230721,0
20230722,0
20230723,0
20230724,0
20230725,0
20230726,0
20230727,0
20230728,0
20230729,0
20230730,0
20230731,0
20230801,0
20230802,0
20230803,0
20230804,0
20230805,0
20230806,0
20230807,0
20230808,0
20230809,0
20230810,0
20230811,0
20230812,0
20230813,0
20230814,0
20230815,0
20230816,0
20230817,0
20230818,0
20230819,0
20230820,0
20230821,0
20230822,0
20230823,0
20230824,0
20230825,0
20230826,0
20230827,0
20230828,0
20230829,0
20230830,0
20230831,0
20230901,0
20230902,0
20230903,0
20230904,0
20230905,0
20230906,0
20230907,0
20230908,0
20230909,0
20230910,0
20230911,0
20230912,0
20230913,0
20230914,0
20230915,0
20230916,0
20230917,0
20230918,0
20230919,0
20230920,0
20230921,0
20230922,0
20230923,0
20230924,0
20230925,0
20230926,0
20230927,0
20230928,0
20230929,0
20230930,0
20231001,0
20231002,0
20231003,0
20231004,0
20231005,0
20231006,0
20231007,0
20231008,0
20231009,0
20231010,0
20231011,0
20231012,0
20231013,0
20231014,0
20231015,0
20231016,0
20231017,0
20231018,0
20231019,0
20231020,0
20231021,0
20231022,0
20231023,0
20231024,0
20231025,0
20231026,0
20231027,0
20231028,0
20231029,0
20231030,0
20231031,0
20231101,0
20231102,0
20231103,0
20231104,0
20231105,0
20231106,0
20231107,0
20231108,0
20231109,0
20231110,0
20231111,0
20231112,0
20231113,0
20231114,0
20231115,0
20231116,5
20231117,3.8
20231118,4.6
20231119,4.4
20231120,4.6
20231121,4.1
20231122,5.5
20231123,0
20231124,0
20231125,0
20231126,0
20231127,0
20231128,0
20231129,4
20231130,5.1
20231201,5.2
20231202,13.5
20231203,12.4
20231204,8.5
20231205,10
20231206,10.3
20231207,12.6
20231208,24.3
20231209,13.5
20231210,35.6
20231211,48.2
20231212,61.2
20231213,72
20231214,83.3
20231215,76.2
20231216,75.8
20231217,79.4
20231218,83.6
20231219,85.4
20231220,87.3
20231221,86.6
20231222,96.1
20231223,93.7
20231224,92.9
20231225,98.3
20231226,98.8
20231227,95.3
20231228,98.4
20231229,98.9
20231230,91.6
20231231,92.8
20240101,90.1
20240102,82
20240103,74.2
20240104,81
20240105,88.9
20240106,90
20240107,67.2
20240108,44.6
20240109,60.9
20240110,66.6
20240111,22.8
20240112,18.6
20240113,19.9
20240114,31.1
20240115,34.3
20240116,31.8
20240117,28.4
20240118,53.6
20240119,74
20240120,73.6
20240121,75.3
20240122,83
20240123,95.5
20240124,97.5
20240125,99.2
20240126,92.7
20240127,89.3
20240128,90.1
20240129,88.5
20240130,89.9
20240131,93
20240201,89.1
20240202,86.4
20240203,90.3
20240204,90.9
20240205,92.3
20240206,94.2
20240207,94.3
20240208,86.2
20240209,83.4
20240210,78.3
20240211,84.3
20240212,89.7
20240213,88.4
20240214,94.6
20240215,90.4
20240216,86.6
20240217,89.9
20240218,84
20240219,93.2
20240220,89
20240221,89.8
20240222,91.1
20240223,90.4
20240224,91.9
20240225,97.8
20240226,90
20240227,88
20240228,90.7
20240229,90.4
20240301,93.9
20240302,91.3
20240303,82.1
20240304,89.6
20240305,93.5
20240306,96.3
20240307,95.7
20240308,91
20240309,92.7
20240310,89.6
20240311,88.7
20240312,89.7
20240313,85.4
20240314,88.6
20240315,87.7
20240316,85.5
20240317,88.8
20240318,88.9
20240319,77.9
20240320,76.5
20240321,82.4
20240322,81.6
20240323,82.6
20240324,71
20240325,78.4
20240326,93.7
20240327,95.6
20240328,87.8
20240329,68.8
20240330,70.4
20240331,78.9
20240401,84.5
20240402,90.5
20240403,86.9
20240404,87.3
20240405,87.7
20240406,85.3
20240407,82.4
20240408,76.5
20240409,86.9
20240410,91.6
20240411,98.1
20240412,85.6
20240413,86.6
20240414,76.7
20240415,74.5
20240416,79.3
20240417,85.9
20240418,90.5
20240419,80.2
20240420,80
20240421,74.6
20240422,81.2
20240423,78.5
20240424,68.4
20240425,72.9
20240426,66.2
20240427,64.8
20240428,60
20240429,48.5
20240430,47.6
20240501,38.3
20240502,44.2
20240503,36.3
20240504,0
20240505,0
20240506,0
20240507,0
20240508,0
20240509,0
20240510,0
20240511,0
20240512,0
20240513,0
20240514,0
20240515,0
20240516,0
20240517,0
20240518,0
20240519,0
20240520,0
20240521,0
20240522,0
20240523,0
20240524,0
20240525,0
20240526,0
20240527,0
20240528,0
20240529,0
20240530,0
20240531,0
20240601,0
20240602,0
20240603,0
20240604,0
20240605,0
20240606,0
20240607,0
20240608,0
20240609,0
20240610,0
20240611,0
20240612,0
20240613,0
20240614,0
20240615,0
20240616,0
20240617,0
20240618,0
20240619,0
20240620,0
20240621,0
20240622,0
20240623,0
20240624,0
20240625,0
20240626,0
20240627,0
20240628,0
20240629,0
20240630,0
20240701,0
20240702,0
20240703,0
20240704,0
20240705,0
20240706,0
20240707,0
20240708,0
20240709,0
20240710,0
20240711,0
20240712,0
20240713,0
20240714,0
20240715,0
20240716,0
20240717,0
20240718,0
20240719,0
20240720,0
20240721,0
20240722,0
20240723,0
20240724,0
20240725,0
20240726,0
20240727,0
20240728,0
20240729,0
20240730,0
20240731,0
20240801,0
20240802,0
20240803,0
20240804,0
20240805,0
20240806,0
20240807,0
20240808,0
20240809,0
20240810,0
20240811,0
20240812,0
20240813,0
20240814,0
20240815,0
20240816,0
20240817,0
20240818,0
20240819,0
20240820,0
20240821,0
20240822,0
20240823,0
20240824,0
20240825,0
20240826,0
20240827,0
20240828,0
20240829,0
20240830,0
20240831,0
20240901,0
20240902,0
20240903,0
20240904,0
20240905,0
20240906,0
20240907,0
20240908,0
20240909,0
20240910,0
20240911,0
20240912,0
20240913,0
20240914,0
20240915,0
20240916,0
20240917,0
20240918,0
20240919,0
20240920,0
20240921,0
20240922,0
20240923,0
20240924,0
20240925,0
20240926,0
20240927,0
20240928,0
20240929,0
20240930,0
20241001,0
20241002,0
20241003,0
20241004,0
20241005,0
20241006,0
20241007,0
20241008,0
20241009,0
20241010,0
20241011,0
20241012,0
20241013,0
20241014,0
20241015,0
20241016,0
20241017,0
20241018,0
20241019,0
20241020,0
20241021,0
20241022,0
20241023,0
20241024,0
20241025,0
20241026,0
20241027,0
20241028,0
20241029,0
20241030,0
20241031,0
20241101,0
20241102,0
20241103,0
20241104,0
20241105,0
20241106,0
20241107,0
20241108,0
20241109,0
20241110,0
20241111,0
20241112,0
20241113,4.4
20241114,0
20241115,6
20241116,13
20241117,11
20241118,17.1
20241119,13.7
20241120,4.2
20241121,5.1
20241122,11.6
20241123,15.2
20241124,0
20241125,6.6
20241126,25.4
20241127,39.1
20241128,46.7
20241129,54.9
20241130,59.1
20241201,62.9
20241202,68.2
20241203,65.6
20241204,70.5
20241205,80.2
20241206,73.9
20241207,72.3
20241208,71.3
20241209,55
20241210,0
20241211,33.5
20241212,30
20241213,27.3
20241214,14
20241215,23.9
20241216,46.4
20241217,50
20241218,37.2
20241219,24.6
20241220,44.3
20241221,43.4
20241222,50.9
20241223,49.9
20241224,50.8
20241225,47
20241226,47
20241227,50.6
20241228,67.1
20241229,73
20241230,51
20241231,50
