Time,ICE
19910101,87.6
19910102,85.7
19910103,77.6
19910104,69.3
19910105,63.8
19910106,70.6
19910107,86.5
19910108,98.4
19910109,97.8
19910110,92
19910111,91.4
19910112,90.8
19910113,93.3
19910114,95.1
19910115,94
19910116,89.4
19910117,95
19910118,94.1
19910119,89.1
19910120,92.8
19910121,96.9
19910122,89.2
19910123,87.9
19910124,77.1
19910125,66.2
19910126,57.4
19910127,45.4
19910128,37.3
19910129,61.8
19910130,83.6
19910131,90.9
19910201,86.2
19910202,85.3
19910203,89
19910204,89.9
19910205,87.4
19910206,89.7
19910207,96.4
19910208,98.2
19910209,95.3
19910210,93.9
19910211,91.5
19910212,88.9
19910213,97
19910214,97.1
19910215,94.5
19910216,96.9
19910217,97.5
19910218,96.3
19910219,95.4
19910220,94.1
19910221,94.1
19910222,89.7
19910223,92.2
19910224,99.5
19910225,98
19910226,91
19910227,84
19910228,77
19910301,82.8
19910302,93
19910303,80.1
19910304,72.6
19910305,68.1
19910306,71
19910307,68.2
19910308,74.3
19910309,80.4
19910310,86.5
19910311,92.6
19910312,88.7
19910313,96.3
19910314,89
19910315,96.2
19910316,99.2
19910317,98.1
19910318,98.7
19910319,98.7
19910320,97.7
19910321,98.1
19910322,99.4
19910323,99.9
19910324,99.7
19910325,100
19910326,99.7
19910327,99.4
19910328,96.2
19910329,93.3
19910330,98.5
19910331,99.3
19910401,91.8
19910402,79.3
19910403,71.2
19910404,69.8
19910405,74.6
19910406,86.3
19910407,69.5
19910408,67.6
19910409,62.5
19910410,77.2
19910411,80.3
19910412,67.2
19910413,44.2
19910414,44.1
19910415,44
19910416,43.9
19910417,38.9
19910418,35.1
19910419,37.7
19910420,31.3
19910421,20.4
19910422,25.6
19910423,19.2
19910424,16.3
19910425,11
19910426,10.4
19910427,16.3
19910428,9
19910429,13.6
19910430,8.2
19910501,6
19910502,4.6
19910503,0
19910504,0
19910505,0
19910506,0
19910507,0
19910508,0
19910509,0
19910510,0
19910511,0
19910512,0
19910513,0
19910514,0
19910515,0
19910516,0
19910517,0
19910518,0
19910519,0
19910520,0
19910521,0
19910522,0
19910523,0
19910524,0
19910525,0
19910526,0
19910527,0
19910528,0
19910529,0
19910530,0
19910531,0
19910601,0
19910602,0
19910603,0
19910604,0
19910605,0
19910606,0
19910607,0
19910608,0
19910609,0
19910610,0
19910611,0
19910612,0
19910613,0
19910614,0
19910615,0
19910616,0
19910617,0
19910618,0
19910619,0
19910620,0
19910621,0
19910622,0
19910623,0
19910624,0
19910625,0
19910626,0
19910627,0
19910628,0
19910629,0
19910630,0
19910701,0
19910702,0
19910703,0
19910704,0
19910705,0
19910706,0
19910707,0
19910708,0
19910709,0
19910710,0
19910711,0
19910712,0
19910713,0
19910714,0
19910715,0
19910716,0
19910717,0
19910718,0
19910719,0
19910720,0
19910721,0
19910722,0
19910723,0
19910724,0
19910725,0
19910726,0
19910727,0
19910728,0
19910729,0
19910730,0
19910731,0
19910801,0
19910802,0
19910803,0
19910804,0
19910805,0
19910806,0
19910807,0
19910808,0
19910809,0
19910810,0
19910811,0
19910812,0
19910813,0
19910814,0
19910815,0
19910816,0
19910817,0
19910818,0
19910819,0
19910820,0
19910821,0
19910822,0
19910823,0
19910824,0
19910825,0
19910826,0
19910827,0
19910828,0
19910829,0
19910830,0
19910831,0
19910901,0
19910902,0
19910903,0
19910904,0
19910905,0
19910906,0
19910907,0
19910908,0
19910909,0
19910910,0
19910911,0
19910912,0
19910913,0
19910914,0
19910915,0
19910916,0
19910917,0
19910918,0
19910919,0
19910920,0
19910921,0
19910922,0
19910923,0
19910924,0
19910925,0
19910926,0
19910927,0
19910928,0
19910929,0
19910930,0
19911001,0
19911002,0
19911003,0
19911004,0
19911005,0
19911006,0
19911007,0
19911008,0
19911009,0
19911010,0
19911011,0
19911012,0
19911013,0
19911014,0
19911015,0
19911016,0
19911017,0
19911018,0
19911019,0
19911020,0
19911021,0
19911022,0
19911023,0
19911024,0
19911025,0
19911026,0
19911027,0
19911028,0
19911029,0
19911030,0
19911031,0
19911101,0
19911102,0
19911103,0
19911104,0
19911105,0
19911106,0
19911107,0
19911108,0
19911109,0
19911110,0
19911111,0
19911112,0
19911113,13.6
19911114,5
19911115,4.8
19911116,11.3
19911117,17.5
19911118,28.8
19911119,30
19911120,37.6
19911121,15.6
19911122,27
19911123,49
19911124,63.7
19911125,80.5
19911126,75.8
19911127,59
19911128,40.2
19911129,43.9
19911130,42.1
19911201,52.4
19911202,42.1
19911203,30.5
19911204,35.3
19911205,76.5
19911206,66.5
19911207,65.9
19911208,68.6
19911209,64.5
19911210,56.6
19911211,50.8
19911212,65.5
19911213,62.5
19911214,35.8
19911215,27
19911216,41.2
19911217,67.6
19911218,69.7
19911219,76.2
19911220,88.1
19911221,87.6
19911222,77.5
19911223,81.9
19911224,82.1
19911225,92.4
19911226,92
19911227,95.6
19911228,98.8
19911229,98.2
19911230,97.2
19911231,97.2
19920101,96.5
19920102,93.5
19920103,94.7
19920104,98.8
19920105,86.7
19920106,85.7
19920107,88
19920108,96.2
19920109,91.8
19920110,96.1
19920111,97.8
19920112,93.9
19920113,92.3
19920114,90.6
19920115,85
19920116,89.6
19920117,76.9
19920118,76
19920119,74.8
19920120,95.8
19920121,99.2
19920122,95.4
19920123,96.4
19920124,99.3
19920125,91.8
19920126,87.3
19920127,91.9
19920128,94.4
19920129,95.6
19920130,93.8
19920131,96.1
19920201,97.1
19920202,96
19920203,93.9
19920204,91.4
19920205,93
19920206,93.9
19920207,96
19920208,98
19920209,95.9
19920210,98.9
19920211,99.9
19920212,100
19920213,98.7
19920214,99.1
19920215,99.6
19920216,100
19920217,100
19920218,100
19920219,100
19920220,99.6
19920221,98.2
19920222,94.7
19920223,93.8
19920224,88.7
19920225,91.5
19920226,92
19920227,95.3
19920228,96.6
19920229,99.1
19920301,95.5
19920302,93.6
19920303,95.9
19920304,98.2
19920305,95.8
19920306,93
19920307,96.4
19920308,85.5
19920309,84.5
19920310,86.8
19920311,93.2
19920312,99.6
19920313,100
19920314,90.6
19920315,80.7
19920316,72.6
19920317,71.3
19920318,71.3
19920319,67.4
19920320,66.6
19920321,79.3
19920322,80
19920323,78.2
19920324,71.3
19920325,68.5
19920326,85.3
19920327,88.9
19920328,92.5
19920329,88
19920330,90.4
19920331,76.2
19920401,77.5
19920402,69.8
19920403,59.7
19920404,53.2
19920405,44.9
19920406,44.3
19920407,42.5
19920408,34
19920409,32
19920410,28.6
19920411,34.9
19920412,60.1
19920413,84.7
19920414,75.5
19920415,47.6
19920416,37.9
19920417,23.6
19920418,20.6
19920419,20.2
19920420,17.9
19920421,11
19920422,7.7
19920423,12.1
19920424,12.2
19920425,13.9
19920426,11.3
19920427,9.3
19920428,14.8
19920429,8.4
19920430,4.5
19920501,5.9
19920502,8.4
19920503,10.3
19920504,5.4
19920505,11.2
19920506,9.8
19920507,0
19920508,0
19920509,6.8
19920510,9.4
19920511,13
19920512,8
19920513,6.8
19920514,4.7
19920515,4
19920516,4.1
19920517,0
19920518,10.3
19920519,10.7
19920520,8.3
19920521,5.7
19920522,0
19920523,0
19920524,0
19920525,0
19920526,0
19920527,0
19920528,0
19920529,0
19920530,0
19920531,0
19920601,0
19920602,0
19920603,0
19920604,0
19920605,0
19920606,0
19920607,0
19920608,0
19920609,0
19920610,0
19920611,0
19920612,0
19920613,0
19920614,0
19920615,0
19920616,0
19920617,0
19920618,0
19920619,0
19920620,0
19920621,0
19920622,0
19920623,0
19920624,0
19920625,0
19920626,0
19920627,0
19920628,0
19920629,0
19920630,0
19920701,0
19920702,0
19920703,0
19920704,0
19920705,0
19920706,0
19920707,0
19920708,0
19920709,0
19920710,0
19920711,0
19920712,0
19920713,0
19920714,0
19920715,0
19920716,0
19920717,0
19920718,0
19920719,0
19920720,0
19920721,0
19920722,0
19920723,0
19920724,0
19920725,0
19920726,0
19920727,0
19920728,0
19920729,0
19920730,0
19920731,0
19920801,0
19920802,0
19920803,0
19920804,0
19920805,0
19920806,0
19920807,0
19920808,0
19920809,0
19920810,0
19920811,0
19920812,0
19920813,0
19920814,0
19920815,0
19920816,0
19920817,0
19920818,0
19920819,0
19920820,0
19920821,0
19920822,0
19920823,0
19920824,0
19920825,0
19920826,0
19920827,0
19920828,0
19920829,0
19920830,0
19920831,0
19920901,0
19920902,0
19920903,0
19920904,0
19920905,0
19920906,0
19920907,0
19920908,0
19920909,0
19920910,0
19920911,0
19920912,0
19920913,0
19920914,0
19920915,0
19920916,0
19920917,0
19920918,0
19920919,0
19920920,0
19920921,0
19920922,0
19920923,0
19920924,0
19920925,0
19920926,0
19920927,0
19920928,0
19920929,0
19920930,0
19921001,0
19921002,0
19921003,0
19921004,0
19921005,0
19921006,0
19921007,0
19921008,0
19921009,0
19921010,0
19921011,0
19921012,0
19921013,0
19921014,0
19921015,0
19921016,0
19921017,0
19921018,0
19921019,0
19921020,0
19921021,0
19921022,0
19921023,0
19921024,0
19921025,0
19921026,0
19921027,0
19921028,0
19921029,0
19921030,0
19921031,0
19921101,41.6
19921102,49.3
19921103,42.9
19921104,28
19921105,47
19921106,44.9
19921107,35.9
19921108,19.7
19921109,9.6
19921110,13.7
19921111,11.8
19921112,13
19921113,9.7
19921114,17.3
19921115,36.2
19921116,48.1
19921117,49.9
19921118,58.7
19921119,64
19921120,61.2
19921121,50.7
19921122,38.5
19921123,35.8
19921124,60.2
19921125,68.2
19921126,77.9
19921127,79.5
19921128,48.5
19921129,46.1
19921130,40.9
19921201,49.9
19921202,12.4
19921203,22.2
19921204,19
19921205,25
19921206,39.1
19921207,45.5
19921208,45.2
19921209,55.2
19921210,65.5
19921211,68.7
19921212,73.7
19921213,85.4
19921214,84.1
19921215,87.6
19921216,87.5
19921217,82.6
19921218,80.2
19921219,84.8
19921220,82
19921221,89.3
19921222,85.4
19921223,84.5
19921224,83.5
19921225,73.6
19921226,76.3
19921227,75.7
19921228,78
19921229,80.3
19921230,63.3
19921231,65.3
19930101,59
19930102,62.2
19930103,70.6
19930104,52.8
19930105,35
19930106,17.1
19930107,16.9
19930108,17.8
19930109,18.6
19930110,21.3
19930111,24.2
19930112,10.2
19930113,15.9
19930114,9.9
19930115,16
19930116,30.8
19930117,54.1
19930118,73.6
19930119,80.4
19930120,86.8
19930121,89.6
19930122,92.7
19930123,90.6
19930124,88.3
19930125,88.1
19930126,88.7
19930127,81.4
19930128,81.7
19930129,85.2
19930130,91.9
19930131,95.9
19930201,96.6
19930202,99.6
19930203,99.4
19930204,95.4
19930205,86
19930206,86.6
19930207,87
19930208,96.7
19930209,95.4
19930210,94.1
19930211,90
19930212,80.1
19930213,70.5
19930214,55.9
19930215,54.7
19930216,57.3
19930217,55.6
19930218,58.2
19930219,55
19930220,50.4
19930221,45.4
19930222,37.7
19930223,34.6
19930224,33.6
19930225,29.9
19930226,23.3
19930227,19.8
19930228,33.8
19930301,46.8
19930302,72.3
19930303,62.6
19930304,71
19930305,78
19930306,68.2
19930307,78
19930308,83.9
19930309,89.7
19930310,74.6
19930311,79.3
19930312,93.1
19930313,87.1
19930314,85.9
19930315,90.4
19930316,73.8
19930317,55.3
19930318,54.7
19930319,42.9
19930320,28.4
19930321,23.7
19930322,17
19930323,52.2
19930324,81.9
19930325,75.5
19930326,58.1
19930327,39.8
19930328,21.4
19930329,21.6
19930330,15.3
19930331,17.9
19930401,13.2
19930402,9.2
19930403,14.7
19930404,14.2
19930405,18.8
19930406,17.6
19930407,13.3
19930408,0
19930409,0
19930410,0
19930411,0
19930412,0
19930413,0
19930414,0
19930415,0
19930416,0
19930417,0
19930418,0
19930419,0
19930420,0
19930421,0
19930422,0
19930423,0
19930424,0
19930425,0
19930426,0
19930427,0
19930428,0
19930429,0
19930430,0
19930501,0
19930502,0
19930503,0
19930504,0
19930505,0
19930506,0
19930507,0
19930508,0
19930509,0
19930510,0
19930511,0
19930512,0
19930513,0
19930514,0
19930515,0
19930516,0
19930517,0
19930518,0
19930519,0
19930520,0
19930521,0
19930522,0
19930523,0
19930524,0
19930525,0
19930526,0
19930527,0
19930528,0
19930529,0
19930530,0
19930531,0
19930601,0
19930602,0
19930603,0
19930604,0
19930605,0
19930606,0
19930607,0
19930608,0
19930609,0
19930610,0
19930611,0
19930612,0
19930613,0
19930614,0
19930615,0
19930616,0
19930617,0
19930618,0
19930619,0
19930620,0
19930621,0
19930622,0
19930623,0
19930624,0
19930625,0
19930626,0
19930627,0
19930628,0
19930629,0
19930630,0
19930701,0
19930702,0
19930703,0
19930704,0
19930705,0
19930706,0
19930707,0
19930708,0
19930709,0
19930710,0
19930711,0
19930712,0
19930713,0
19930714,0
19930715,0
19930716,0
19930717,0
19930718,0
19930719,0
19930720,0
19930721,0
19930722,0
19930723,0
19930724,0
19930725,0
19930726,0
19930727,0
19930728,0
19930729,0
19930730,0
19930731,0
19930801,0
19930802,0
19930803,0
19930804,0
19930805,0
19930806,0
19930807,0
19930808,0
19930809,0
19930810,0
19930811,0
19930812,0
19930813,0
19930814,0
19930815,0
19930816,0
19930817,0
19930818,0
19930819,0
19930820,0
19930821,0
19930822,0
19930823,0
19930824,0
19930825,0
19930826,0
19930827,0
19930828,0
19930829,0
19930830,0
19930831,0
19930901,0
19930902,0
19930903,0
19930904,0
19930905,0
19930906,0
19930907,0
19930908,0
19930909,0
19930910,0
19930911,0
19930912,0
19930913,0
19930914,0
19930915,0
19930916,0
19930917,0
19930918,0
19930919,0
19930920,0
19930921,0
19930922,0
19930923,0
19930924,0
19930925,0
19930926,0
19930927,0
19930928,0
19930929,0
19930930,0
19931001,0
19931002,0
19931003,0
19931004,0
19931005,0
19931006,0
19931007,0
19931008,0
19931009,0
19931010,0
19931011,0
19931012,0
19931013,0
19931014,0
19931015,0
19931016,0
19931017,0
19931018,0
19931019,0
19931020,0
19931021,0
19931022,0
19931023,0
19931024,0
19931025,0
19931026,0
19931027,0
19931028,0
19931029,0
19931030,0
19931031,0
19931101,0
19931102,0
19931103,0
19931104,0
19931105,0
19931106,0
19931107,0
19931108,0
19931109,0
19931110,0
19931111,0
19931112,0
19931113,0
19931114,0
19931115,0
19931116,0
19931117,0
19931118,0
19931119,0
19931120,0
19931121,0
19931122,0
19931123,0
19931124,0
19931125,0
19931126,9
19931127,0
19931128,0
19931129,4.5
19931130,5.2
19931201,11.6
19931202,0
19931203,19.4
19931204,25.1
19931205,10.7
19931206,0
19931207,17.5
19931208,35.7
19931209,39.3
19931210,42.9
19931211,53.2
19931212,56.3
19931213,52.7
19931214,55
19931215,60.2
19931216,64.5
19931217,66.2
19931218,57.7
19931219,55.2
19931220,48.5
19931221,44.4
19931222,24.8
19931223,55.6
19931224,64.9
19931225,65.5
19931226,38.7
19931227,18.6
19931228,18.9
19931229,21.5
19931230,20.1
19931231,26.2
19940101,51.6
19940102,71.6
19940103,87.2
19940104,72.7
19940105,76.6
19940106,81.1
19940107,86
19940108,86.1
19940109,93.5
19940110,95.3
19940111,90.8
19940112,96.7
19940113,94.5
19940114,89.4
19940115,93.2
19940116,92.8
19940117,91.3
19940118,92.6
19940119,97.8
19940120,95.3
19940121,88.8
19940122,96.2
19940123,94.6
19940124,85.7
19940125,86.7
19940126,92.9
19940127,94.1
19940128,99.4
19940129,88.5
19940130,80.4
19940131,58.4
19940201,9.1
19940202,11.6
19940203,10.6
19940204,9.5
19940205,11.6
19940206,14.9
19940207,11.9
19940208,12.7
19940209,15.4
19940210,14
19940211,30.3
19940212,58.2
19940213,78
19940214,83.5
19940215,88.3
19940216,92.3
19940217,84.7
19940218,91.2
19940219,99.6
19940220,99.5
19940221,94.2
19940222,90.3
19940223,89.8
19940224,90
19940225,89.9
19940226,91.3
19940227,92.3
19940228,86.4
19940301,87.1
19940302,91.7
19940303,86
19940304,87.7
19940305,92.7
19940306,84.8
19940307,85.9
19940308,73.9
19940309,76.5
19940310,65.2
19940311,63.6
19940312,64.9
19940313,86.6
19940314,87.9
19940315,89.2
19940316,90.6
19940317,88.1
19940318,88.4
19940319,84.2
19940320,82.2
19940321,86.2
19940322,79.9
19940323,78.1
19940324,89.6
19940325,87
19940326,90.5
19940327,82.8
19940328,86.8
19940329,88.8
19940330,96.4
19940331,90.7
19940401,78
19940402,74.2
19940403,78.6
19940404,70.1
19940405,72.4
19940406,55.8
19940407,52.7
19940408,47.4
19940409,50.1
19940410,50.6
19940411,49.4
19940412,43.7
19940413,43.9
19940414,55.4
19940415,55.9
19940416,78.8
19940417,69
19940418,60
19940419,55.3
19940420,52.3
19940421,38.9
19940422,37.7
19940423,43.8
19940424,54.2
19940425,45.5
19940426,23
19940427,20.9
19940428,8.5
19940429,4.4
19940430,5.1
19940501,9.6
19940502,8.8
19940503,4.9
19940504,5.6
19940505,10.8
19940506,4.5
19940507,8
19940508,8.7
19940509,4.5
19940510,4.8
19940511,5.6
19940512,5.2
19940513,0
19940514,0
19940515,0
19940516,0
19940517,0
19940518,0
19940519,0
19940520,0
19940521,0
19940522,0
19940523,0
19940524,0
19940525,0
19940526,0
19940527,0
19940528,0
19940529,0
19940530,0
19940531,0
19940601,0
19940602,0
19940603,0
19940604,0
19940605,0
19940606,0
19940607,0
19940608,0
19940609,0
19940610,0
19940611,0
19940612,0
19940613,0
19940614,0
19940615,0
19940616,0
19940617,0
19940618,0
19940619,0
19940620,0
19940621,0
19940622,0
19940623,0
19940624,0
19940625,0
19940626,0
19940627,0
19940628,0
19940629,0
19940630,0
19940701,0
19940702,0
19940703,0
19940704,0
19940705,0
19940706,0
19940707,0
19940708,0
19940709,0
19940710,0
19940711,0
19940712,0
19940713,0
19940714,0
19940715,0
19940716,0
19940717,0
19940718,0
19940719,0
19940720,0
19940721,0
19940722,0
19940723,0
19940724,0
19940725,0
19940726,0
19940727,0
19940728,0
19940729,0
19940730,0
19940731,0
19940801,0
19940802,0
19940803,0
19940804,0
19940805,0
19940806,0
19940807,0
19940808,0
19940809,0
19940810,0
19940811,0
19940812,0
19940813,0
19940814,0
19940815,0
19940816,0
19940817,0
19940818,0
19940819,0
19940820,0
19940821,0
19940822,0
19940823,0
19940824,0
19940825,0
19940826,0
19940827,0
19940828,0
19940829,0
19940830,0
19940831,0
19940901,0
19940902,0
19940903,0
19940904,0
19940905,0
19940906,0
19940907,0
19940908,0
19940909,0
19940910,0
19940911,0
19940912,0
19940913,0
19940914,0
19940915,0
19940916,0
19940917,0
19940918,0
19940919,0
19940920,0
19940921,0
19940922,0
19940923,0
19940924,0
19940925,0
19940926,0
19940927,0
19940928,0
19940929,0
19940930,0
19941001,0
19941002,0
19941003,0
19941004,0
19941005,0
19941006,0
19941007,0
19941008,0
19941009,0
19941010,0
19941011,0
19941012,0
19941013,0
19941014,0
19941015,0
19941016,0
19941017,0
19941018,0
19941019,0
19941020,0
19941021,0
19941022,0
19941023,0
19941024,0
19941025,0
19941026,0
19941027,0
19941028,0
19941029,0
19941030,0
19941031,0
19941101,0
19941102,0
19941103,0
19941104,0
19941105,0
19941106,0
19941107,0
19941108,0
19941109,0
19941110,0
19941111,0
19941112,0
19941113,0
19941114,0
19941115,0
19941116,0
19941117,0
19941118,0
19941119,0
19941120,19.6
19941121,35.3
19941122,50.9
19941123,64.9
19941124,66.3
19941125,65.9
19941126,52.3
19941127,37.5
19941128,55
19941129,77.3
19941130,74.4
19941201,77.5
19941202,68
19941203,65.1
19941204,81.3
19941205,90.1
19941206,89.5
19941207,94
19941208,92.4
19941209,94
19941210,77.3
19941211,63.4
19941212,50.4
19941213,45
19941214,76.1
19941215,86.5
19941216,89
19941217,92.7
19941218,89.8
19941219,91.8
19941220,88
19941221,89
19941222,89.2
19941223,93.1
19941224,87
19941225,84.2
19941226,93.5
19941227,91.8
19941228,74.9
19941229,80.6
19941230,92
19941231,78.8
19950101,73.7
19950102,80
19950103,70.9
19950104,64.7
19950105,47.7
19950106,40.5
19950107,40.1
19950108,45.8
19950109,50.6
19950110,74.9
19950111,95.5
19950112,87.4
19950113,89.1
19950114,94
19950115,91.9
19950116,91.6
19950117,72.8
19950118,62.1
19950119,69.3
19950120,87.6
19950121,89.9
19950122,88.5
19950123,89.9
19950124,95.4
19950125,94.1
19950126,93.4
19950127,89.1
19950128,80.7
19950129,85.3
19950130,93.2
19950131,94.3
19950201,92.3
19950202,87
19950203,84.6
19950204,89.5
19950205,78.9
19950206,74.1
19950207,89.9
19950208,97
19950209,89.6
19950210,84.5
19950211,77.9
19950212,73.4
19950213,46.7
19950214,56.9
19950215,80.1
19950216,88.2
19950217,91.1
19950218,85.1
19950219,84.5
19950220,88.9
19950221,87.1
19950222,81.9
19950223,86.6
19950224,85.4
19950225,82.9
19950226,79.9
19950227,83.7
19950228,69.1
19950301,59.9
19950302,52.8
19950303,50.9
19950304,56.5
19950305,44.5
19950306,43.5
19950307,75.8
19950308,62.6
19950309,60.9
19950310,79
19950311,87
19950312,86.3
19950313,91.2
19950314,92.8
19950315,94.5
19950316,86.3
19950317,82.1
19950318,85
19950319,94.9
19950320,81.6
19950321,87.1
19950322,91
19950323,88.9
19950324,78.2
19950325,80.2
19950326,83.4
19950327,85.9
19950328,75.8
19950329,62.7
19950330,59.1
19950331,50.9
19950401,39.6
19950402,35.8
19950403,34.9
19950404,35
19950405,32.6
19950406,20.5
19950407,16.8
19950408,17.3
19950409,14.2
19950410,21.5
19950411,37.5
19950412,72.6
19950413,56.7
19950414,18
19950415,11
19950416,11.4
19950417,12.1
19950418,15.5
19950419,14.4
19950420,9.7
19950421,9.2
19950422,8.9
19950423,5.8
19950424,7.4
19950425,0
19950426,4.2
19950427,0
19950428,0
19950429,0
19950430,0
19950501,0
19950502,0
19950503,0
19950504,0
19950505,0
19950506,0
19950507,0
19950508,0
19950509,0
19950510,0
19950511,0
19950512,0
19950513,0
19950514,0
19950515,0
19950516,0
19950517,0
19950518,0
19950519,0
19950520,0
19950521,0
19950522,0
19950523,0
19950524,0
19950525,0
19950526,0
19950527,0
19950528,0
19950529,0
19950530,0
19950531,0
19950601,0
19950602,0
19950603,0
19950604,0
19950605,0
19950606,0
19950607,0
19950608,0
19950609,0
19950610,0
19950611,0
19950612,0
19950613,0
19950614,0
19950615,0
19950616,0
19950617,0
19950618,0
19950619,0
19950620,0
19950621,0
19950622,0
19950623,0
19950624,0
19950625,0
19950626,0
19950627,0
19950628,0
19950629,0
19950630,0
19950701,0
19950702,0
19950703,0
19950704,0
19950705,0
19950706,0
19950707,0
19950708,0
19950709,0
19950710,0
19950711,0
19950712,0
19950713,0
19950714,0
19950715,0
19950716,0
19950717,0
19950718,0
19950719,0
19950720,0
19950721,0
19950722,0
19950723,0
19950724,0
19950725,0
19950726,0
19950727,0
19950728,0
19950729,0
19950730,0
19950731,0
19950801,0
19950802,0
19950803,0
19950804,0
19950805,0
19950806,0
19950807,0
19950808,0
19950809,0
19950810,0
19950811,0
19950812,0
19950813,0
19950814,0
19950815,0
19950816,0
19950817,0
19950818,0
19950819,0
19950820,0
19950821,0
19950822,0
19950823,0
19950824,0
19950825,0
19950826,0
19950827,0
19950828,0
19950829,0
19950830,0
19950831,0
19950901,0
19950902,0
19950903,0
19950904,0
19950905,0
19950906,0
19950907,0
19950908,0
19950909,0
19950910,0
19950911,0
19950912,0
19950913,0
19950914,0
19950915,0
19950916,0
19950917,0
19950918,0
19950919,0
19950920,0
19950921,0
19950922,0
19950923,0
19950924,0
19950925,0
19950926,0
19950927,0
19950928,0
19950929,0
19950930,0
19951001,0
19951002,0
19951003,0
19951004,0
19951005,0
19951006,0
19951007,0
19951008,0
19951009,0
19951010,0
19951011,0
19951012,0
19951013,0
19951014,0
19951015,0
19951016,0
19951017,0
19951018,0
19951019,0
19951020,0
19951021,0
19951022,0
19951023,0
19951024,0
19951025,0
19951026,0
19951027,0
19951028,0
19951029,0
19951030,0
19951031,0
19951101,0
19951102,0
19951103,0
19951104,0
19951105,0
19951106,0
19951107,0
19951108,0
19951109,0
19951110,0
19951111,0
19951112,0
19951113,0
19951114,0
19951115,38.5
19951116,39
19951117,54.7
19951118,45.4
19951119,0
19951120,0
19951121,24.8
19951122,46.1
19951123,52.7
19951124,56.8
19951125,62
19951126,0
19951127,81.7
19951128,82.6
19951129,75.2
19951130,67.3
19951201,83.9
19951202,83.2
19951203,85.3
19951204,73.2
19951205,89.1
19951206,90.6
19951207,80.2
19951208,82.8
19951209,93
19951210,92.6
19951211,91.3
19951212,91.3
19951213,94
19951214,99.8
19951215,91
19951216,78.5
19951217,53.2
19951218,28.3
19951219,48.6
19951220,64.6
19951221,79.8
19951222,81.1
19951223,82.9
19951224,77.6
19951225,75.6
19951226,73.1
19951227,69.9
19951228,61.8
19951229,55.7
19951230,26.5
19951231,19.2
19960101,18.2
19960102,5.8
19960103,6
19960104,5.1
19960105,7.5
19960106,29.9
19960107,62.5
19960108,81.5
19960109,84.7
19960110,87.1
19960111,91.1
19960112,92.1
19960113,90.8
19960114,87.9
19960115,85.5
19960116,89.5
19960117,97.2
19960118,95.2
19960119,88.9
19960120,89
19960121,88
19960122,92.1
19960123,96.7
19960124,99.2
19960125,93.2
19960126,90.3
19960127,89
19960128,79.9
19960129,63.4
19960130,73.8
19960131,67.1
19960201,66.4
19960202,62.4
19960203,66.5
19960204,80.7
19960205,83.6
19960206,88.3
19960207,88
19960208,88.6
19960209,87.5
19960210,86.6
19960211,90.3
19960212,85.4
19960213,80.5
19960214,93
19960215,94.2
19960216,97.4
19960217,98.9
19960218,100
19960219,97.3
19960220,95.5
19960221,99.8
19960222,97.8
19960223,97.2
19960224,95.4
19960225,98.2
19960226,99.5
19960227,98.3
19960228,100
19960229,98.9
19960301,95.8
19960302,90.3
19960303,84.4
19960304,85.8
19960305,85.1
19960306,84
19960307,74.3
19960308,69.6
19960309,60.7
19960310,68.9
19960311,78.7
19960312,74.6
19960313,67.3
19960314,56.8
19960315,57.8
19960316,50.7
19960317,58.9
19960318,64.6
19960319,75.5
19960320,59.8
19960321,41.9
19960322,37.7
19960323,37.8
19960324,36.8
19960325,22.2
19960326,21.4
19960327,32.6
19960328,42.3
19960329,44.2
19960330,33.6
19960331,28.4
19960401,37.4
19960402,36.7
19960403,48.3
19960404,44.8
19960405,60.7
19960406,63.5
19960407,59.8
19960408,56.1
19960409,52.4
19960410,49
19960411,43.4
19960412,47.2
19960413,33.9
19960414,15.5
19960415,19.9
19960416,20
19960417,6.7
19960418,7.7
19960419,9.4
19960420,11.9
19960421,11.6
19960422,6
19960423,0
19960424,0
19960425,0
19960426,0
19960427,0
19960428,0
19960429,0
19960430,0
19960501,0
19960502,0
19960503,0
19960504,0
19960505,0
19960506,0
19960507,0
19960508,0
19960509,0
19960510,0
19960511,0
19960512,0
19960513,0
19960514,0
19960515,0
19960516,0
19960517,0
19960518,0
19960519,0
19960520,0
19960521,0
19960522,0
19960523,0
19960524,0
19960525,0
19960526,0
19960527,0
19960528,0
19960529,0
19960530,0
19960531,0
19960601,0
19960602,0
19960603,0
19960604,0
19960605,0
19960606,0
19960607,0
19960608,0
19960609,0
19960610,0
19960611,0
19960612,0
19960613,0
19960614,0
19960615,0
19960616,0
19960617,0
19960618,0
19960619,0
19960620,0
19960621,0
19960622,0
19960623,0
19960624,0
19960625,0
19960626,0
19960627,0
19960628,0
19960629,0
19960630,0
19960701,0
19960702,0
19960703,0
19960704,0
19960705,0
19960706,0
19960707,0
19960708,0
19960709,0
19960710,0
19960711,0
19960712,0
19960713,0
19960714,0
19960715,0
19960716,0
19960717,0
19960718,0
19960719,0
19960720,0
19960721,0
19960722,0
19960723,0
19960724,0
19960725,0
19960726,0
19960727,0
19960728,0
19960729,0
19960730,0
19960731,0
19960801,0
19960802,0
19960803,0
19960804,0
19960805,0
19960806,0
19960807,0
19960808,0
19960809,0
19960810,0
19960811,0
19960812,0
19960813,0
19960814,0
19960815,0
19960816,0
19960817,0
19960818,0
19960819,0
19960820,0
19960821,0
19960822,0
19960823,0
19960824,0
19960825,0
19960826,0
19960827,0
19960828,0
19960829,0
19960830,0
19960831,0
19960901,0
19960902,0
19960903,0
19960904,0
19960905,0
19960906,0
19960907,0
19960908,0
19960909,0
19960910,0
19960911,0
19960912,0
19960913,0
19960914,0
19960915,0
19960916,0
19960917,0
19960918,0
19960919,0
19960920,0
19960921,0
19960922,0
19960923,0
19960924,0
19960925,0
19960926,0
19960927,0
19960928,0
19960929,0
19960930,0
19961001,0
19961002,0
19961003,0
19961004,0
19961005,0
19961006,0
19961007,0
19961008,0
19961009,0
19961010,0
19961011,0
19961012,0
19961013,0
19961014,0
19961015,0
19961016,0
19961017,0
19961018,0
19961019,0
19961020,0
19961021,0
19961022,0
19961023,0
19961024,0
19961025,0
19961026,0
19961027,0
19961028,0
19961029,0
19961030,0
19961031,0
19961101,0
19961102,0
19961103,0
19961104,0
19961105,0
19961106,0
19961107,0
19961108,0
19961109,0
19961110,0
19961111,0
19961112,0
19961113,0
19961114,0
19961115,0
19961116,0
19961117,0
19961118,0
19961119,0
19961120,0
19961121,0
19961122,0
19961123,0
19961124,4.6
19961125,4.9
19961126,5.8
19961127,10.4
19961128,31.9
19961129,38.8
19961130,24.3
19961201,37.2
19961202,50.2
19961203,25.7
19961204,41.4
19961205,52.8
19961206,65.4
19961207,57.2
19961208,54.3
19961209,59.2
19961210,75
19961211,81.3
19961212,82.7
19961213,92.6
19961214,96
19961215,80.9
19961216,92.4
19961217,89
19961218,84.3
19961219,94.4
19961220,89.3
19961221,81.2
19961222,89.1
19961223,99
19961224,96.9
19961225,97.9
19961226,94.6
19961227,100
19961228,99.7
19961229,97.8
19961230,95.9
19961231,88.8
19970101,93.1
19970102,95.4
19970103,96.7
19970104,94.5
19970105,92.5
19970106,93.1
19970107,95.6
19970108,93.6
19970109,95.9
19970110,96.1
19970111,94.8
19970112,86.3
19970113,67.3
19970114,63.4
19970115,58
19970116,57.2
19970117,65
19970118,85.8
19970119,85.9
19970120,85.1
19970121,83.3
19970122,83.7
19970123,83.3
19970124,88.1
19970125,93.8
19970126,88.3
19970127,88.1
19970128,90.8
19970129,85.7
19970130,84.5
19970131,93.5
19970201,95
19970202,93.4
19970203,91.3
19970204,91.2
19970205,92.5
19970206,94.6
19970207,99.2
19970208,86.9
19970209,81.8
19970210,66.8
19970211,58.2
19970212,58.4
19970213,58.5
19970214,73.3
19970215,84.6
19970216,79.8
19970217,96.7
19970218,95.1
19970219,91
19970220,84.2
19970221,79
19970222,86.1
19970223,87.9
19970224,87.9
19970225,87.6
19970226,89.5
19970227,87.7
19970228,94.6
19970301,99.1
19970302,98.2
19970303,94.6
19970304,86
19970305,82.5
19970306,82.7
19970307,84.3
19970308,81.5
19970309,87.9
19970310,91.1
19970311,89
19970312,85.3
19970313,82.8
19970314,83.8
19970315,86.6
19970316,63.2
19970317,72.3
19970318,78.5
19970319,82.7
19970320,86.5
19970321,85
19970322,85.6
19970323,77.8
19970324,77.3
19970325,76.7
19970326,78.9
19970327,81.8
19970328,87.6
19970329,79.7
19970330,78.2
19970331,75.5
19970401,75.8
19970402,79.8
19970403,65.5
19970404,64.3
19970405,63.7
19970406,60.8
19970407,59.3
19970408,52.2
19970409,41.6
19970410,27.9
19970411,21
19970412,21.3
19970413,20.2
19970414,16
19970415,13.4
19970416,9.3
19970417,6.2
19970418,9.7
19970419,8.9
19970420,10.6
19970421,14.4
19970422,0
19970423,4.8
19970424,4.9
19970425,10.3
19970426,6.6
19970427,0
19970428,0
19970429,0
19970430,5.4
19970501,5.2
19970502,5.7
19970503,4.4
19970504,4.6
19970505,0
19970506,0
19970507,0
19970508,0
19970509,0
19970510,0
19970511,0
19970512,0
19970513,0
19970514,0
19970515,0
19970516,0
19970517,0
19970518,0
19970519,0
19970520,0
19970521,0
19970522,0
19970523,0
19970524,0
19970525,0
19970526,0
19970527,0
19970528,0
19970529,0
19970530,0
19970531,0
19970601,0
19970602,0
19970603,0
19970604,0
19970605,0
19970606,0
19970607,0
19970608,0
19970609,0
19970610,0
19970611,0
19970612,0
19970613,0
19970614,0
19970615,0
19970616,0
19970617,0
19970618,0
19970619,0
19970620,0
19970621,0
19970622,0
19970623,0
19970624,0
19970625,0
19970626,0
19970627,0
19970628,0
19970629,0
19970630,0
19970701,0
19970702,0
19970703,0
19970704,0
19970705,0
19970706,0
19970707,0
19970708,0
19970709,0
19970710,0
19970711,0
19970712,0
19970713,0
19970714,0
19970715,0
19970716,0
19970717,0
19970718,0
19970719,0
19970720,0
19970721,0
19970722,0
19970723,0
19970724,0
19970725,0
19970726,0
19970727,0
19970728,0
19970729,0
19970730,0
19970731,0
19970801,0
19970802,0
19970803,0
19970804,0
19970805,0
19970806,0
19970807,0
19970808,0
19970809,0
19970810,0
19970811,0
19970812,0
19970813,0
19970814,0
19970815,0
19970816,0
19970817,0
19970818,0
19970819,0
19970820,0
19970821,0
19970822,0
19970823,0
19970824,0
19970825,0
19970826,0
19970827,0
19970828,0
19970829,0
19970830,0
19970831,0
19970901,0
19970902,0
19970903,0
19970904,0
19970905,0
19970906,0
19970907,0
19970908,0
19970909,0
19970910,0
19970911,0
19970912,0
19970913,0
19970914,0
19970915,0
19970916,0
19970917,0
19970918,0
19970919,0
19970920,0
19970921,0
19970922,0
19970923,0
19970924,0
19970925,0
19970926,0
19970927,0
19970928,0
19970929,0
19970930,0
19971001,0
19971002,0
19971003,0
19971004,0
19971005,0
19971006,0
19971007,0
19971008,0
19971009,0
19971010,0
19971011,0
19971012,0
19971013,0
19971014,0
19971015,0
19971016,0
19971017,0
19971018,0
19971019,0
19971020,0
19971021,0
19971022,0
19971023,0
19971024,0
19971025,0
19971026,0
19971027,0
19971028,0
19971029,0
19971030,0
19971031,0
19971101,0
19971102,0
19971103,0
19971104,0
19971105,0
19971106,0
19971107,0
19971108,0
19971109,0
19971110,0
19971111,0
19971112,0
19971113,0
19971114,0
19971115,0
19971116,0
19971117,0
19971118,0
19971119,0
19971120,0
19971121,0
19971122,0
19971123,0
19971124,0
19971125,13.5
19971126,34.7
19971127,45.8
19971128,52.5
19971129,34.3
19971130,30.4
19971201,56.4
19971202,61
19971203,64.8
19971204,56.7
19971205,15.5
19971206,11.8
19971207,10.7
19971208,9.3
19971209,35.4
19971210,48.7
19971211,52.1
19971212,74.8
19971213,82.9
19971214,84.3
19971215,86.2
19971216,87.9
19971217,85.1
19971218,90.8
19971219,89.6
19971220,91
19971221,88.4
19971222,89.2
19971223,94.6
19971224,93
19971225,89.2
19971226,94.8
19971227,96
19971228,92.8
19971229,94.5
19971230,97.3
19971231,92.7
19980101,95.1
19980102,100
19980103,100
19980104,99.9
19980105,99.8
19980106,97.5
19980107,98.2
19980108,95.2
19980109,93.5
19980110,98.6
19980111,96.3
19980112,92.1
19980113,95
19980114,89.7
19980115,88.9
19980116,93.2
19980117,96
19980118,96.9
19980119,98.1
19980120,92.9
19980121,92.8
19980122,95
19980123,90.7
19980124,100
19980125,100
19980126,99.7
19980127,99.4
19980128,93.6
19980129,87.8
19980130,93.3
19980131,98.2
19980201,98.8
19980202,94.9
19980203,85.4
19980204,80.8
19980205,84.3
19980206,91.2
19980207,81.9
19980208,74.2
19980209,86.5
19980210,85.9
19980211,88.8
19980212,98.7
19980213,95
19980214,88.8
19980215,94.5
19980216,93.4
19980217,96.1
19980218,90.7
19980219,88.3
19980220,93.9
19980221,95
19980222,93.2
19980223,89.6
19980224,82
19980225,85.1
19980226,92.4
19980227,99.3
19980228,99.3
19980301,99.1
19980302,98.4
19980303,97.8
19980304,87.9
19980305,70.4
19980306,51.7
19980307,33.3
19980308,37
19980309,36
19980310,23.6
19980311,32.7
19980312,41.8
19980313,22
19980314,23.5
19980315,23.2
19980316,14
19980317,13
19980318,13
19980319,13.5
19980320,16.6
19980321,9.9
19980322,12.8
19980323,5.9
19980324,12.9
19980325,12.1
19980326,10.3
19980327,10.5
19980328,11.8
19980329,18.2
19980330,21.5
19980331,15.3
19980401,13.8
19980402,6.1
19980403,11.2
19980404,13.1
19980405,15.9
19980406,18.7
19980407,5.1
19980408,5.9
19980409,0
19980410,6.7
19980411,0
19980412,0
19980413,0
19980414,0
19980415,0
19980416,0
19980417,0
19980418,0
19980419,0
19980420,0
19980421,0
19980422,0
19980423,0
19980424,0
19980425,0
19980426,0
19980427,0
19980428,0
19980429,0
19980430,0
19980501,0
19980502,0
19980503,0
19980504,0
19980505,0
19980506,0
19980507,0
19980508,0
19980509,0
19980510,0
19980511,0
19980512,0
19980513,0
19980514,0
19980515,0
19980516,0
19980517,0
19980518,0
19980519,0
19980520,0
19980521,0
19980522,0
19980523,0
19980524,0
19980525,0
19980526,0
19980527,0
19980528,0
19980529,0
19980530,0
19980531,0
19980601,0
19980602,0
19980603,0
19980604,0
19980605,0
19980606,0
19980607,0
19980608,0
19980609,0
19980610,0
19980611,0
19980612,0
19980613,0
19980614,0
19980615,0
19980616,0
19980617,0
19980618,0
19980619,0
19980620,0
19980621,0
19980622,0
19980623,0
19980624,0
19980625,0
19980626,0
19980627,0
19980628,0
19980629,0
19980630,0
19980701,0
19980702,0
19980703,0
19980704,0
19980705,0
19980706,0
19980707,0
19980708,0
19980709,0
19980710,0
19980711,0
19980712,0
19980713,0
19980714,0
19980715,0
19980716,0
19980717,0
19980718,0
19980719,0
19980720,0
19980721,0
19980722,0
19980723,0
19980724,0
19980725,0
19980726,0
19980727,0
19980728,0
19980729,0
19980730,0
19980731,0
19980801,0
19980802,0
19980803,0
19980804,0
19980805,0
19980806,0
19980807,0
19980808,0
19980809,0
19980810,0
19980811,0
19980812,0
19980813,0
19980814,0
19980815,0
19980816,0
19980817,0
19980818,0
19980819,0
19980820,0
19980821,0
19980822,0
19980823,0
19980824,0
19980825,0
19980826,0
19980827,0
19980828,0
19980829,0
19980830,0
19980831,0
19980901,0
19980902,0
19980903,0
19980904,0
19980905,0
19980906,0
19980907,0
19980908,0
19980909,0
19980910,0
19980911,0
19980912,0
19980913,0
19980914,0
19980915,0
19980916,0
19980917,0
19980918,0
19980919,0
19980920,0
19980921,0
19980922,0
19980923,0
19980924,0
19980925,0
19980926,0
19980927,0
19980928,0
19980929,0
19980930,0
19981001,0
19981002,0
19981003,0
19981004,0
19981005,0
19981006,0
19981007,0
19981008,0
19981009,0
19981010,0
19981011,0
19981012,0
19981013,0
19981014,0
19981015,0
19981016,0
19981017,0
19981018,0
19981019,0
19981020,0
19981021,0
19981022,0
19981023,0
19981024,0
19981025,0
19981026,0
19981027,0
19981028,0
19981029,0
19981030,0
19981031,0
19981101,0
19981102,0
19981103,0
19981104,0
19981105,0
19981106,0
19981107,0
19981108,0
19981109,0
19981110,0
19981111,0
19981112,0
19981113,0
19981114,0
19981115,0
19981116,0
19981117,0
19981118,0
19981119,0
19981120,0
19981121,0
19981122,0
19981123,0
19981124,0
19981125,0
19981126,0
19981127,0
19981128,10.8
19981129,42.7
19981130,38.1
19981201,47.2
19981202,42.2
19981203,30.5
19981204,22.1
19981205,23.5
19981206,38.4
19981207,45.7
19981208,50.8
19981209,68.5
19981210,65.1
19981211,75
19981212,88.8
19981213,89.9
19981214,85.2
19981215,85.8
19981216,89
19981217,73.4
19981218,50.1
19981219,22.9
19981220,20.8
19981221,15.6
19981222,16.1
19981223,19.4
19981224,35.3
19981225,42.4
19981226,66.9
19981227,79.5
19981228,77.7
19981229,84.7
19981230,90
19981231,88.3
19990101,92.6
19990102,94.3
19990103,92.2
19990104,95.3
19990105,97.2
19990106,93.4
19990107,86.2
19990108,85.1
19990109,87.6
19990110,91.4
19990111,92.6
19990112,82
19990113,84.1
19990114,88.4
19990115,99.1
19990116,99.4
19990117,99.7
19990118,99.5
19990119,99.9
19990120,100
19990121,100
19990122,96.5
19990123,75.3
19990124,74.1
19990125,75.4
19990126,87.2
19990127,93.4
19990128,93.9
19990129,84.8
19990130,91.1
19990131,89
19990201,89
19990202,92.3
19990203,93.3
19990204,91.3
19990205,87.8
19990206,86.7
19990207,88.4
19990208,91.7
19990209,93.9
19990210,94.9
19990211,98.4
19990212,100
19990213,100
19990214,93.1
19990215,89.6
19990216,91.5
19990217,89.1
19990218,85.6
19990219,93.4
19990220,92.4
19990221,80.3
19990222,76.6
19990223,83.9
19990224,81.1
19990225,84.2
19990226,95.4
19990227,96.1
19990228,96.3
19990301,94.9
19990302,96.1
19990303,97.4
19990304,93.6
19990305,95
19990306,94.2
19990307,98.2
19990308,96.5
19990309,89.8
19990310,90.4
19990311,87.9
19990312,83.7
19990313,88.5
19990314,90.5
19990315,91.5
19990316,97.1
19990317,98.1
19990318,92.7
19990319,86.5
19990320,79.6
19990321,90
19990322,75.7
19990323,75.9
19990324,67.9
19990325,57.3
19990326,59.2
19990327,62.7
19990328,57
19990329,66.6
19990330,84
19990331,74.7
19990401,79.3
19990402,91
19990403,88.7
19990404,88.9
19990405,92.5
19990406,90.1
19990407,89.5
19990408,87.8
19990409,84.9
19990410,82
19990411,83.6
19990412,89.7
19990413,98.9
19990414,95.1
19990415,97.9
19990416,93.5
19990417,88.9
19990418,86.1
19990419,88.8
19990420,79.8
19990421,75.9
19990422,65.4
19990423,54.6
19990424,49.8
19990425,46.1
19990426,50
19990427,53.7
19990428,50.1
19990429,51.3
19990430,44.4
19990501,43.3
19990502,33.3
19990503,42.8
19990504,29.9
19990505,33
19990506,28.5
19990507,33.8
19990508,30.2
19990509,21.7
19990510,20.3
19990511,19.6
19990512,5
19990513,17.2
19990514,11.2
19990515,10.3
19990516,3.2
19990517,8.8
19990518,5.9
19990519,3.8
19990520,4.6
19990521,4.8
19990522,0
19990523,0
19990524,0
19990525,4.6
19990526,3
19990527,2.9
19990528,0
19990529,3.9
19990530,3.1
19990531,3.4
19990601,0
19990602,0
19990603,0
19990604,0
19990605,0
19990606,0
19990607,0
19990608,0
19990609,0
19990610,0
19990611,0
19990612,0
19990613,0
19990614,0
19990615,0
19990616,0
19990617,0
19990618,0
19990619,0
19990620,0
19990621,0
19990622,0
19990623,0
19990624,0
19990625,0
19990626,0
19990627,0
19990628,0
19990629,0
19990630,0
19990701,0
19990702,0
19990703,0
19990704,0
19990705,0
19990706,0
19990707,0
19990708,0
19990709,0
19990710,0
19990711,0
19990712,0
19990713,0
19990714,0
19990715,0
19990716,0
19990717,0
19990718,0
19990719,0
19990720,0
19990721,0
19990722,0
19990723,0
19990724,0
19990725,0
19990726,0
19990727,0
19990728,0
19990729,0
19990730,0
19990731,0
19990801,0
19990802,0
19990803,0
19990804,0
19990805,0
19990806,0
19990807,0
19990808,0
19990809,0
19990810,0
19990811,0
19990812,0
19990813,0
19990814,0
19990815,0
19990816,0
19990817,0
19990818,0
19990819,0
19990820,0
19990821,0
19990822,0
19990823,0
19990824,0
19990825,0
19990826,0
19990827,0
19990828,0
19990829,0
19990830,0
19990831,0
19990901,0
19990902,0
19990903,0
19990904,0
19990905,0
19990906,0
19990907,0
19990908,0
19990909,0
19990910,0
19990911,0
19990912,0
19990913,0
19990914,0
19990915,0
19990916,0
19990917,0
19990918,0
19990919,0
19990920,0
19990921,0
19990922,0
19990923,0
19990924,0
19990925,0
19990926,0
19990927,0
19990928,0
19990929,0
19990930,0
19991001,0
19991002,0
19991003,0
19991004,0
19991005,0
19991006,0
19991007,0
19991008,0
19991009,0
19991010,0
19991011,0
19991012,0
19991013,0
19991014,0
19991015,0
19991016,0
19991017,0
19991018,0
19991019,0
19991020,0
19991021,0
19991022,0
19991023,0
19991024,0
19991025,0
19991026,0
19991027,0
19991028,0
19991029,0
19991030,0
19991031,0
19991101,0
19991102,0
19991103,0
19991104,0
19991105,0
19991106,0
19991107,0
19991108,0
19991109,0
19991110,0
19991111,0
19991112,15.6
19991113,29
19991114,47.3
19991115,54.3
19991116,60.9
19991117,64
19991118,45
19991119,21.7
19991120,38.1
19991121,32.5
19991122,45.8
19991123,47.1
19991124,55.8
19991125,46.4
19991126,54.5
19991127,71.6
19991128,73.9
19991129,60.6
19991130,56.4
19991201,54.9
19991202,64.1
19991203,67.4
19991204,78.4
19991205,82.1
19991206,89.4
19991207,89.5
19991208,95.1
19991209,82.3
19991210,85.5
19991211,86.9
19991212,89.4
19991213,91.4
19991214,88.7
19991215,87.2
19991216,91.1
19991217,92.4
19991218,94.2
19991219,96.3
19991220,96.4
19991221,95.9
19991222,94
19991223,92.7
19991224,95
19991225,97.8
19991226,89.4
19991227,87.9
19991228,93.8
19991229,93.7
19991230,89.5
19991231,90
20000101,90.7
20000102,91.2
20000103,89.6
20000104,90.3
20000105,90.7
20000106,86.5
20000107,85.9
20000108,88
20000109,84.8
20000110,88
20000111,92
20000112,90
20000113,94
20000114,97.4
20000115,98.9
20000116,100
20000117,98.9
20000118,99.9
20000119,100
20000120,98.9
20000121,100
20000122,97.8
20000123,98.3
20000124,95.8
20000125,96.6
20000126,96.4
20000127,98.7
20000128,99
20000129,98.4
20000130,98.8
20000131,98
20000201,94
20000202,98.2
20000203,98.6
20000204,99.9
20000205,98.2
20000206,95.3
20000207,98
20000208,100
20000209,95.3
20000210,92.1
20000211,87.9
20000212,95.1
20000213,93
20000214,87.9
20000215,87.7
20000216,83.6
20000217,79.6
20000218,74.4
20000219,79.6
20000220,88.5
20000221,89.9
20000222,89.6
20000223,86.5
20000224,78.4
20000225,79.8
20000226,80.1
20000227,79.5
20000228,70.9
20000229,72.8
20000301,79.5
20000302,70
20000303,73.1
20000304,73.9
20000305,76.3
20000306,60
20000307,56.5
20000308,43.9
20000309,41.6
20000310,40.1
20000311,49.8
20000312,38.3
20000313,34.1
20000314,27
20000315,27.9
20000316,26.2
20000317,22.3
20000318,19.5
20000319,30.7
20000320,37.8
20000321,35.4
20000322,29
20000323,22.4
20000324,30.5
20000325,52.4
20000326,66.9
20000327,80.4
20000328,79.5
20000329,76.7
20000330,78.1
20000331,85.6
20000401,91.4
20000402,89.3
20000403,87.3
20000404,76.8
20000405,82.2
20000406,78.8
20000407,77.6
20000408,73.1
20000409,59.6
20000410,58.7
20000411,58.6
20000412,44.6
20000413,36.9
20000414,24.4
20000415,18.7
20000416,29
20000417,11.6
20000418,20
20000419,11.7
20000420,11.2
20000421,16.6
20000422,10.6
20000423,8.7
20000424,13.1
20000425,12.4
20000426,16.4
20000427,5.1
20000428,13.6
20000429,12.6
20000430,18.9
20000501,9.7
20000502,12.8
20000503,11.5
20000504,0
20000505,23.1
20000506,10
20000507,5.2
20000508,8.5
20000509,9.4
20000510,7.1
20000511,12.5
20000512,11.1
20000513,6.2
20000514,8.3
20000515,5.4
20000516,0
20000517,4.8
20000518,5.4
20000519,8.3
20000520,6.7
20000521,7
20000522,3
20000523,0
20000524,2.9
20000525,3.9
20000526,0
20000527,0
20000528,0
20000529,0
20000530,0
20000531,0
20000601,0
20000602,0
20000603,0
20000604,0
20000605,0
20000606,0
20000607,0
20000608,0
20000609,0
20000610,0
20000611,0
20000612,0
20000613,0
20000614,0
20000615,0
20000616,0
20000617,0
20000618,0
20000619,0
20000620,0
20000621,0
20000622,0
20000623,0
20000624,0
20000625,0
20000626,0
20000627,0
20000628,0
20000629,0
20000630,0
20000701,0
20000702,0
20000703,0
20000704,0
20000705,0
20000706,0
20000707,0
20000708,0
20000709,0
20000710,0
20000711,0
20000712,0
20000713,0
20000714,0
20000715,0
20000716,0
20000717,0
20000718,0
20000719,0
20000720,0
20000721,0
20000722,0
20000723,0
20000724,0
20000725,0
20000726,0
20000727,0
20000728,0
20000729,0
20000730,0
20000731,0
20000801,0
20000802,0
20000803,0
20000804,0
20000805,0
20000806,0
20000807,0
20000808,0
20000809,0
20000810,0
20000811,0
20000812,0
20000813,0
20000814,0
20000815,0
20000816,0
20000817,0
20000818,0
20000819,0
20000820,0
20000821,0
20000822,0
20000823,0
20000824,0
20000825,0
20000826,0
20000827,0
20000828,0
20000829,0
20000830,0
20000831,0
20000901,0
20000902,0
20000903,0
20000904,0
20000905,0
20000906,0
20000907,0
20000908,0
20000909,0
20000910,0
20000911,0
20000912,0
20000913,0
20000914,0
20000915,0
20000916,0
20000917,0
20000918,0
20000919,0
20000920,0
20000921,0
20000922,0
20000923,0
20000924,0
20000925,0
20000926,0
20000927,0
20000928,0
20000929,0
20000930,0
20001001,0
20001002,0
20001003,0
20001004,0
20001005,0
20001006,0
20001007,0
20001008,0
20001009,0
20001010,0
20001011,0
20001012,0
20001013,0
20001014,0
20001015,0
20001016,0
20001017,0
20001018,0
20001019,0
20001020,0
20001021,0
20001022,0
20001023,0
20001024,0
20001025,0
20001026,0
20001027,0
20001028,0
20001029,0
20001030,0
20001031,0
20001101,0
20001102,0
20001103,0
20001104,0
20001105,0
20001106,0
20001107,0
20001108,0
20001109,0
20001110,0
20001111,0
20001112,0
20001113,0
20001114,0
20001115,0
20001116,0
20001117,0
20001118,0
20001119,0
20001120,0
20001121,0
20001122,0
20001123,0
20001124,0
20001125,0
20001126,3.9
20001127,3.4
20001128,13.8
20001129,27.5
20001130,35.2
20001201,29.9
20001202,21.7
20001203,19.3
20001204,11.3
20001205,21.6
20001206,21.6
20001207,4.7
20001208,6.7
20001209,0
20001210,5.7
20001211,0
20001212,0
20001213,0
20001214,0
20001215,0
20001216,6
20001217,6.4
20001218,4.7
20001219,0
20001220,0
20001221,0
20001222,0
20001223,0
20001224,4.3
20001225,9.7
20001226,13.5
20001227,9.3
20001228,6.2
20001229,5.5
20001230,4.4
20001231,0
20010101,6.7
20010102,7
20010103,6
20010104,21.7
20010105,28.4
20010106,34.9
20010107,51
20010108,56.6
20010109,62.7
20010110,57.3
20010111,56
20010112,48.8
20010113,42.6
20010114,35.9
20010115,41.6
20010116,58.8
20010117,53
20010118,50.5
20010119,43.6
20010120,18.4
20010121,7.7
20010122,17.7
20010123,16.9
20010124,12.5
20010125,12.5
20010126,12.5
20010127,5.6
20010128,0
20010129,0
20010130,0
20010131,5.9
20010201,8.3
20010202,20.4
20010203,27.9
20010204,25.5
20010205,10.4
20010206,10.3
20010207,10.2
20010208,14.9
20010209,8.5
20010210,0
20010211,6.1
20010212,4.5
20010213,4.9
20010214,3.8
20010215,5.1
20010216,8.9
20010217,0
20010218,0
20010219,0
20010220,0
20010221,0
20010222,0
20010223,0
20010224,6.6
20010225,4.9
20010226,13.3
20010227,23
20010228,33.2
20010301,31
20010302,35.2
20010303,37
20010304,36.1
20010305,20.5
20010306,11.9
20010307,15.3
20010308,16.7
20010309,16.1
20010310,11.4
20010311,12.7
20010312,11.4
20010313,9.5
20010314,12
20010315,31.6
20010316,49.2
20010317,55.1
20010318,62.8
20010319,65.9
20010320,71.3
20010321,74.4
20010322,75.9
20010323,69.3
20010324,78.7
20010325,76
20010326,73.9
20010327,77.4
20010328,75.4
20010329,76.4
20010330,78.2
20010331,78
20010401,78.2
20010402,73.4
20010403,52.6
20010404,43.3
20010405,69.4
20010406,65.1
20010407,52.1
20010408,43.3
20010409,30.5
20010410,23.8
20010411,53.1
20010412,59
20010413,72.5
20010414,61.6
20010415,65.4
20010416,53.8
20010417,48.5
20010418,47.7
20010419,48.8
20010420,44.1
20010421,31.2
20010422,44.5
20010423,34.3
20010424,32.1
20010425,22.2
20010426,5.8
20010427,4.8
20010428,0
20010429,0
20010430,0
20010501,0
20010502,0
20010503,0
20010504,0
20010505,3.8
20010506,5.4
20010507,0
20010508,0
20010509,0
20010510,0
20010511,3.2
20010512,4.1
20010513,0
20010514,4.7
20010515,4.3
20010516,0
20010517,0
20010518,4
20010519,3.5
20010520,0
20010521,0
20010522,0
20010523,0
20010524,0
20010525,0
20010526,0
20010527,2.6
20010528,5.2
20010529,0
20010530,0
20010531,0
20010601,0
20010602,0
20010603,0
20010604,0
20010605,0
20010606,0
20010607,0
20010608,0
20010609,0
20010610,0
20010611,0
20010612,0
20010613,0
20010614,0
20010615,0
20010616,0
20010617,0
20010618,0
20010619,0
20010620,0
20010621,0
20010622,0
20010623,0
20010624,0
20010625,0
20010626,0
20010627,0
20010628,0
20010629,0
20010630,0
20010701,0
20010702,0
20010703,0
20010704,0
20010705,0
20010706,0
20010707,0
20010708,0
20010709,0
20010710,0
20010711,0
20010712,0
20010713,0
20010714,0
20010715,0
20010716,0
20010717,0
20010718,0
20010719,0
20010720,0
20010721,0
20010722,0
20010723,0
20010724,0
20010725,0
20010726,0
20010727,0
20010728,0
20010729,0
20010730,0
20010731,0
20010801,0
20010802,0
20010803,0
20010804,0
20010805,0
20010806,0
20010807,0
20010808,0
20010809,0
20010810,0
20010811,0
20010812,0
20010813,0
20010814,0
20010815,0
20010816,0
20010817,0
20010818,0
20010819,0
20010820,0
20010821,0
20010822,0
20010823,0
20010824,0
20010825,0
20010826,0
20010827,0
20010828,0
20010829,0
20010830,0
20010831,0
20010901,0
20010902,0
20010903,0
20010904,0
20010905,0
20010906,0
20010907,0
20010908,0
20010909,0
20010910,0
20010911,0
20010912,0
20010913,0
20010914,0
20010915,0
20010916,0
20010917,0
20010918,0
20010919,0
20010920,0
20010921,0
20010922,0
20010923,0
20010924,0
20010925,0
20010926,0
20010927,0
20010928,0
20010929,0
20010930,0
20011001,0
20011002,0
20011003,0
20011004,0
20011005,0
20011006,0
20011007,0
20011008,0
20011009,0
20011010,0
20011011,0
20011012,0
20011013,0
20011014,0
20011015,0
20011016,0
20011017,0
20011018,0
20011019,0
20011020,0
20011021,0
20011022,0
20011023,0
20011024,0
20011025,0
20011026,0
20011027,0
20011028,0
20011029,0
20011030,0
20011031,0
20011101,24
20011102,30.9
20011103,30.4
20011104,38.6
20011105,41.4
20011106,33.8
20011107,47.8
20011108,42.2
20011109,42.3
20011110,51.2
20011111,48.8
20011112,52.5
20011113,62.9
20011114,62.2
20011115,67.2
20011116,73.4
20011117,63.8
20011118,63.5
20011119,48.6
20011120,46.6
20011121,56.4
20011122,50
20011123,57.7
20011124,23.7
20011125,7.7
20011126,8.3
20011127,11.6
20011128,10.9
20011129,18
20011130,15.2
20011201,25.6
20011202,45.4
20011203,45.1
20011204,74
20011205,67.8
20011206,83
20011207,90.2
20011208,89.2
20011209,87.9
20011210,90.3
20011211,86.8
20011212,85.9
20011213,92.2
20011214,92.4
20011215,93.9
20011216,94.4
20011217,93.4
20011218,94.7
20011219,94.2
20011220,88.9
20011221,96.7
20011222,94.7
20011223,94.1
20011224,91.1
20011225,89.9
20011226,89.9
20011227,94.5
20011228,96.1
20011229,89.9
20011230,79.9
20011231,77.2
20020101,75.8
20020102,72.9
20020103,86.1
20020104,80.7
20020105,80
20020106,83.3
20020107,88.8
20020108,92.5
20020109,88.3
20020110,91.9
20020111,93.7
20020112,96.5
20020113,97.9
20020114,90
20020115,76.1
20020116,70.9
20020117,44.7
20020118,48.9
20020119,65.5
20020120,79.3
20020121,82.2
20020122,86.3
20020123,89.1
20020124,92.4
20020125,96.3
20020126,93.7
20020127,99.8
20020128,91.6
20020129,90.8
20020130,89.2
20020131,88
20020201,91.6
20020202,89.1
20020203,86.4
20020204,77.5
20020205,75.8
20020206,92.9
20020207,99.4
20020208,99.9
20020209,99.3
20020210,97.1
20020211,98
20020212,96.9
20020213,96.2
20020214,97.2
20020215,98.8
20020216,98.3
20020217,96.2
20020218,100
20020219,99.7
20020220,97
20020221,96.8
20020222,88.7
20020223,85.5
20020224,85.3
20020225,79
20020226,77.5
20020227,76.2
20020228,76.3
20020301,75.8
20020302,83.9
20020303,90.9
20020304,90.6
20020305,99
20020306,99
20020307,95.1
20020308,96.4
20020309,78.1
20020310,82.6
20020311,85.3
20020312,86.1
20020313,83.7
20020314,78.6
20020315,82
20020316,62.7
20020317,61.3
20020318,46.5
20020319,43.7
20020320,37.5
20020321,37.6
20020322,27.4
20020323,11.8
20020324,11.9
20020325,11
20020326,12.3
20020327,13.1
20020328,17
20020329,24.3
20020330,29.8
20020331,44.1
20020401,47.1
20020402,51.9
20020403,42.6
20020404,38.1
20020405,29.8
20020406,24.3
20020407,18.7
20020408,14
20020409,13.2
20020410,16.7
20020411,14.5
20020412,15.7
20020413,0
20020414,5.2
20020415,7
20020416,11
20020417,11.8
20020418,9.8
20020419,10.2
20020420,11.5
20020421,10.4
20020422,0
20020423,0
20020424,4.6
20020425,6.9
20020426,0
20020427,0
20020428,0
20020429,0
20020430,0
20020501,4
20020502,5.5
20020503,4.4
20020504,0
20020505,0
20020506,0
20020507,0
20020508,0
20020509,0
20020510,0
20020511,0
20020512,0
20020513,0
20020514,0
20020515,0
20020516,0
20020517,0
20020518,0
20020519,0
20020520,0
20020521,0
20020522,0
20020523,0
20020524,0
20020525,0
20020526,0
20020527,0
20020528,0
20020529,0
20020530,0
20020531,0
20020601,0
20020602,0
20020603,0
20020604,0
20020605,0
20020606,0
20020607,0
20020608,0
20020609,0
20020610,0
20020611,0
20020612,0
20020613,0
20020614,0
20020615,0
20020616,0
20020617,0
20020618,0
20020619,0
20020620,0
20020621,0
20020622,0
20020623,0
20020624,0
20020625,0
20020626,0
20020627,0
20020628,0
20020629,0
20020630,0
20020701,0
20020702,0
20020703,0
20020704,0
20020705,0
20020706,0
20020707,0
20020708,0
20020709,0
20020710,0
20020711,0
20020712,0
20020713,0
20020714,0
20020715,0
20020716,0
20020717,0
20020718,0
20020719,0
20020720,0
20020721,0
20020722,0
20020723,0
20020724,0
20020725,0
20020726,0
20020727,0
20020728,0
20020729,0
20020730,0
20020731,0
20020801,0
20020802,0
20020803,0
20020804,0
20020805,0
20020806,0
20020807,0
20020808,0
20020809,0
20020810,0
20020811,0
20020812,0
20020813,0
20020814,0
20020815,0
20020816,0
20020817,0
20020818,0
20020819,0
20020820,0
20020821,0
20020822,0
20020823,0
20020824,0
20020825,0
20020826,0
20020827,0
20020828,0
20020829,0
20020830,0
20020831,0
20020901,0
20020902,0
20020903,0
20020904,0
20020905,0
20020906,0
20020907,0
20020908,0
20020909,0
20020910,0
20020911,0
20020912,0
20020913,0
20020914,0
20020915,0
20020916,0
20020917,0
20020918,0
20020919,0
20020920,0
20020921,0
20020922,0
20020923,0
20020924,0
20020925,0
20020926,0
20020927,0
20020928,0
20020929,0
20020930,0
20021001,0
20021002,0
20021003,0
20021004,0
20021005,0
20021006,0
20021007,0
20021008,0
20021009,0
20021010,0
20021011,0
20021012,0
20021013,0
20021014,0
20021015,0
20021016,0
20021017,0
20021018,0
20021019,0
20021020,0
20021021,0
20021022,0
20021023,0
20021024,0
20021025,0
20021026,0
20021027,0
20021028,0
20021029,0
20021030,0
20021031,0
20021101,0
20021102,0
20021103,0
20021104,0
20021105,0
20021106,0
20021107,0
20021108,0
20021109,0
20021110,0
20021111,0
20021112,0
20021113,0
20021114,0
20021115,0
20021116,0
20021117,0
20021118,0
20021119,0
20021120,0
20021121,0
20021122,0
20021123,0
20021124,0
20021125,0
20021126,0
20021127,0
20021128,0
20021129,0
20021130,4.2
20021201,5
20021202,0
20021203,0
20021204,0
20021205,0
20021206,0
20021207,0
20021208,0
20021209,0
20021210,0
20021211,0
20021212,0
20021213,0
20021214,0
20021215,0
20021216,0
20021217,5.6
20021218,3.6
20021219,4.9
20021220,0
20021221,4.1
20021222,8.8
20021223,25.9
20021224,24.9
20021225,21.5
20021226,34.6
20021227,38.5
20021228,36.4
20021229,46.6
20021230,49.9
20021231,56.6
20030101,61.9
20030102,72.3
20030103,75.5
20030104,77.9
20030105,77.8
20030106,85.9
20030107,88.1
20030108,78.5
20030109,63.4
20030110,60.3
20030111,44.8
20030112,35.7
20030113,46.6
20030114,42.8
20030115,48.4
20030116,46.1
20030117,44.7
20030118,43.7
20030119,34.9
20030120,30
20030121,21.4
20030122,33.1
20030123,51.5
20030124,55.5
20030125,70.3
20030126,70.5
20030127,64
20030128,63.2
20030129,59.7
20030130,72.2
20030131,71.5
20030201,55.6
20030202,65.7
20030203,63.4
20030204,73.6
20030205,60.9
20030206,60.2
20030207,61.8
20030208,34.3
20030209,31.3
20030210,24.5
20030211,30.3
20030212,44.7
20030213,53.7
20030214,63.4
20030215,65.7
20030216,72
20030217,84.6
20030218,82.1
20030219,63.6
20030220,59.5
20030221,56
20030222,49
20030223,34.9
20030224,29.3
20030225,22.8
20030226,16.9
20030227,10.3
20030228,5.3
20030301,6.8
20030302,5.2
20030303,0
20030304,0
20030305,9
20030306,18.6
20030307,21.3
20030308,24.1
20030309,31.5
20030310,34.4
20030311,39.9
20030312,42.1
20030313,54.6
20030314,71.1
20030315,77.4
20030316,77
20030317,79.8
20030318,79.7
20030319,80.9
20030320,82
20030321,78.2
20030322,80.4
20030323,91.2
20030324,84.6
20030325,80.6
20030326,84.9
20030327,94.5
20030328,93.6
20030329,71.5
20030330,72.2
20030331,62
20030401,59
20030402,56.2
20030403,58.8
20030404,44.1
20030405,40.5
20030406,36.7
20030407,39.9
20030408,63
20030409,61.9
20030410,45.9
20030411,32.4
20030412,0
20030413,5.7
20030414,5.1
20030415,0
20030416,0
20030417,4.9
20030418,3.6
20030419,3.7
20030420,0
20030421,0
20030422,0
20030423,0
20030424,0
20030425,0
20030426,0
20030427,0
20030428,0
20030429,0
20030430,0
20030501,0
20030502,0
20030503,0
20030504,0
20030505,0
20030506,0
20030507,0
20030508,0
20030509,0
20030510,0
20030511,0
20030512,0
20030513,0
20030514,0
20030515,0
20030516,0
20030517,0
20030518,0
20030519,0
20030520,0
20030521,0
20030522,0
20030523,0
20030524,0
20030525,0
20030526,0
20030527,0
20030528,0
20030529,0
20030530,0
20030531,0
20030601,0
20030602,0
20030603,0
20030604,0
20030605,0
20030606,0
20030607,0
20030608,0
20030609,0
20030610,0
20030611,0
20030612,0
20030613,0
20030614,0
20030615,0
20030616,0
20030617,0
20030618,0
20030619,0
20030620,0
20030621,0
20030622,0
20030623,0
20030624,0
20030625,0
20030626,0
20030627,0
20030628,0
20030629,0
20030630,0
20030701,0
20030702,0
20030703,0
20030704,0
20030705,0
20030706,0
20030707,0
20030708,0
20030709,0
20030710,0
20030711,0
20030712,0
20030713,0
20030714,0
20030715,0
20030716,0
20030717,0
20030718,0
20030719,0
20030720,0
20030721,0
20030722,0
20030723,0
20030724,0
20030725,0
20030726,0
20030727,0
20030728,0
20030729,0
20030730,0
20030731,0
20030801,0
20030802,0
20030803,0
20030804,0
20030805,0
20030806,0
20030807,0
20030808,0
20030809,0
20030810,0
20030811,0
20030812,0
20030813,0
20030814,0
20030815,0
20030816,0
20030817,0
20030818,0
20030819,0
20030820,0
20030821,0
20030822,0
20030823,0
20030824,0
20030825,0
20030826,0
20030827,0
20030828,0
20030829,0
20030830,0
20030831,0
20030901,0
20030902,0
20030903,0
20030904,0
20030905,0
20030906,0
20030907,0
20030908,0
20030909,0
20030910,0
20030911,0
20030912,0
20030913,0
20030914,0
20030915,0
20030916,0
20030917,0
20030918,0
20030919,0
20030920,0
20030921,0
20030922,0
20030923,0
20030924,0
20030925,0
20030926,0
20030927,0
20030928,0
20030929,0
20030930,0
20031001,0
20031002,0
20031003,0
20031004,0
20031005,0
20031006,0
20031007,0
20031008,0
20031009,0
20031010,0
20031011,0
20031012,0
20031013,0
20031014,0
20031015,0
20031016,0
20031017,0
20031018,0
20031019,0
20031020,0
20031021,0
20031022,0
20031023,0
20031024,0
20031025,0
20031026,0
20031027,0
20031028,0
20031029,0
20031030,0
20031031,0
20031101,0
20031102,0
20031103,0
20031104,0
20031105,0
20031106,0
20031107,0
20031108,0
20031109,0
20031110,0
20031111,0
20031112,0
20031113,0
20031114,0
20031115,0
20031116,0
20031117,0
20031118,0
20031119,0
20031120,0
20031121,0
20031122,0
20031123,0
20031124,0
20031125,0
20031126,0
20031127,0
20031128,0
20031129,0
20031130,17.3
20031201,23.6
20031202,19.3
20031203,36.8
20031204,58.6
20031205,66.4
20031206,76
20031207,72.4
20031208,64.8
20031209,32.2
20031210,13.3
20031211,15
20031212,38.9
20031213,52.1
20031214,43.7
20031215,61.6
20031216,68.8
20031217,74.6
20031218,73.1
20031219,51
20031220,54.1
20031221,75.5
20031222,77.5
20031223,82.8
20031224,79.2
20031225,76.1
20031226,83.3
20031227,78.5
20031228,66.5
20031229,55.7
20031230,65.6
20031231,76.7
20040101,65.7
20040102,66.4
20040103,70.4
20040104,82.6
20040105,87.7
20040106,85.6
20040107,82.1
20040108,84.3
20040109,89.3
20040110,91.1
20040111,96.1
20040112,99.6
20040113,100
20040114,99.7
20040115,100
20040116,100
20040117,99.9
20040118,98.3
20040119,92.6
20040120,93.2
20040121,92.4
20040122,94.6
20040123,98.3
20040124,94.7
20040125,88.1
20040126,85
20040127,73.1
20040128,62.9
20040129,81.2
20040130,95.7
20040131,90.8
20040201,91
20040202,95.6
20040203,93.4
20040204,90
20040205,88.2
20040206,91
20040207,93.1
20040208,87.5
20040209,79.4
20040210,75.7
20040211,79
20040212,75.4
20040213,57.9
20040214,51.2
20040215,42.9
20040216,39.6
20040217,50.7
20040218,65.3
20040219,73
20040220,66.8
20040221,77.2
20040222,81.1
20040223,79.6
20040224,86
20040225,75.6
20040226,63.9
20040227,77.4
20040228,71.3
20040229,45.6
20040301,23.7
20040302,15
20040303,5.8
20040304,12.4
20040305,11.7
20040306,17.2
20040307,58
20040308,84
20040309,85
20040310,86.4
20040311,74.9
20040312,72.7
20040313,76.2
20040314,68.8
20040315,60.4
20040316,60.2
20040317,66.7
20040318,77.7
20040319,79
20040320,88.6
20040321,95
20040322,90.8
20040323,83.5
20040324,70
20040325,59.3
20040326,69.9
20040327,82.9
20040328,82.2
20040329,84.5
20040330,87.6
20040331,87.6
20040401,87.8
20040402,78.4
20040403,80.4
20040404,81.9
20040405,71.7
20040406,57.8
20040407,51.9
20040408,47.1
20040409,41.6
20040410,38.3
20040411,29.8
20040412,25.9
20040413,9.5
20040414,6.8
20040415,5.3
20040416,4.8
20040417,0
20040418,0
20040419,0
20040420,4.6
20040421,4.6
20040422,0
20040423,0
20040424,0
20040425,3.8
20040426,3.9
20040427,0
20040428,4.6
20040429,5.7
20040430,0
20040501,0
20040502,0
20040503,0
20040504,0
20040505,0
20040506,0
20040507,0
20040508,0
20040509,0
20040510,0
20040511,0
20040512,0
20040513,0
20040514,0
20040515,0
20040516,0
20040517,0
20040518,0
20040519,0
20040520,0
20040521,0
20040522,0
20040523,0
20040524,0
20040525,0
20040526,0
20040527,0
20040528,0
20040529,0
20040530,0
20040531,0
20040601,0
20040602,0
20040603,0
20040604,0
20040605,0
20040606,0
20040607,0
20040608,0
20040609,0
20040610,0
20040611,0
20040612,0
20040613,0
20040614,0
20040615,0
20040616,0
20040617,0
20040618,0
20040619,0
20040620,0
20040621,0
20040622,0
20040623,0
20040624,0
20040625,0
20040626,0
20040627,0
20040628,0
20040629,0
20040630,0
20040701,0
20040702,0
20040703,0
20040704,0
20040705,0
20040706,0
20040707,0
20040708,0
20040709,0
20040710,0
20040711,0
20040712,0
20040713,0
20040714,0
20040715,0
20040716,0
20040717,0
20040718,0
20040719,0
20040720,0
20040721,0
20040722,0
20040723,0
20040724,0
20040725,0
20040726,0
20040727,0
20040728,0
20040729,0
20040730,0
20040731,0
20040801,0
20040802,0
20040803,0
20040804,0
20040805,0
20040806,0
20040807,0
20040808,0
20040809,0
20040810,0
20040811,0
20040812,0
20040813,0
20040814,0
20040815,0
20040816,0
20040817,0
20040818,0
20040819,0
20040820,0
20040821,0
20040822,0
20040823,0
20040824,0
20040825,0
20040826,0
20040827,0
20040828,0
20040829,0
20040830,0
20040831,0
20040901,0
20040902,0
20040903,0
20040904,0
20040905,0
20040906,0
20040907,0
20040908,0
20040909,0
20040910,0
20040911,0
20040912,0
20040913,0
20040914,0
20040915,0
20040916,0
20040917,0
20040918,0
20040919,0
20040920,0
20040921,0
20040922,0
20040923,0
20040924,0
20040925,0
20040926,0
20040927,0
20040928,0
20040929,0
20040930,0
20041001,0
20041002,0
20041003,0
20041004,0
20041005,0
20041006,0
20041007,0
20041008,0
20041009,0
20041010,0
20041011,0
20041012,0
20041013,0
20041014,0
20041015,0
20041016,0
20041017,0
20041018,0
20041019,0
20041020,0
20041021,0
20041022,0
20041023,0
20041024,0
20041025,0
20041026,0
20041027,0
20041028,0
20041029,0
20041030,0
20041031,0
20041101,0
20041102,0
20041103,0
20041104,0
20041105,0
20041106,0
20041107,0
20041108,0
20041109,0
20041110,0
20041111,0
20041112,4.8
20041113,4.2
20041114,4.8
20041115,0
20041116,0
20041117,0
20041118,0
20041119,0
20041120,0
20041121,0
20041122,0
20041123,0
20041124,0
20041125,0
20041126,0
20041127,0
20041128,0
20041129,0
20041130,0
20041201,0
20041202,4
20041203,3.3
20041204,0
20041205,0
20041206,4.4
20041207,3.6
20041208,9.5
20041209,13.7
20041210,12.5
20041211,15.5
20041212,16.5
20041213,12.6
20041214,23.9
20041215,23.1
20041216,21.5
20041217,15
20041218,19.2
20041219,31
20041220,27.2
20041221,34.4
20041222,39.5
20041223,54.7
20041224,64.7
20041225,49.6
20041226,30.9
20041227,31.5
20041228,57.4
20041229,76.6
20041230,59.3
20041231,29.8
20050101,22.5
20050102,13
20050103,10.6
20050104,11.3
20050105,10.8
20050106,9.9
20050107,14.7
20050108,23.1
20050109,36.1
20050110,38.8
20050111,46.2
20050112,63.8
20050113,63.7
20050114,35.5
20050115,37
20050116,34.6
20050117,41.7
20050118,57.1
20050119,58.9
20050120,61.7
20050121,65.7
20050122,61.9
20050123,66.3
20050124,71.4
20050125,73.9
20050126,68.3
20050127,78.9
20050128,76.1
20050129,78
20050130,75.3
20050131,75.6
20050201,89.6
20050202,91.9
20050203,92.9
20050204,92.3
20050205,86.9
20050206,88.6
20050207,86.3
20050208,75
20050209,93.4
20050210,95
20050211,94.7
20050212,91.7
20050213,89.2
20050214,93
20050215,69.8
20050216,65.4
20050217,52.2
20050218,35.8
20050219,30.3
20050220,28.5
20050221,23.5
20050222,21.7
20050223,19.1
20050224,39.1
20050225,57.1
20050226,70.7
20050227,78.2
20050228,74.3
20050301,76.1
20050302,80.2
20050303,75.6
20050304,69
20050305,75.6
20050306,59.1
20050307,50.8
20050308,38.6
20050309,48.9
20050310,22.4
20050311,20.3
20050312,13.1
20050313,12.8
20050314,13.9
20050315,7.2
20050316,0
20050317,5.1
20050318,5.7
20050319,0
20050320,9.2
20050321,18.2
20050322,30.3
20050323,35.5
20050324,22.1
20050325,26.3
20050326,31.8
20050327,20.2
20050328,35
20050329,53.4
20050330,71.3
20050331,78.8
20050401,83.9
20050402,79.3
20050403,73.8
20050404,74.1
20050405,73.8
20050406,84.5
20050407,68.2
20050408,58
20050409,55.4
20050410,53.1
20050411,65.9
20050412,78.4
20050413,60.6
20050414,41.3
20050415,15.2
20050416,6
20050417,14
20050418,31.9
20050419,53.7
20050420,70.4
20050421,56.8
20050422,40.9
20050423,9
20050424,6.1
20050425,0
20050426,0
20050427,0
20050428,0
20050429,0
20050430,0
20050501,0
20050502,0
20050503,0
20050504,0
20050505,0
20050506,0
20050507,0
20050508,0
20050509,0
20050510,0
20050511,0
20050512,0
20050513,0
20050514,0
20050515,0
20050516,0
20050517,0
20050518,0
20050519,0
20050520,0
20050521,0
20050522,0
20050523,0
20050524,0
20050525,0
20050526,0
20050527,0
20050528,0
20050529,0
20050530,0
20050531,0
20050601,0
20050602,0
20050603,0
20050604,0
20050605,0
20050606,0
20050607,0
20050608,0
20050609,0
20050610,0
20050611,0
20050612,0
20050613,0
20050614,0
20050615,0
20050616,0
20050617,0
20050618,0
20050619,0
20050620,0
20050621,0
20050622,0
20050623,0
20050624,0
20050625,0
20050626,0
20050627,0
20050628,0
20050629,0
20050630,0
20050701,0
20050702,0
20050703,0
20050704,0
20050705,0
20050706,0
20050707,0
20050708,0
20050709,0
20050710,0
20050711,0
20050712,0
20050713,0
20050714,0
20050715,0
20050716,0
20050717,0
20050718,0
20050719,0
20050720,0
20050721,0
20050722,0
20050723,0
20050724,0
20050725,0
20050726,0
20050727,0
20050728,0
20050729,0
20050730,0
20050731,0
20050801,0
20050802,0
20050803,0
20050804,0
20050805,0
20050806,0
20050807,0
20050808,0
20050809,0
20050810,0
20050811,0
20050812,0
20050813,0
20050814,0
20050815,0
20050816,0
20050817,0
20050818,0
20050819,0
20050820,0
20050821,0
20050822,0
20050823,0
20050824,0
20050825,0
20050826,0
20050827,0
20050828,0
20050829,0
20050830,0
20050831,0
20050901,0
20050902,0
20050903,0
20050904,0
20050905,0
20050906,0
20050907,0
20050908,0
20050909,0
20050910,0
20050911,0
20050912,0
20050913,0
20050914,0
20050915,0
20050916,0
20050917,0
20050918,0
20050919,0
20050920,0
20050921,0
20050922,0
20050923,0
20050924,0
20050925,0
20050926,0
20050927,0
20050928,0
20050929,0
20050930,0
20051001,0
20051002,0
20051003,0
20051004,0
20051005,0
20051006,0
20051007,0
20051008,0
20051009,0
20051010,0
20051011,0
20051012,0
20051013,0
20051014,0
20051015,0
20051016,0
20051017,0
20051018,0
20051019,0
20051020,0
20051021,0
20051022,0
20051023,0
20051024,0
20051025,0
20051026,0
20051027,0
20051028,0
20051029,0
20051030,0
20051031,0
20051101,0
20051102,0
20051103,0
20051104,0
20051105,0
20051106,0
20051107,0
20051108,13.4
20051109,29.4
20051110,36.6
20051111,41.6
20051112,48
20051113,61.4
20051114,56.1
20051115,59.2
20051116,49.4
20051117,55.3
20051118,53.9
20051119,59.4
20051120,66.8
20051121,73.9
20051122,77.7
20051123,71.3
20051124,70.1
20051125,67.9
20051126,71.1
20051127,78.8
20051128,59.1
20051129,38.6
20051130,42.3
20051201,50.8
20051202,64.4
20051203,83.9
20051204,89.9
20051205,88.1
20051206,80.4
20051207,70.1
20051208,58.5
20051209,57.6
20051210,70.8
20051211,76.5
20051212,85.8
20051213,87.3
20051214,78
20051215,75.3
20051216,77.4
20051217,81
20051218,89
20051219,85.1
20051220,69.4
20051221,71.2
20051222,69.2
20051223,75.5
20051224,84.9
20051225,69.6
20051226,76.1
20051227,69.4
20051228,69.8
20051229,68.2
20051230,68.3
20051231,70.9
20060101,82
20060102,87.7
20060103,81.9
20060104,86.2
20060105,86.4
20060106,89.8
20060107,84.4
20060108,86.9
20060109,91.7
20060110,92.5
20060111,94.4
20060112,94.7
20060113,94.1
20060114,91.5
20060115,86.6
20060116,83.7
20060117,85.2
20060118,87.9
20060119,88.2
20060120,87.5
20060121,80.2
20060122,79.4
20060123,83.4
20060124,88.3
20060125,89.4
20060126,90
20060127,89.5
20060128,88.8
20060129,89.1
20060130,94.1
20060131,93.2
20060201,92.3
20060202,88.1
20060203,99
20060204,94.1
20060205,82.8
20060206,87.3
20060207,93.8
20060208,98
20060209,92.1
20060210,87.5
20060211,60.2
20060212,78.3
20060213,77.3
20060214,60
20060215,45.4
20060216,31.8
20060217,36.3
20060218,35.9
20060219,26.6
20060220,11.3
20060221,9.4
20060222,23.5
20060223,25.4
20060224,42.3
20060225,37.2
20060226,50.9
20060227,61.8
20060228,85.6
20060301,87.8
20060302,94.5
20060303,95.8
20060304,93.5
20060305,84.9
20060306,91.2
20060307,97.2
20060308,94.3
20060309,96.1
20060310,89.8
20060311,87.7
20060312,80.8
20060313,72.2
20060314,72.1
20060315,90
20060316,74.8
20060317,68.9
20060318,61.3
20060319,58.7
20060320,64.9
20060321,72.9
20060322,87.3
20060323,88.9
20060324,90.4
20060325,88.3
20060326,90.8
20060327,90.1
20060328,75.9
20060329,60.7
20060330,61.5
20060331,76.2
20060401,74.5
20060402,65
20060403,66.5
20060404,64.9
20060405,78.7
20060406,88.4
20060407,80.7
20060408,62.6
20060409,68.3
20060410,64.2
20060411,58.8
20060412,50.5
20060413,57
20060414,71.5
20060415,77.9
20060416,74.7
20060417,71.6
20060418,65.4
20060419,77.8
20060420,82.8
20060421,56.7
20060422,40.5
20060423,36.7
20060424,25.9
20060425,21.3
20060426,14.4
20060427,6.2
20060428,27.5
20060429,39.7
20060430,46.2
20060501,31.7
20060502,0
20060503,10.1
20060504,9.1
20060505,8.5
20060506,8.7
20060507,9.8
20060508,4.5
20060509,12.9
20060510,4
20060511,4.3
20060512,10.8
20060513,5.9
20060514,5.4
20060515,4.6
20060516,11.9
20060517,4.1
20060518,0
20060519,0
20060520,14.6
20060521,7.4
20060522,9.1
20060523,5.4
20060524,0
20060525,0
20060526,0
20060527,0
20060528,0
20060529,0
20060530,0
20060531,0
20060601,0
20060602,0
20060603,0
20060604,0
20060605,0
20060606,0
20060607,0
20060608,0
20060609,0
20060610,0
20060611,0
20060612,0
20060613,0
20060614,0
20060615,0
20060616,0
20060617,0
20060618,0
20060619,0
20060620,0
20060621,0
20060622,0
20060623,0
20060624,0
20060625,0
20060626,0
20060627,0
20060628,0
20060629,0
20060630,0
20060701,0
20060702,0
20060703,0
20060704,0
20060705,0
20060706,0
20060707,0
20060708,0
20060709,0
20060710,0
20060711,0
20060712,0
20060713,0
20060714,0
20060715,0
20060716,0
20060717,0
20060718,0
20060719,0
20060720,0
20060721,0
20060722,0
20060723,0
20060724,0
20060725,0
20060726,0
20060727,0
20060728,0
20060729,0
20060730,0
20060731,0
20060801,0
20060802,0
20060803,0
20060804,0
20060805,0
20060806,0
20060807,0
20060808,0
20060809,0
20060810,0
20060811,0
20060812,0
20060813,0
20060814,0
20060815,0
20060816,0
20060817,0
20060818,0
20060819,0
20060820,0
20060821,0
20060822,0
20060823,0
20060824,0
20060825,0
20060826,0
20060827,0
20060828,0
20060829,0
20060830,0
20060831,0
20060901,0
20060902,0
20060903,0
20060904,0
20060905,0
20060906,0
20060907,0
20060908,0
20060909,0
20060910,0
20060911,0
20060912,0
20060913,0
20060914,0
20060915,0
20060916,0
20060917,0
20060918,0
20060919,0
20060920,0
20060921,0
20060922,0
20060923,0
20060924,0
20060925,0
20060926,0
20060927,0
20060928,0
20060929,0
20060930,0
20061001,0
20061002,0
20061003,0
20061004,0
20061005,0
20061006,0
20061007,0
20061008,0
20061009,0
20061010,0
20061011,0
20061012,0
20061013,0
20061014,0
20061015,0
20061016,0
20061017,0
20061018,0
20061019,0
20061020,0
20061021,0
20061022,0
20061023,0
20061024,0
20061025,0
20061026,0
20061027,0
20061028,0
20061029,0
20061030,0
20061031,0
20061101,0
20061102,0
20061103,0
20061104,0
20061105,0
20061106,0
20061107,0
20061108,0
20061109,0
20061110,0
20061111,0
20061112,0
20061113,0
20061114,0
20061115,0
20061116,0
20061117,0
20061118,0
20061119,56.6
20061120,47.6
20061121,27.3
20061122,46.4
20061123,46.5
20061124,46.7
20061125,16.5
20061126,7.2
20061127,5.4
20061128,9.8
20061129,5
20061130,0
20061201,6.2
20061202,6.9
20061203,9.7
20061204,13.9
20061205,26.1
20061206,33.1
20061207,31.6
20061208,42.3
20061209,42.6
20061210,44.9
20061211,54.8
20061212,65.4
20061213,82.8
20061214,77.7
20061215,77.4
20061216,70.9
20061217,56
20061218,66.3
20061219,74.2
20061220,78
20061221,85.2
20061222,87.9
20061223,84
20061224,79.1
20061225,91.9
20061226,93.5
20061227,90.9
20061228,88.2
20061229,91.2
20061230,91.8
20061231,90.9
20070101,93
20070102,91.5
20070103,91.9
20070104,90.8
20070105,89.4
20070106,92.9
20070107,94
20070108,90.8
20070109,91.2
20070110,84.3
20070111,90.7
20070112,94.9
20070113,95.6
20070114,98.6
20070115,96.8
20070116,99.1
20070117,94.3
20070118,97.6
20070119,94.4
20070120,94.7
20070121,96.6
20070122,98.3
20070123,100
20070124,99.7
20070125,95.1
20070126,97.2
20070127,98.1
20070128,85.4
20070129,81.9
20070130,67
20070131,47.7
20070201,46.5
20070202,38.8
20070203,37.6
20070204,35.7
20070205,36.6
20070206,40
20070207,26.6
20070208,31.1
20070209,26.5
20070210,14
20070211,27.8
20070212,27.2
20070213,18.2
20070214,34.9
20070215,32.7
20070216,41.8
20070217,57.1
20070218,38
20070219,45.1
20070220,67.3
20070221,89.9
20070222,93.5
20070223,93.8
20070224,83.8
20070225,85.1
20070226,84.6
20070227,89
20070228,90.5
20070301,88.5
20070302,87.4
20070303,92.5
20070304,91.9
20070305,88
20070306,90.8
20070307,87
20070308,82.1
20070309,81.8
20070310,84.7
20070311,85.8
20070312,85
20070313,86.6
20070314,86.9
20070315,83.3
20070316,83.5
20070317,87.9
20070318,92.5
20070319,95.2
20070320,82.3
20070321,83.6
20070322,80.6
20070323,87.7
20070324,92.6
20070325,82.2
20070326,90.3
20070327,80.9
20070328,90.3
20070329,85.6
20070330,84.2
20070331,81.7
20070401,85.6
20070402,84.5
20070403,83.3
20070404,77.4
20070405,73.1
20070406,65.8
20070407,54.5
20070408,48.4
20070409,44.7
20070410,48.3
20070411,40.8
20070412,27
20070413,24.8
20070414,22.2
20070415,13.3
20070416,9.7
20070417,7
20070418,12.5
20070419,14.3
20070420,9.9
20070421,5.1
20070422,6.6
20070423,0
20070424,11.3
20070425,13.3
20070426,11.8
20070427,0
20070428,0
20070429,0
20070430,0
20070501,0
20070502,0
20070503,0
20070504,0
20070505,0
20070506,0
20070507,0
20070508,0
20070509,4.1
20070510,5.6
20070511,0
20070512,0
20070513,0
20070514,0
20070515,0
20070516,0
20070517,0
20070518,0
20070519,0
20070520,0
20070521,0
20070522,0
20070523,0
20070524,0
20070525,0
20070526,0
20070527,0
20070528,0
20070529,0
20070530,0
20070531,0
20070601,0
20070602,0
20070603,0
20070604,0
20070605,0
20070606,0
20070607,0
20070608,0
20070609,0
20070610,0
20070611,0
20070612,0
20070613,0
20070614,0
20070615,0
20070616,0
20070617,0
20070618,0
20070619,0
20070620,0
20070621,0
20070622,0
20070623,0
20070624,0
20070625,0
20070626,0
20070627,0
20070628,0
20070629,0
20070630,0
20070701,0
20070702,0
20070703,0
20070704,0
20070705,0
20070706,0
20070707,0
20070708,0
20070709,0
20070710,0
20070711,0
20070712,0
20070713,0
20070714,0
20070715,0
20070716,0
20070717,0
20070718,0
20070719,0
20070720,0
20070721,0
20070722,0
20070723,0
20070724,0
20070725,0
20070726,0
20070727,0
20070728,0
20070729,0
20070730,0
20070731,0
20070801,0
20070802,0
20070803,0
20070804,0
20070805,0
20070806,0
20070807,0
20070808,0
20070809,0
20070810,0
20070811,0
20070812,0
20070813,0
20070814,0
20070815,0
20070816,0
20070817,0
20070818,0
20070819,0
20070820,0
20070821,0
20070822,0
20070823,0
20070824,0
20070825,0
20070826,0
20070827,0
20070828,0
20070829,0
20070830,0
20070831,0
20070901,0
20070902,0
20070903,0
20070904,0
20070905,0
20070906,0
20070907,0
20070908,0
20070909,0
20070910,0
20070911,0
20070912,0
20070913,0
20070914,0
20070915,0
20070916,0
20070917,0
20070918,0
20070919,0
20070920,0
20070921,0
20070922,0
20070923,0
20070924,0
20070925,0
20070926,0
20070927,0
20070928,0
20070929,0
20070930,0
20071001,0
20071002,0
20071003,0
20071004,0
20071005,0
20071006,0
20071007,0
20071008,0
20071009,0
20071010,0
20071011,0
20071012,0
20071013,0
20071014,0
20071015,0
20071016,0
20071017,0
20071018,0
20071019,0
20071020,0
20071021,0
20071022,0
20071023,0
20071024,0
20071025,0
20071026,0
20071027,0
20071028,0
20071029,0
20071030,0
20071031,0
20071101,0
20071102,0
20071103,0
20071104,0
20071105,0
20071106,0
20071107,0
20071108,0
20071109,0
20071110,0
20071111,0
20071112,0
20071113,0
20071114,0
20071115,0
20071116,0
20071117,0
20071118,0
20071119,0
20071120,0
20071121,0
20071122,0
20071123,0
20071124,0
20071125,0
20071126,0
20071127,0
20071128,0
20071129,0
20071130,0
20071201,0
20071202,0
20071203,0
20071204,3.2
20071205,5.5
20071206,0
20071207,0
20071208,0
20071209,0
20071210,0
20071211,0
20071212,0
20071213,4.6
20071214,3.9
20071215,3.4
20071216,13.9
20071217,37.2
20071218,53.4
20071219,59.2
20071220,65.5
20071221,67.2
20071222,71.1
20071223,76
20071224,74
20071225,79.1
20071226,68.7
20071227,68.8
20071228,72.7
20071229,81.3
20071230,92.6
20071231,89.9
20080101,88.3
20080102,90.5
20080103,92.4
20080104,94.8
20080105,91.8
20080106,92.5
20080107,93.3
20080108,93.5
20080109,95
20080110,96.4
20080111,95.5
20080112,94.6
20080113,91.5
20080114,91.7
20080115,88.6
20080116,98.4
20080117,99.9
20080118,98.9
20080119,93.4
20080120,75.6
20080121,68.4
20080122,54.5
20080123,81.3
20080124,90.7
20080125,94.7
20080126,97.7
20080127,92.6
20080128,90
20080129,99
20080130,99.9
20080131,99.2
20080201,95
20080202,98.4
20080203,100
20080204,99.7
20080205,98.1
20080206,97
20080207,95.1
20080208,98.1
20080209,99.4
20080210,98.4
20080211,92.5
20080212,94.6
20080213,87.2
20080214,87.5
20080215,88.5
20080216,92.7
20080217,93.6
20080218,90.5
20080219,95.2
20080220,90.8
20080221,97.2
20080222,93.9
20080223,90.4
20080224,88.9
20080225,89.7
20080226,88.8
20080227,91.2
20080228,95.3
20080229,92
20080301,85
20080302,87
20080303,83.3
20080304,88.6
20080305,84.8
20080306,72
20080307,74.5
20080308,77.3
20080309,70.8
20080310,80.3
20080311,88.3
20080312,85.5
20080313,91.9
20080314,92.1
20080315,84.9
20080316,75.3
20080317,79.7
20080318,87.3
20080319,87.1
20080320,86.9
20080321,86.8
20080322,86.7
20080323,86.5
20080324,86.3
20080325,86.2
20080326,86
20080327,85.9
20080328,89.4
20080329,84.1
20080330,85.7
20080331,89
20080401,84.9
20080402,88.6
20080403,84.8
20080404,86.7
20080405,90.7
20080406,98.1
20080407,97.3
20080408,97.4
20080409,99.2
20080410,95
20080411,91.8
20080412,92.5
20080413,96.7
20080414,90.4
20080415,86.3
20080416,81.5
20080417,88.7
20080418,98.3
20080419,94.8
20080420,86.5
20080421,78.5
20080422,64.7
20080423,56.9
20080424,53.9
20080425,52.5
20080426,56.8
20080427,53.8
20080428,55.2
20080429,54.8
20080430,44.9
20080501,42.8
20080502,45.6
20080503,41
20080504,27.1
20080505,26.9
20080506,23.6
20080507,26.1
20080508,16.8
20080509,10.7
20080510,12.4
20080511,9.9
20080512,4.5
20080513,4.7
20080514,4.3
20080515,5.1
20080516,9.5
20080517,4.5
20080518,0
20080519,0
20080520,0
20080521,0
20080522,0
20080523,0
20080524,0
20080525,0
20080526,0
20080527,0
20080528,0
20080529,0
20080530,0
20080531,0
20080601,0
20080602,0
20080603,0
20080604,0
20080605,0
20080606,0
20080607,0
20080608,0
20080609,0
20080610,0
20080611,0
20080612,0
20080613,0
20080614,0
20080615,0
20080616,0
20080617,0
20080618,0
20080619,0
20080620,0
20080621,0
20080622,0
20080623,0
20080624,0
20080625,0
20080626,0
20080627,0
20080628,0
20080629,0
20080630,0
20080701,0
20080702,0
20080703,0
20080704,0
20080705,0
20080706,0
20080707,0
20080708,0
20080709,0
20080710,0
20080711,0
20080712,0
20080713,0
20080714,0
20080715,0
20080716,0
20080717,0
20080718,0
20080719,0
20080720,0
20080721,0
20080722,0
20080723,0
20080724,0
20080725,0
20080726,0
20080727,0
20080728,0
20080729,0
20080730,0
20080731,0
20080801,0
20080802,0
20080803,0
20080804,0
20080805,0
20080806,0
20080807,0
20080808,0
20080809,0
20080810,0
20080811,0
20080812,0
20080813,0
20080814,0
20080815,0
20080816,0
20080817,0
20080818,0
20080819,0
20080820,0
20080821,0
20080822,0
20080823,0
20080824,0
20080825,0
20080826,0
20080827,0
20080828,0
20080829,0
20080830,0
20080831,0
20080901,0
20080902,0
20080903,0
20080904,0
20080905,0
20080906,0
20080907,0
20080908,0
20080909,0
20080910,0
20080911,0
20080912,0
20080913,0
20080914,0
20080915,0
20080916,0
20080917,0
20080918,0
20080919,0
20080920,0
20080921,0
20080922,0
20080923,0
20080924,0
20080925,0
20080926,0
20080927,0
20080928,0
20080929,0
20080930,0
20081001,0
20081002,0
20081003,0
20081004,0
20081005,0
20081006,0
20081007,0
20081008,0
20081009,0
20081010,0
20081011,0
20081012,0
20081013,0
20081014,0
20081015,0
20081016,0
20081017,0
20081018,0
20081019,0
20081020,0
20081021,0
20081022,0
20081023,0
20081024,0
20081025,0
20081026,0
20081027,0
20081028,0
20081029,0
20081030,0
20081031,0
20081101,0
20081102,0
20081103,0
20081104,0
20081105,0
20081106,3.7
20081107,13.5
20081108,16.8
20081109,16.4
20081110,11.6
20081111,12
20081112,11.9
20081113,10
20081114,10
20081115,12.3
20081116,13.5
20081117,11.3
20081118,23.5
20081119,41.5
20081120,50.7
20081121,50.2
20081122,48.4
20081123,58.5
20081124,62.2
20081125,73
20081126,78.9
20081127,86.2
20081128,72.9
20081129,83.2
20081130,91.9
20081201,82
20081202,73.3
20081203,74.6
20081204,69.7
20081205,36.8
20081206,34.8
20081207,53.7
20081208,69.6
20081209,70.3
20081210,74.3
20081211,83.4
20081212,77.4
20081213,86.5
20081214,71.5
20081215,55.4
20081216,57.4
20081217,25.5
20081218,0
20081219,13.6
20081220,14.5
20081221,15.1
20081222,12.1
20081223,5.5
20081224,17.7
20081225,40.9
20081226,64.3
20081227,74.9
20081228,81.7
20081229,87.6
20081230,88.8
20081231,95.3
20090101,89.6
20090102,91.1
20090103,92.9
20090104,85.6
20090105,89.3
20090106,92.8
20090107,91.7
20090108,91.1
20090109,91.3
20090110,88.9
20090111,95.2
20090112,94.4
20090113,98
20090114,95.6
20090115,94.3
20090116,93.9
20090117,88.9
20090118,99.6
20090119,99.4
20090120,99.6
20090121,95.5
20090122,83.3
20090123,72.3
20090124,57.9
20090125,59.3
20090126,73.7
20090127,87.1
20090128,94.1
20090129,86.8
20090130,86.2
20090131,88.7
20090201,86.3
20090202,89.6
20090203,91.4
20090204,92.5
20090205,96.9
20090206,97.9
20090207,98.8
20090208,100
20090209,100
20090210,99.3
20090211,95.9
20090212,97.4
20090213,96.7
20090214,95.2
20090215,96.8
20090216,98.7
20090217,97.4
20090218,97
20090219,94.4
20090220,100
20090221,100
20090222,98.6
20090223,93.6
20090224,98.9
20090225,100
20090226,98.4
20090227,97.2
20090228,96
20090301,97
20090302,96.1
20090303,98.5
20090304,99.7
20090305,100
20090306,100
20090307,95.3
20090308,99.4
20090309,98.7
20090310,88.5
20090311,93.1
20090312,93.4
20090313,95.6
20090314,94.5
20090315,92.6
20090316,87.7
20090317,85.7
20090318,87.2
20090319,87
20090320,86.8
20090321,86.2
20090322,86
20090323,88.3
20090324,84.2
20090325,79.7
20090326,68.6
20090327,75.1
20090328,85
20090329,88.4
20090330,82.9
20090331,95
20090401,94.2
20090402,86.8
20090403,87.7
20090404,88.9
20090405,84.3
20090406,82.3
20090407,91
20090408,96.4
20090409,98
20090410,82.7
20090411,78.1
20090412,84.3
20090413,90.6
20090414,76.2
20090415,67
20090416,61.9
20090417,55.6
20090418,48.8
20090419,46.2
20090420,43.7
20090421,37.9
20090422,15.3
20090423,13.8
20090424,18.2
20090425,18.2
20090426,22.1
20090427,38.2
20090428,35.4
20090429,0
20090430,0
20090501,4.6
20090502,4.1
20090503,4.8
20090504,5.4
20090505,4.5
20090506,3.8
20090507,0
20090508,0
20090509,0
20090510,0
20090511,0
20090512,0
20090513,0
20090514,0
20090515,0
20090516,0
20090517,0
20090518,0
20090519,0
20090520,0
20090521,0
20090522,0
20090523,0
20090524,0
20090525,0
20090526,0
20090527,0
20090528,0
20090529,0
20090530,0
20090531,0
20090601,0
20090602,0
20090603,0
20090604,0
20090605,0
20090606,0
20090607,0
20090608,0
20090609,0
20090610,0
20090611,0
20090612,0
20090613,0
20090614,0
20090615,0
20090616,0
20090617,0
20090618,0
20090619,0
20090620,0
20090621,0
20090622,0
20090623,0
20090624,0
20090625,0
20090626,0
20090627,0
20090628,0
20090629,0
20090630,0
20090701,0
20090702,0
20090703,0
20090704,0
20090705,0
20090706,0
20090707,0
20090708,0
20090709,0
20090710,0
20090711,0
20090712,0
20090713,0
20090714,0
20090715,0
20090716,0
20090717,0
20090718,0
20090719,0
20090720,0
20090721,0
20090722,0
20090723,0
20090724,0
20090725,0
20090726,0
20090727,0
20090728,0
20090729,0
20090730,0
20090731,0
20090801,0
20090802,0
20090803,0
20090804,0
20090805,0
20090806,0
20090807,0
20090808,0
20090809,0
20090810,0
20090811,0
20090812,0
20090813,0
20090814,0
20090815,0
20090816,0
20090817,0
20090818,0
20090819,0
20090820,0
20090821,0
20090822,0
20090823,0
20090824,0
20090825,0
20090826,0
20090827,0
20090828,0
20090829,0
20090830,0
20090831,0
20090901,0
20090902,0
20090903,0
20090904,0
20090905,0
20090906,0
20090907,0
20090908,0
20090909,0
20090910,0
20090911,0
20090912,0
20090913,0
20090914,0
20090915,0
20090916,0
20090917,0
20090918,0
20090919,0
20090920,0
20090921,0
20090922,0
20090923,0
20090924,0
20090925,0
20090926,0
20090927,0
20090928,0
20090929,0
20090930,0
20091001,0
20091002,0
20091003,0
20091004,0
20091005,0
20091006,0
20091007,0
20091008,0
20091009,0
20091010,0
20091011,0
20091012,0
20091013,0
20091014,0
20091015,0
20091016,0
20091017,0
20091018,0
20091019,0
20091020,0
20091021,0
20091022,0
20091023,0
20091024,0
20091025,0
20091026,0
20091027,0
20091028,0
20091029,0
20091030,0
20091031,0
20091101,0
20091102,10.6
20091103,0
20091104,0
20091105,0
20091106,0
20091107,0
20091108,0
20091109,0
20091110,0
20091111,0
20091112,0
20091113,0
20091114,7.5
20091115,13
20091116,28.6
20091117,29.2
20091118,44.3
20091119,48.9
20091120,55.8
20091121,58
20091122,54.9
20091123,58.8
20091124,62.2
20091125,59.1
20091126,47
20091127,58.7
20091128,65.6
20091129,69.6
20091130,66.7
20091201,51
20091202,63.6
20091203,73.4
20091204,73.5
20091205,13.5
20091206,0
20091207,6.3
20091208,4.5
20091209,5.6
20091210,0
20091211,6.3
20091212,18.8
20091213,24.6
20091214,34
20091215,61
20091216,70.6
20091217,76.5
20091218,84.5
20091219,88.2
20091220,74.5
20091221,72.3
20091222,21.2
20091223,19.5
20091224,31.6
20091225,38.2
20091226,56.1
20091227,51.5
20091228,40.3
20091229,33.4
20091230,33.3
20091231,29
20100101,41.2
20100102,56.9
20100103,75.1
20100104,82.2
20100105,56.6
20100106,59.6
20100107,67.5
20100108,73.6
20100109,82.4
20100110,82.6
20100111,75.7
20100112,80.3
20100113,86.8
20100114,93.3
20100115,95.7
20100116,88.7
20100117,85.6
20100118,86.9
20100119,85.9
20100120,90.1
20100121,88.3
20100122,93
20100123,94.4
20100124,90.9
20100125,96.2
20100126,88.7
20100127,84.3
20100128,87.2
20100129,90
20100130,92
20100131,78.5
20100201,88.7
20100202,75.5
20100203,84.7
20100204,86.9
20100205,86.2
20100206,88.1
20100207,86.6
20100208,88.1
20100209,89.2
20100210,83.2
20100211,80.8
20100212,82.9
20100213,87.7
20100214,87.9
20100215,99.2
20100216,97
20100217,84.8
20100218,80.3
20100219,78.7
20100220,76.9
20100221,78.8
20100222,75.5
20100223,78.3
20100224,64.6
20100225,80.8
20100226,90.3
20100227,89.6
20100228,85.1
20100301,84.6
20100302,85.1
20100303,86.9
20100304,89
20100305,84.7
20100306,89
20100307,90.5
20100308,93.7
20100309,94.9
20100310,94.9
20100311,93.5
20100312,95.9
20100313,92.6
20100314,86.3
20100315,86.9
20100316,87.2
20100317,91.5
20100318,95.3
20100319,96.1
20100320,89.3
20100321,84.7
20100322,86.3
20100323,88.8
20100324,92.2
20100325,76
20100326,76.2
20100327,78.5
20100328,78.6
20100329,82.5
20100330,84
20100331,85.8
20100401,74.4
20100402,86.9
20100403,83.6
20100404,87.9
20100405,91.4
20100406,84.8
20100407,90
20100408,83.4
20100409,86.7
20100410,78.9
20100411,88.1
20100412,88.6
20100413,83.7
20100414,84.7
20100415,88.3
20100416,72.4
20100417,64.3
20100418,64.2
20100419,68
20100420,60.2
20100421,51.4
20100422,47
20100423,45.1
20100424,44.3
20100425,34.1
20100426,34.6
20100427,39.7
20100428,41.6
20100429,48.3
20100430,43.3
20100501,38.5
20100502,36.7
20100503,39.1
20100504,46.9
20100505,42.7
20100506,36.1
20100507,25.3
20100508,6.2
20100509,6.5
20100510,6.1
20100511,5.1
20100512,4.6
20100513,4.2
20100514,5.4
20100515,4.7
20100516,0
20100517,0
20100518,0
20100519,0
20100520,0
20100521,0
20100522,0
20100523,0
20100524,0
20100525,0
20100526,0
20100527,0
20100528,0
20100529,0
20100530,0
20100531,0
20100601,0
20100602,0
20100603,0
20100604,0
20100605,0
20100606,0
20100607,0
20100608,0
20100609,0
20100610,0
20100611,0
20100612,0
20100613,0
20100614,0
20100615,0
20100616,0
20100617,0
20100618,0
20100619,0
20100620,0
20100621,0
20100622,0
20100623,0
20100624,0
20100625,0
20100626,0
20100627,0
20100628,0
20100629,0
20100630,0
20100701,0
20100702,0
20100703,0
20100704,0
20100705,0
20100706,0
20100707,0
20100708,0
20100709,0
20100710,0
20100711,0
20100712,0
20100713,0
20100714,0
20100715,0
20100716,0
20100717,0
20100718,0
20100719,0
20100720,0
20100721,0
20100722,0
20100723,0
20100724,0
20100725,0
20100726,0
20100727,0
20100728,0
20100729,0
20100730,0
20100731,0
20100801,0
20100802,0
20100803,0
20100804,0
20100805,0
20100806,0
20100807,0
20100808,0
20100809,0
20100810,0
20100811,0
20100812,0
20100813,0
20100814,0
20100815,0
20100816,0
20100817,0
20100818,0
20100819,0
20100820,0
20100821,0
20100822,0
20100823,0
20100824,0
20100825,0
20100826,0
20100827,0
20100828,0
20100829,0
20100830,0
20100831,0
20100901,0
20100902,0
20100903,0
20100904,0
20100905,0
20100906,0
20100907,0
20100908,0
20100909,0
20100910,0
20100911,0
20100912,0
20100913,0
20100914,0
20100915,0
20100916,0
20100917,0
20100918,0
20100919,0
20100920,0
20100921,0
20100922,0
20100923,0
20100924,0
20100925,0
20100926,0
20100927,0
20100928,0
20100929,0
20100930,0
20101001,0
20101002,0
20101003,0
20101004,0
20101005,0
20101006,0
20101007,0
20101008,0
20101009,0
20101010,0
20101011,0
20101012,0
20101013,0
20101014,0
20101015,0
20101016,0
20101017,0
20101018,0
20101019,0
20101020,0
20101021,0
20101022,0
20101023,0
20101024,0
20101025,0
20101026,0
20101027,0
20101028,0
20101029,0
20101030,0
20101031,0
20101101,0
20101102,0
20101103,0
20101104,0
20101105,0
20101106,0
20101107,0
20101108,0
20101109,0
20101110,0
20101111,0
20101112,0
20101113,0
20101114,3.3
20101115,9
20101116,9.8
20101117,12.2
20101118,9.6
20101119,10.8
20101120,0
20101121,0
20101122,0
20101123,0
20101124,0
20101125,0
20101126,0
20101127,0
20101128,3.9
20101129,9.3
20101130,13
20101201,13.8
20101202,7.7
20101203,5.5
20101204,0
20101205,20.9
20101206,38.4
20101207,45.8
20101208,51.8
20101209,68
20101210,67.3
20101211,79.7
20101212,75.9
20101213,81.1
20101214,83.1
20101215,88.8
20101216,89.6
20101217,98.9
20101218,77.9
20101219,78.4
20101220,82.4
20101221,82.8
20101222,82.8
20101223,93.3
20101224,79.8
20101225,84.8
20101226,85.4
20101227,83.7
20101228,90.8
20101229,89.5
20101230,87.5
20101231,90.3
20110101,92.7
20110102,92.4
20110103,97
20110104,88.5
20110105,92
20110106,95.2
20110107,87.5
20110108,88.6
20110109,90.1
20110110,92
20110111,98.4
20110112,98.4
20110113,99.6
20110114,96.3
20110115,92.3
20110116,92.1
20110117,96.6
20110118,97.7
20110119,90
20110120,87.2
20110121,88.8
20110122,88.7
20110123,85.6
20110124,90.6
20110125,87.9
20110126,93.7
20110127,89.2
20110128,76.3
20110129,58.4
20110130,61.1
20110131,57.7
20110201,70.4
20110202,92.6
20110203,97.4
20110204,99.8
20110205,99.5
20110206,89.9
20110207,77.2
20110208,84.6
20110209,79
20110210,88.2
20110211,90.5
20110212,87.7
20110213,89.1
20110214,84.5
20110215,89.3
20110216,97
20110217,95.9
20110218,96.6
20110219,99.9
20110220,95.8
20110221,100
20110222,95.1
20110223,98.8
20110224,96.4
20110225,95.6
20110226,90.9
20110227,89.6
20110228,91.1
20110301,91.1
20110302,89.4
20110303,88.4
20110304,86.6
20110305,96.3
20110306,95.7
20110307,89.2
20110308,87.8
20110309,93.4
20110310,94.5
20110311,95.1
20110312,92.4
20110313,92.8
20110314,96.2
20110315,97.7
20110316,95
20110317,95.2
20110318,82.3
20110319,73.6
20110320,72.1
20110321,69.2
20110322,68.3
20110323,69.5
20110324,67
20110325,68.6
20110326,77.7
20110327,82
20110328,83.1
20110329,74.5
20110330,69.9
20110331,82.1
20110401,88.3
20110402,88.3
20110403,52.3
20110404,51.5
20110405,51.7
20110406,65.3
20110407,61.6
20110408,52.2
20110409,54.1
20110410,64.6
20110411,69.3
20110412,74.5
20110413,72.5
20110414,75.8
20110415,79.9
20110416,71.4
20110417,68
20110418,62.9
20110419,35.8
20110420,8.2
20110421,0
20110422,0
20110423,0
20110424,0
20110425,0
20110426,0
20110427,7.8
20110428,7.6
20110429,5.6
20110430,0
20110501,0
20110502,0
20110503,0
20110504,0
20110505,0
20110506,0
20110507,0
20110508,0
20110509,0
20110510,0
20110511,0
20110512,0
20110513,0
20110514,0
20110515,0
20110516,0
20110517,0
20110518,0
20110519,0
20110520,0
20110521,0
20110522,0
20110523,0
20110524,0
20110525,0
20110526,0
20110527,0
20110528,0
20110529,0
20110530,0
20110531,0
20110601,0
20110602,0
20110603,0
20110604,0
20110605,0
20110606,0
20110607,0
20110608,0
20110609,0
20110610,0
20110611,0
20110612,0
20110613,0
20110614,0
20110615,0
20110616,0
20110617,0
20110618,0
20110619,0
20110620,0
20110621,0
20110622,0
20110623,0
20110624,0
20110625,0
20110626,0
20110627,0
20110628,0
20110629,0
20110630,0
20110701,0
20110702,0
20110703,0
20110704,0
20110705,0
20110706,0
20110707,0
20110708,0
20110709,0
20110710,0
20110711,0
20110712,0
20110713,0
20110714,0
20110715,0
20110716,0
20110717,0
20110718,0
20110719,0
20110720,0
20110721,0
20110722,0
20110723,0
20110724,0
20110725,0
20110726,0
20110727,0
20110728,0
20110729,0
20110730,0
20110731,0
20110801,0
20110802,0
20110803,0
20110804,0
20110805,0
20110806,0
20110807,0
20110808,0
20110809,0
20110810,0
20110811,0
20110812,0
20110813,0
20110814,0
20110815,0
20110816,0
20110817,0
20110818,0
20110819,0
20110820,0
20110821,0
20110822,0
20110823,0
20110824,0
20110825,0
20110826,0
20110827,0
20110828,0
20110829,0
20110830,0
20110831,0
20110901,0
20110902,0
20110903,0
20110904,0
20110905,0
20110906,0
20110907,0
20110908,0
20110909,0
20110910,0
20110911,0
20110912,0
20110913,0
20110914,0
20110915,0
20110916,0
20110917,0
20110918,0
20110919,0
20110920,0
20110921,0
20110922,0
20110923,0
20110924,0
20110925,0
20110926,0
20110927,0
20110928,0
20110929,0
20110930,0
20111001,0
20111002,0
20111003,0
20111004,0
20111005,0
20111006,0
20111007,0
20111008,0
20111009,0
20111010,0
20111011,0
20111012,0
20111013,0
20111014,0
20111015,0
20111016,0
20111017,0
20111018,0
20111019,0
20111020,0
20111021,0
20111022,0
20111023,0
20111024,0
20111025,0
20111026,0
20111027,0
20111028,0
20111029,0
20111030,0
20111031,0
20111101,0
20111102,0
20111103,0
20111104,0
20111105,0
20111106,0
20111107,0
20111108,0
20111109,0
20111110,0
20111111,0
20111112,0
20111113,0
20111114,0
20111115,6.7
20111116,17.6
20111117,20.9
20111118,19.1
20111119,14.2
20111120,11.3
20111121,35
20111122,41.7
20111123,57.8
20111124,54.4
20111125,57.4
20111126,58.4
20111127,67.4
20111128,76.2
20111129,77.6
20111130,76.2
20111201,78.9
20111202,76.7
20111203,74
20111204,55.1
20111205,52.8
20111206,57.8
20111207,17
20111208,10.7
20111209,8.9
20111210,0
20111211,5.2
20111212,10.8
20111213,20.6
20111214,40.6
20111215,53.7
20111216,44.7
20111217,26.5
20111218,20.9
20111219,13.2
20111220,18.5
20111221,38.4
20111222,44
20111223,54.3
20111224,65.1
20111225,70.8
20111226,83.7
20111227,88.8
20111228,87.4
20111229,87.3
20111230,91.4
20111231,95.2
20120101,90.8
20120102,93.8
20120103,96.3
20120104,96.4
20120105,91.4
20120106,91.1
20120107,88.2
20120108,91.1
20120109,93.2
20120110,90.8
20120111,91.7
20120112,95.3
20120113,95.3
20120114,94.1
20120115,95
20120116,94.9
20120117,88.9
20120118,90.3
20120119,92.1
20120120,91.3
20120121,88.7
20120122,78.2
20120123,80.1
20120124,85.7
20120125,89.6
20120126,92.3
20120127,91.6
20120128,89.9
20120129,88.3
20120130,91.1
20120131,89.5
20120201,83.2
20120202,78.9
20120203,87
20120204,80
20120205,82.5
20120206,78.4
20120207,79.5
20120208,80.2
20120209,71.3
20120210,61.4
20120211,56
20120212,53.3
20120213,60.4
20120214,72.2
20120215,62
20120216,59.5
20120217,60.6
20120218,53.1
20120219,57.7
20120220,58.7
20120221,64.5
20120222,72.4
20120223,86.9
20120224,91.1
20120225,95.9
20120226,94.4
20120227,91.3
20120228,94
20120229,95.1
20120301,92.6
20120302,90.6
20120303,89.1
20120304,92.9
20120305,95.1
20120306,96.8
20120307,99.8
20120308,97.7
20120309,96.3
20120310,94.9
20120311,94.2
20120312,92.1
20120313,92.2
20120314,88.5
20120315,88.2
20120316,91.7
20120317,96.6
20120318,97.7
20120319,96.5
20120320,90.5
20120321,90.1
20120322,91.2
20120323,88.8
20120324,91
20120325,98.1
20120326,94.8
20120327,83.6
20120328,83.2
20120329,82.9
20120330,78.8
20120331,82.6
20120401,84.1
20120402,86.5
20120403,90.4
20120404,87.6
20120405,86.9
20120406,92.3
20120407,81.3
20120408,80.1
20120409,79.8
20120410,83.8
20120411,78.1
20120412,72.1
20120413,64.9
20120414,68.9
20120415,63.2
20120416,58.3
20120417,53.8
20120418,44.5
20120419,33.9
20120420,18.1
20120421,10.4
20120422,7.3
20120423,7.2
20120424,6
20120425,13.4
20120426,11.1
20120427,0
20120428,0
20120429,0
20120430,0
20120501,0
20120502,8.2
20120503,11.6
20120504,9.6
20120505,5.8
20120506,4.7
20120507,0
20120508,4.6
20120509,8.5
20120510,13.2
20120511,10.9
20120512,2.9
20120513,6.7
20120514,0
20120515,0
20120516,0
20120517,0
20120518,6.1
20120519,3.8
20120520,6.1
20120521,5
20120522,0
20120523,0
20120524,0
20120525,0
20120526,0
20120527,0
20120528,0
20120529,0
20120530,0
20120531,0
20120601,0
20120602,0
20120603,0
20120604,0
20120605,0
20120606,0
20120607,0
20120608,0
20120609,0
20120610,0
20120611,0
20120612,0
20120613,0
20120614,0
20120615,0
20120616,0
20120617,0
20120618,0
20120619,0
20120620,0
20120621,0
20120622,0
20120623,0
20120624,0
20120625,0
20120626,0
20120627,0
20120628,0
20120629,0
20120630,0
20120701,0
20120702,0
20120703,0
20120704,0
20120705,0
20120706,0
20120707,0
20120708,0
20120709,0
20120710,0
20120711,0
20120712,0
20120713,0
20120714,0
20120715,0
20120716,0
20120717,0
20120718,0
20120719,0
20120720,0
20120721,0
20120722,0
20120723,0
20120724,0
20120725,0
20120726,0
20120727,0
20120728,0
20120729,0
20120730,0
20120731,0
20120801,0
20120802,0
20120803,0
20120804,0
20120805,0
20120806,0
20120807,0
20120808,0
20120809,0
20120810,0
20120811,0
20120812,0
20120813,0
20120814,0
20120815,0
20120816,0
20120817,0
20120818,0
20120819,0
20120820,0
20120821,0
20120822,0
20120823,0
20120824,0
20120825,0
20120826,0
20120827,0
20120828,0
20120829,0
20120830,0
20120831,0
20120901,0
20120902,0
20120903,0
20120904,0
20120905,0
20120906,0
20120907,0
20120908,0
20120909,0
20120910,0
20120911,0
20120912,0
20120913,0
20120914,0
20120915,0
20120916,0
20120917,0
20120918,0
20120919,0
20120920,0
20120921,0
20120922,0
20120923,0
20120924,0
20120925,0
20120926,0
20120927,0
20120928,0
20120929,0
20120930,0
20121001,0
20121002,0
20121003,0
20121004,0
20121005,0
20121006,0
20121007,0
20121008,0
20121009,0
20121010,0
20121011,0
20121012,0
20121013,0
20121014,0
20121015,0
20121016,0
20121017,0
20121018,0
20121019,0
20121020,0
20121021,0
20121022,0
20121023,0
20121024,0
20121025,0
20121026,0
20121027,0
20121028,0
20121029,0
20121030,0
20121031,0
20121101,25.9
20121102,25.9
20121103,30.5
20121104,35.4
20121105,40.9
20121106,49.4
20121107,66.4
20121108,49.2
20121109,0
20121110,0
20121111,13.5
20121112,14.9
20121113,0
20121114,4.3
20121115,15.7
20121116,43.7
20121117,50.4
20121118,59.9
20121119,68.5
20121120,74
20121121,78.6
20121122,80.9
20121123,81.6
20121124,89.4
20121125,90.1
20121126,90.4
20121127,63.3
20121128,74.7
20121129,87.5
20121130,87.8
20121201,91
20121202,76.7
20121203,86.5
20121204,97.1
20121205,97.2
20121206,96.1
20121207,99.2
20121208,95.7
20121209,97.2
20121210,91.6
20121211,96.8
20121212,90.1
20121213,85
20121214,84.9
20121215,95.1
20121216,94.7
20121217,94.5
20121218,93.7
20121219,95.5
20121220,96.8
20121221,99.9
20121222,99.1
20121223,95.6
20121224,94.6
20121225,94.7
20121226,92.9
20121227,91.7
20121228,78.9
20121229,81.8
20121230,79.7
20121231,78.5
20130101,76.9
20130102,78.9
20130103,67.7
20130104,67.3
20130105,58.6
20130106,72.2
20130107,86.3
20130108,95.1
20130109,87.4
20130110,83.5
20130111,85.4
20130112,86.8
20130113,71
20130114,76.6
20130115,89.2
20130116,95.9
20130117,96.1
20130118,96.2
20130119,94.1
20130120,88
20130121,72.4
20130122,74.1
20130123,73.8
20130124,85.6
20130125,92.4
20130126,95.9
20130127,98.8
20130128,95
20130129,96.5
20130130,99.9
20130131,98.2
20130201,99.7
20130202,86.9
20130203,87.4
20130204,91
20130205,92.5
20130206,94.2
20130207,94.3
20130208,85.1
20130209,86.2
20130210,92
20130211,98.6
20130212,98.3
20130213,100
20130214,98
20130215,97.4
20130216,98.6
20130217,91.3
20130218,91.9
20130219,92.7
20130220,95.1
20130221,99.8
20130222,96.8
20130223,97.1
20130224,95.6
20130225,96.3
20130226,87.9
20130227,88.4
20130228,89.2
20130301,96.3
20130302,90.4
20130303,81
20130304,83.1
20130305,80.8
20130306,85.4
20130307,76.5
20130308,62.4
20130309,76.9
20130310,68.5
20130311,85.7
20130312,96.9
20130313,92.6
20130314,88.4
20130315,88
20130316,87.4
20130317,90.8
20130318,87.6
20130319,87.4
20130320,90.2
20130321,95.9
20130322,97.6
20130323,93.1
20130324,90.1
20130325,90.9
20130326,91.6
20130327,88.2
20130328,81.6
20130329,85.6
20130330,79.6
20130331,86.2
20130401,83.9
20130402,76.4
20130403,73.7
20130404,70.5
20130405,61.2
20130406,54.3
20130407,68.4
20130408,77.4
20130409,79.8
20130410,80.1
20130411,79.8
20130412,78.9
20130413,81.2
20130414,87.9
20130415,61
20130416,27.5
20130417,26.7
20130418,13.5
20130419,13.2
20130420,9.3
20130421,11.6
20130422,11.9
20130423,9.8
20130424,0
20130425,0
20130426,0
20130427,5.4
20130428,13.2
20130429,8.8
20130430,0
20130501,11.7
20130502,8.7
20130503,4.3
20130504,0
20130505,4.1
20130506,4.8
20130507,6.9
20130508,5
20130509,0
20130510,0
20130511,4.5
20130512,5.1
20130513,5.2
20130514,12.8
20130515,12.1
20130516,10.6
20130517,7.8
20130518,0
20130519,4.2
20130520,5.8
20130521,9.3
20130522,6.2
20130523,0
20130524,0
20130525,0
20130526,0
20130527,0
20130528,0
20130529,0
20130530,0
20130531,0
20130601,0
20130602,0
20130603,0
20130604,0
20130605,0
20130606,0
20130607,0
20130608,0
20130609,0
20130610,0
20130611,0
20130612,0
20130613,0
20130614,0
20130615,0
20130616,0
20130617,0
20130618,0
20130619,0
20130620,0
20130621,0
20130622,0
20130623,0
20130624,0
20130625,0
20130626,0
20130627,0
20130628,0
20130629,0
20130630,0
20130701,0
20130702,0
20130703,0
20130704,0
20130705,0
20130706,0
20130707,0
20130708,0
20130709,0
20130710,0
20130711,0
20130712,0
20130713,0
20130714,0
20130715,0
20130716,0
20130717,0
20130718,0
20130719,0
20130720,0
20130721,0
20130722,0
20130723,0
20130724,0
20130725,0
20130726,0
20130727,0
20130728,0
20130729,0
20130730,0
20130731,0
20130801,0
20130802,0
20130803,0
20130804,0
20130805,0
20130806,0
20130807,0
20130808,0
20130809,0
20130810,0
20130811,0
20130812,0
20130813,0
20130814,0
20130815,0
20130816,0
20130817,0
20130818,0
20130819,0
20130820,0
20130821,0
20130822,0
20130823,0
20130824,0
20130825,0
20130826,0
20130827,0
20130828,0
20130829,0
20130830,0
20130831,0
20130901,0
20130902,0
20130903,0
20130904,0
20130905,0
20130906,0
20130907,0
20130908,0
20130909,0
20130910,0
20130911,0
20130912,0
20130913,0
20130914,0
20130915,0
20130916,0
20130917,0
20130918,0
20130919,0
20130920,0
20130921,0
20130922,0
20130923,0
20130924,0
20130925,0
20130926,0
20130927,0
20130928,0
20130929,0
20130930,0
20131001,0
20131002,0
20131003,0
20131004,0
20131005,0
20131006,0
20131007,0
20131008,0
20131009,0
20131010,0
20131011,0
20131012,0
20131013,0
20131014,0
20131015,0
20131016,0
20131017,0
20131018,0
20131019,0
20131020,0
20131021,0
20131022,0
20131023,0
20131024,0
20131025,0
20131026,0
20131027,0
20131028,0
20131029,0
20131030,0
20131031,0
20131101,0
20131102,0
20131103,0
20131104,0
20131105,0
20131106,0
20131107,0
20131108,0
20131109,0
20131110,0
20131111,0
20131112,0
20131113,0
20131114,0
20131115,0
20131116,0
20131117,0
20131118,0
20131119,0
20131120,3.4
20131121,6.8
20131122,14.4
20131123,15.9
20131124,17.8
20131125,15.3
20131126,13.6
20131127,12.9
20131128,12.1
20131129,9.5
20131130,12.3
20131201,14.1
20131202,16.4
20131203,0
20131204,0
20131205,0
20131206,0
20131207,0
20131208,0
20131209,0
20131210,0
20131211,5.2
20131212,24.9
20131213,38
20131214,42.5
20131215,49.7
20131216,58.6
20131217,69.4
20131218,53.2
20131219,60.8
20131220,40.2
20131221,45.8
20131222,66.9
20131223,64.5
20131224,66.6
20131225,70.8
20131226,74.7
20131227,72.1
20131228,77.9
20131229,74.7
20131230,57.4
20131231,53.3
20140101,59.7
20140102,69.7
20140103,52.3
20140104,52.2
20140105,55.9
20140106,47.9
20140107,29.4
20140108,21.3
20140109,11.4
20140110,12.4
20140111,6.1
20140112,23.2
20140113,30.5
20140114,42.7
20140115,51.2
20140116,69.2
20140117,74.6
20140118,45.9
20140119,39.7
20140120,41.1
20140121,22.2
20140122,21.2
20140123,23.7
20140124,6.5
20140125,5.6
20140126,7
20140127,0
20140128,0
20140129,0
20140130,0
20140131,0
20140201,4.1
20140202,4.4
20140203,6.1
20140204,6.1
20140205,0
20140206,0
20140207,21.1
20140208,46.1
20140209,55.7
20140210,63
20140211,73.5
20140212,79.9
20140213,77.6
20140214,81.6
20140215,86.8
20140216,84.2
20140217,78.5
20140218,83.1
20140219,87.1
20140220,92.7
20140221,82.2
20140222,72.9
20140223,31.8
20140224,13.2
20140225,11.9
20140226,17
20140227,16.4
20140228,13.3
20140301,12.1
20140302,10.3
20140303,17.8
20140304,36.3
20140305,55.3
20140306,66.7
20140307,70.9
20140308,73.2
20140309,77.1
20140310,75.9
20140311,73.5
20140312,78.1
20140313,79.9
20140314,84.9
20140315,88.3
20140316,87.9
20140317,85.6
20140318,93
20140319,95.5
20140320,93
20140321,92.5
20140322,87.4
20140323,71
20140324,59.6
20140325,63.4
20140326,57.7
20140327,51.8
20140328,50.7
20140329,50.4
20140330,49.4
20140331,46.8
20140401,44.6
20140402,40.6
20140403,32.6
20140404,26.3
20140405,23.9
20140406,36.9
20140407,53.6
20140408,66.5
20140409,69.8
20140410,72.3
20140411,38.6
20140412,6.4
20140413,0
20140414,0
20140415,0
20140416,0
20140417,0
20140418,0
20140419,0
20140420,0
20140421,0
20140422,0
20140423,0
20140424,0
20140425,0
20140426,0
20140427,0
20140428,0
20140429,0
20140430,0
20140501,0
20140502,0
20140503,0
20140504,0
20140505,0
20140506,0
20140507,0
20140508,0
20140509,0
20140510,0
20140511,0
20140512,0
20140513,0
20140514,0
20140515,0
20140516,0
20140517,0
20140518,0
20140519,0
20140520,0
20140521,0
20140522,0
20140523,0
20140524,0
20140525,0
20140526,0
20140527,0
20140528,0
20140529,0
20140530,0
20140531,0
20140601,0
20140602,0
20140603,0
20140604,0
20140605,0
20140606,0
20140607,0
20140608,0
20140609,0
20140610,0
20140611,0
20140612,0
20140613,0
20140614,0
20140615,0
20140616,0
20140617,0
20140618,0
20140619,0
20140620,0
20140621,0
20140622,0
20140623,0
20140624,0
20140625,0
20140626,0
20140627,0
20140628,0
20140629,0
20140630,0
20140701,0
20140702,0
20140703,0
20140704,0
20140705,0
20140706,0
20140707,0
20140708,0
20140709,0
20140710,0
20140711,0
20140712,0
20140713,0
20140714,0
20140715,0
20140716,0
20140717,0
20140718,0
20140719,0
20140720,0
20140721,0
20140722,0
20140723,0
20140724,0
20140725,0
20140726,0
20140727,0
20140728,0
20140729,0
20140730,0
20140731,0
20140801,0
20140802,0
20140803,0
20140804,0
20140805,0
20140806,0
20140807,0
20140808,0
20140809,0
20140810,0
20140811,0
20140812,0
20140813,0
20140814,0
20140815,0
20140816,0
20140817,0
20140818,0
20140819,0
20140820,0
20140821,0
20140822,0
20140823,0
20140824,0
20140825,0
20140826,0
20140827,0
20140828,0
20140829,0
20140830,0
20140831,0
20140901,0
20140902,0
20140903,0
20140904,0
20140905,0
20140906,0
20140907,0
20140908,0
20140909,0
20140910,0
20140911,0
20140912,0
20140913,0
20140914,0
20140915,0
20140916,0
20140917,0
20140918,0
20140919,0
20140920,0
20140921,0
20140922,0
20140923,0
20140924,0
20140925,0
20140926,0
20140927,0
20140928,0
20140929,0
20140930,0
20141001,0
20141002,0
20141003,0
20141004,0
20141005,0
20141006,0
20141007,0
20141008,0
20141009,0
20141010,0
20141011,0
20141012,0
20141013,0
20141014,0
20141015,0
20141016,0
20141017,0
20141018,0
20141019,0
20141020,0
20141021,0
20141022,0
20141023,0
20141024,0
20141025,0
20141026,0
20141027,0
20141028,0
20141029,0
20141030,0
20141031,0
20141101,5.6
20141102,4
20141103,0
20141104,7.6
20141105,8.2
20141106,4.5
20141107,10.7
20141108,12.9
20141109,10.1
20141110,0
20141111,0
20141112,0
20141113,0
20141114,0
20141115,0
20141116,0
20141117,0
20141118,0
20141119,0
20141120,0
20141121,0
20141122,0
20141123,0
20141124,0
20141125,0
20141126,0
20141127,0
20141128,0
20141129,0
20141130,0
20141201,0
20141202,0
20141203,0
20141204,0
20141205,0
20141206,0
20141207,0
20141208,0
20141209,7
20141210,15.9
20141211,14.7
20141212,11.2
20141213,11.3
20141214,10.9
20141215,11.6
20141216,10.7
20141217,4.8
20141218,4.8
20141219,12.5
20141220,11.9
20141221,19
20141222,36.2
20141223,45.9
20141224,37.4
20141225,21.3
20141226,13.3
20141227,12
20141228,4.6
20141229,7
20141230,0
20141231,4.5
20150101,5.2
20150102,5.1
20150103,0
20150104,4.6
20150105,15.1
20150106,26.6
20150107,30.9
20150108,21.5
20150109,34.9
20150110,27.1
20150111,22.3
20150112,19.6
20150113,9.9
20150114,15.6
20150115,14.8
20150116,40.2
20150117,33.6
20150118,38.6
20150119,41.9
20150120,48.8
20150121,53.9
20150122,61.9
20150123,75.3
20150124,84.3
20150125,89.8
20150126,88.2
20150127,91.8
20150128,87.9
20150129,86.8
20150130,88.3
20150131,91.6
20150201,95.5
20150202,97.7
20150203,90.3
20150204,98.4
20150205,100
20150206,91.2
20150207,88.9
20150208,87
20150209,89.9
20150210,88.7
20150211,85.1
20150212,85.3
20150213,75.5
20150214,75.1
20150215,73.7
20150216,70.9
20150217,58.1
20150218,45.7
20150219,35.6
20150220,9.9
20150221,10.2
20150222,6.5
20150223,11
20150224,11.6
20150225,11.4
20150226,13.9
20150227,10.1
20150228,4.7
20150301,5.5
20150302,0
20150303,0
20150304,13.4
20150305,11.6
20150306,11.6
20150307,8.8
20150308,8.9
20150309,17.9
20150310,46.2
20150311,70.3
20150312,74.3
20150313,81.4
20150314,81.9
20150315,70.1
20150316,81
20150317,74.9
20150318,74.5
20150319,73.7
20150320,67.2
20150321,55.6
20150322,46.7
20150323,44.5
20150324,38.9
20150325,35
20150326,32.9
20150327,27.6
20150328,14.3
20150329,10.4
20150330,4.4
20150331,5.7
20150401,10.4
20150402,26.3
20150403,50
20150404,32.5
20150405,11.3
20150406,0
20150407,0
20150408,5
20150409,4.8
20150410,12.9
20150411,11.7
20150412,10.2
20150413,17.6
20150414,12.7
20150415,13.3
20150416,31.7
20150417,40.7
20150418,9.9
20150419,5.6
20150420,4.4
20150421,4.2
20150422,0
20150423,0
20150424,0
20150425,4.5
20150426,5.2
20150427,4.2
20150428,0
20150429,0
20150430,0
20150501,0
20150502,0
20150503,0
20150504,0
20150505,0
20150506,0
20150507,0
20150508,0
20150509,0
20150510,0
20150511,0
20150512,0
20150513,0
20150514,0
20150515,0
20150516,0
20150517,0
20150518,0
20150519,0
20150520,0
20150521,0
20150522,0
20150523,0
20150524,0
20150525,0
20150526,0
20150527,0
20150528,0
20150529,0
20150530,0
20150531,0
20150601,0
20150602,0
20150603,0
20150604,0
20150605,0
20150606,0
20150607,0
20150608,0
20150609,0
20150610,0
20150611,0
20150612,0
20150613,0
20150614,0
20150615,0
20150616,0
20150617,0
20150618,0
20150619,0
20150620,0
20150621,0
20150622,0
20150623,0
20150624,0
20150625,0
20150626,0
20150627,0
20150628,0
20150629,0
20150630,0
20150701,0
20150702,0
20150703,0
20150704,0
20150705,0
20150706,0
20150707,0
20150708,0
20150709,0
20150710,0
20150711,0
20150712,0
20150713,0
20150714,0
20150715,0
20150716,0
20150717,0
20150718,0
20150719,0
20150720,0
20150721,0
20150722,0
20150723,0
20150724,0
20150725,0
20150726,0
20150727,0
20150728,0
20150729,0
20150730,0
20150731,0
20150801,0
20150802,0
20150803,0
20150804,0
20150805,0
20150806,0
20150807,0
20150808,0
20150809,0
20150810,0
20150811,0
20150812,0
20150813,0
20150814,0
20150815,0
20150816,0
20150817,0
20150818,0
20150819,0
20150820,0
20150821,0
20150822,0
20150823,0
20150824,0
20150825,0
20150826,0
20150827,0
20150828,0
20150829,0
20150830,0
20150831,0
20150901,0
20150902,0
20150903,0
20150904,0
20150905,0
20150906,0
20150907,0
20150908,0
20150909,0
20150910,0
20150911,0
20150912,0
20150913,0
20150914,0
20150915,0
20150916,0
20150917,0
20150918,0
20150919,0
20150920,0
20150921,0
20150922,0
20150923,0
20150924,0
20150925,0
20150926,0
20150927,0
20150928,0
20150929,0
20150930,0
20151001,0
20151002,0
20151003,0
20151004,0
20151005,0
20151006,0
20151007,0
20151008,0
20151009,0
20151010,0
20151011,0
20151012,0
20151013,0
20151014,0
20151015,0
20151016,0
20151017,0
20151018,0
20151019,0
20151020,0
20151021,0
20151022,0
20151023,0
20151024,0
20151025,0
20151026,0
20151027,0
20151028,0
20151029,0
20151030,0
20151031,0
20151101,0
20151102,0
20151103,0
20151104,0
20151105,0
20151106,0
20151107,0
20151108,0
20151109,0
20151110,0
20151111,0
20151112,0
20151113,0
20151114,0
20151115,0
20151116,3.2
20151117,4
20151118,4.9
20151119,0
20151120,0
20151121,0
20151122,0
20151123,0
20151124,0
20151125,0
20151126,0
20151127,0
20151128,0
20151129,0
20151130,0
20151201,0
20151202,16.6
20151203,21.3
20151204,17.7
20151205,17.4
20151206,12.9
20151207,18.8
20151208,20.3
20151209,20.3
20151210,39.1
20151211,34.6
20151212,43.1
20151213,45
20151214,17.7
20151215,9.3
20151216,9.3
20151217,17
20151218,28.2
20151219,20.6
20151220,13.5
20151221,13.3
20151222,13.8
20151223,16.3
20151224,22.7
20151225,26
20151226,21.4
20151227,22.4
20151228,15.3
20151229,11.6
20151230,13.6
20151231,0
20160101,0
20160102,6.6
20160103,4.9
20160104,5.9
20160105,0
20160106,0
20160107,0
20160108,0
20160109,0
20160110,0
20160111,0
20160112,4.8
20160113,8.6
20160114,9.1
20160115,13.2
20160116,22.3
20160117,40.7
20160118,40
20160119,46.8
20160120,51.2
20160121,57.3
20160122,58.7
20160123,56.7
20160124,56.1
20160125,55.4
20160126,48.4
20160127,45.8
20160128,45
20160129,37.6
20160130,26.5
20160131,14.2
20160201,6.1
20160202,4.8
20160203,11.7
20160204,19.5
20160205,24
20160206,19.1
20160207,18.2
20160208,20.9
20160209,21.2
20160210,20.3
20160211,35.7
20160212,40.1
20160213,33.1
20160214,25.7
20160215,34.7
20160216,34.8
20160217,13.4
20160218,14.3
20160219,18.9
20160220,31.2
20160221,34.8
20160222,34
20160223,30.7
20160224,32.6
20160225,24.4
20160226,21
20160227,13.6
20160228,9
20160229,5.1
20160301,5.1
20160302,0
20160303,0
20160304,3.7
20160305,20.4
20160306,24.2
20160307,28.8
20160308,31.3
20160309,43.7
20160310,37.2
20160311,20.9
20160312,20
20160313,23
20160314,25.1
20160315,33.2
20160316,48.5
20160317,49.2
20160318,43.9
20160319,45.5
20160320,59
20160321,62.9
20160322,51.1
20160323,45.4
20160324,35.9
20160325,21.4
20160326,17.3
20160327,15.8
20160328,28.6
20160329,41
20160330,44.2
20160331,11.1
20160401,8.7
20160402,5.6
20160403,5.3
20160404,0
20160405,0
20160406,0
20160407,0
20160408,0
20160409,0
20160410,0
20160411,0
20160412,0
20160413,0
20160414,0
20160415,0
20160416,0
20160417,0
20160418,0
20160419,0
20160420,0
20160421,0
20160422,0
20160423,0
20160424,0
20160425,0
20160426,0
20160427,0
20160428,0
20160429,0
20160430,0
20160501,0
20160502,0
20160503,0
20160504,0
20160505,0
20160506,0
20160507,0
20160508,0
20160509,0
20160510,0
20160511,0
20160512,0
20160513,0
20160514,0
20160515,0
20160516,0
20160517,0
20160518,0
20160519,0
20160520,0
20160521,0
20160522,0
20160523,0
20160524,0
20160525,0
20160526,0
20160527,0
20160528,0
20160529,0
20160530,0
20160531,0
20160601,0
20160602,0
20160603,0
20160604,0
20160605,0
20160606,0
20160607,0
20160608,0
20160609,0
20160610,0
20160611,0
20160612,0
20160613,0
20160614,0
20160615,0
20160616,0
20160617,0
20160618,0
20160619,0
20160620,0
20160621,0
20160622,0
20160623,0
20160624,0
20160625,0
20160626,0
20160627,0
20160628,0
20160629,0
20160630,0
20160701,0
20160702,0
20160703,0
20160704,0
20160705,0
20160706,0
20160707,0
20160708,0
20160709,0
20160710,0
20160711,0
20160712,0
20160713,0
20160714,0
20160715,0
20160716,0
20160717,0
20160718,0
20160719,0
20160720,0
20160721,0
20160722,0
20160723,0
20160724,0
20160725,0
20160726,0
20160727,0
20160728,0
20160729,0
20160730,0
20160731,0
20160801,0
20160802,0
20160803,0
20160804,0
20160805,0
20160806,0
20160807,0
20160808,0
20160809,0
20160810,0
20160811,0
20160812,0
20160813,0
20160814,0
20160815,0
20160816,0
20160817,0
20160818,0
20160819,0
20160820,0
20160821,0
20160822,0
20160823,0
20160824,0
20160825,0
20160826,0
20160827,0
20160828,0
20160829,0
20160830,0
20160831,0
20160901,0
20160902,0
20160903,0
20160904,0
20160905,0
20160906,0
20160907,0
20160908,0
20160909,0
20160910,0
20160911,0
20160912,0
20160913,0
20160914,0
20160915,0
20160916,0
20160917,0
20160918,0
20160919,0
20160920,0
20160921,0
20160922,0
20160923,0
20160924,0
20160925,0
20160926,0
20160927,0
20160928,0
20160929,0
20160930,0
20161001,0
20161002,0
20161003,0
20161004,0
20161005,0
20161006,0
20161007,0
20161008,0
20161009,0
20161010,0
20161011,0
20161012,0
20161013,0
20161014,0
20161015,0
20161016,0
20161017,0
20161018,0
20161019,0
20161020,0
20161021,0
20161022,0
20161023,0
20161024,0
20161025,0
20161026,0
20161027,0
20161028,0
20161029,0
20161030,0
20161031,0
20161101,0
20161102,0
20161103,0
20161104,0
20161105,0
20161106,0
20161107,0
20161108,0
20161109,0
20161110,5.2
20161111,0
20161112,0
20161113,0
20161114,0
20161115,0
20161116,0
20161117,0
20161118,0
20161119,0
20161120,3.1
20161121,9
20161122,11.8
20161123,10.1
20161124,14.4
20161125,9.6
20161126,11.8
20161127,21.5
20161128,23.8
20161129,25.5
20161130,33.2
20161201,47.1
20161202,62.7
20161203,63.2
20161204,61.2
20161205,45
20161206,59.8
20161207,68.9
20161208,70.3
20161209,76.2
20161210,80.7
20161211,82.9
20161212,62.8
20161213,25.9
20161214,17.4
20161215,12.4
20161216,13.6
20161217,11.8
20161218,10.8
20161219,19.2
20161220,42.5
20161221,56.4
20161222,67.3
20161223,54.8
20161224,48.4
20161225,21.8
20161226,20.5
20161227,25.5
20161228,39.9
20161229,14.4
20161230,13.5
20161231,13.7
20170101,0
20170102,0
20170103,0
20170104,11.4
20170105,18.1
20170106,16.5
20170107,16.4
20170108,27.4
20170109,41.8
20170110,50.9
20170111,52.5
20170112,53.7
20170113,69.5
20170114,80.4
20170115,83.2
20170116,90.7
20170117,93.5
20170118,94.6
20170119,88.1
20170120,87.8
20170121,91.9
20170122,94.3
20170123,92
20170124,93
20170125,87.4
20170126,85.2
20170127,93.8
20170128,97.1
20170129,97.9
20170130,85
20170131,68.2
20170201,74.6
20170202,84.8
20170203,88.4
20170204,92.3
20170205,93.3
20170206,91.7
20170207,95.5
20170208,80.3
20170209,88.3
20170210,87.7
20170211,89.2
20170212,92.5
20170213,86.1
20170214,88.3
20170215,85
20170216,84
20170217,84.9
20170218,86.8
20170219,91.4
20170220,87.5
20170221,88.5
20170222,98
20170223,96.3
20170224,93.4
20170225,89.5
20170226,87.3
20170227,91
20170228,88.7
20170301,89.4
20170302,87.1
20170303,91
20170304,90.8
20170305,89.7
20170306,96.7
20170307,95.6
20170308,92.3
20170309,96.6
20170310,99.6
20170311,95.3
20170312,71.3
20170313,71.4
20170314,92.1
20170315,83
20170316,79.5
20170317,88.4
20170318,81.6
20170319,90.5
20170320,88.6
20170321,88.2
20170322,83.2
20170323,83.6
20170324,87.1
20170325,86.2
20170326,77.5
20170327,77
20170328,74.6
20170329,86.8
20170330,80
20170331,56.9
20170401,59.9
20170402,70.7
20170403,79.5
20170404,70.3
20170405,52
20170406,42.4
20170407,39
20170408,34.4
20170409,36.1
20170410,30.5
20170411,26.2
20170412,20.5
20170413,6.6
20170414,5.5
20170415,6.1
20170416,9.6
20170417,18.5
20170418,13.1
20170419,11.5
20170420,11.9
20170421,7.9
20170422,0
20170423,0
20170424,0
20170425,11.7
20170426,10.9
20170427,4.6
20170428,0
20170429,0
20170430,0
20170501,0
20170502,0
20170503,4.7
20170504,3.6
20170505,0
20170506,0
20170507,0
20170508,0
20170509,0
20170510,0
20170511,0
20170512,0
20170513,0
20170514,0
20170515,0
20170516,0
20170517,0
20170518,0
20170519,0
20170520,0
20170521,0
20170522,0
20170523,0
20170524,0
20170525,0
20170526,0
20170527,0
20170528,0
20170529,0
20170530,0
20170531,0
20170601,0
20170602,0
20170603,0
20170604,0
20170605,0
20170606,0
20170607,0
20170608,0
20170609,0
20170610,0
20170611,0
20170612,0
20170613,0
20170614,0
20170615,0
20170616,0
20170617,0
20170618,0
20170619,0
20170620,0
20170621,0
20170622,0
20170623,0
20170624,0
20170625,0
20170626,0
20170627,0
20170628,0
20170629,0
20170630,0
20170701,0
20170702,0
20170703,0
20170704,0
20170705,0
20170706,0
20170707,0
20170708,0
20170709,0
20170710,0
20170711,0
20170712,0
20170713,0
20170714,0
20170715,0
20170716,0
20170717,0
20170718,0
20170719,0
20170720,0
20170721,0
20170722,0
20170723,0
20170724,0
20170725,0
20170726,0
20170727,0
20170728,0
20170729,0
20170730,0
20170731,0
20170801,0
20170802,0
20170803,0
20170804,0
20170805,0
20170806,0
20170807,0
20170808,0
20170809,0
20170810,0
20170811,0
20170812,0
20170813,0
20170814,0
20170815,0
20170816,0
20170817,0
20170818,0
20170819,0
20170820,0
20170821,0
20170822,0
20170823,0
20170824,0
20170825,0
20170826,0
20170827,0
20170828,0
20170829,0
20170830,0
20170831,0
20170901,0
20170902,0
20170903,0
20170904,0
20170905,0
20170906,0
20170907,0
20170908,0
20170909,0
20170910,0
20170911,0
20170912,0
20170913,0
20170914,0
20170915,0
20170916,0
20170917,0
20170918,0
20170919,0
20170920,0
20170921,0
20170922,0
20170923,0
20170924,0
20170925,0
20170926,0
20170927,0
20170928,0
20170929,0
20170930,0
20171001,0
20171002,0
20171003,0
20171004,0
20171005,0
20171006,0
20171007,0
20171008,0
20171009,0
20171010,0
20171011,0
20171012,0
20171013,0
20171014,0
20171015,0
20171016,0
20171017,0
20171018,0
20171019,0
20171020,0
20171021,0
20171022,0
20171023,0
20171024,0
20171025,0
20171026,0
20171027,0
20171028,0
20171029,0
20171030,0
20171031,0
20171101,0
20171102,0
20171103,0
20171104,0
20171105,0
20171106,0
20171107,0
20171108,0
20171109,0
20171110,0
20171111,0
20171112,0
20171113,0
20171114,0
20171115,0
20171116,0
20171117,0
20171118,0
20171119,0
20171120,0
20171121,0
20171122,0
20171123,0
20171124,0
20171125,0
20171126,0
20171127,0
20171128,0
20171129,0
20171130,0
20171201,0
20171202,0
20171203,0
20171204,0
20171205,0
20171206,0
20171207,0
20171208,0
20171209,0
20171210,10.2
20171211,12.6
20171212,0
20171213,4.9
20171214,3.5
20171215,5.6
20171216,0
20171217,0
20171218,0
20171219,0
20171220,0
20171221,0
20171222,0
20171223,0
20171224,0
20171225,0
20171226,0
20171227,0
20171228,3.4
20171229,8.1
20171230,12.2
20171231,12.7
20180101,0
20180102,12
20180103,12.1
20180104,8.9
20180105,5.9
20180106,0
20180107,5.4
20180108,4.6
20180109,5.3
20180110,9.8
20180111,10.2
20180112,4.7
20180113,0
20180114,5.8
20180115,5.6
20180116,0
20180117,11.1
20180118,27.2
20180119,31
20180120,47.4
20180121,63.1
20180122,68.1
20180123,78
20180124,81.4
20180125,80.9
20180126,76.7
20180127,81.3
20180128,86.6
20180129,87
20180130,89.5
20180131,86.9
20180201,85.4
20180202,94.4
20180203,94.7
20180204,78
20180205,89.9
20180206,79
20180207,78.5
20180208,67.1
20180209,40
20180210,13.1
20180211,11.8
20180212,12.8
20180213,4.8
20180214,5.8
20180215,17.3
20180216,12.9
20180217,11.6
20180218,0
20180219,0
20180220,0
20180221,0
20180222,10.9
20180223,12.4
20180224,12.1
20180225,11.7
20180226,10.4
20180227,8.7
20180228,21.5
20180301,27.8
20180302,34.8
20180303,36.3
20180304,30.1
20180305,8.3
20180306,10.4
20180307,5.6
20180308,11.5
20180309,16.2
20180310,47.5
20180311,72.1
20180312,72.4
20180313,87.2
20180314,84.4
20180315,79.7
20180316,75
20180317,67.1
20180318,72.1
20180319,67.9
20180320,66
20180321,70.1
20180322,54.9
20180323,32.2
20180324,33.2
20180325,29.2
20180326,6.4
20180327,15
20180328,8.8
20180329,10.1
20180330,11.7
20180331,13.9
20180401,22.6
20180402,17
20180403,15.6
20180404,14.8
20180405,21.4
20180406,24.6
20180407,17.2
20180408,18.2
20180409,10.7
20180410,0
20180411,0
20180412,0
20180413,0
20180414,0
20180415,0
20180416,0
20180417,0
20180418,0
20180419,0
20180420,0
20180421,0
20180422,0
20180423,0
20180424,0
20180425,0
20180426,0
20180427,0
20180428,0
20180429,0
20180430,0
20180501,0
20180502,0
20180503,0
20180504,0
20180505,0
20180506,0
20180507,0
20180508,0
20180509,0
20180510,0
20180511,0
20180512,0
20180513,0
20180514,0
20180515,0
20180516,0
20180517,0
20180518,0
20180519,0
20180520,0
20180521,0
20180522,0
20180523,0
20180524,0
20180525,0
20180526,0
20180527,0
20180528,0
20180529,0
20180530,0
20180531,0
20180601,0
20180602,0
20180603,0
20180604,0
20180605,0
20180606,0
20180607,0
20180608,0
20180609,0
20180610,0
20180611,0
20180612,0
20180613,0
20180614,0
20180615,0
20180616,0
20180617,0
20180618,0
20180619,0
20180620,0
20180621,0
20180622,0
20180623,0
20180624,0
20180625,0
20180626,0
20180627,0
20180628,0
20180629,0
20180630,0
20180701,0
20180702,0
20180703,0
20180704,0
20180705,0
20180706,0
20180707,0
20180708,0
20180709,0
20180710,0
20180711,0
20180712,0
20180713,0
20180714,0
20180715,0
20180716,0
20180717,0
20180718,0
20180719,0
20180720,0
20180721,0
20180722,0
20180723,0
20180724,0
20180725,0
20180726,0
20180727,0
20180728,0
20180729,0
20180730,0
20180731,0
20180801,0
20180802,0
20180803,0
20180804,0
20180805,0
20180806,0
20180807,0
20180808,0
20180809,0
20180810,0
20180811,0
20180812,0
20180813,0
20180814,0
20180815,0
20180816,0
20180817,0
20180818,0
20180819,0
20180820,0
20180821,0
20180822,0
20180823,0
20180824,0
20180825,0
20180826,0
20180827,0
20180828,0
20180829,0
20180830,0
20180831,0
20180901,0
20180902,0
20180903,0
20180904,0
20180905,0
20180906,0
20180907,0
20180908,0
20180909,0
20180910,0
20180911,0
20180912,0
20180913,0
20180914,0
20180915,0
20180916,0
20180917,0
20180918,0
20180919,0
20180920,0
20180921,0
20180922,0
20180923,0
20180924,0
20180925,0
20180926,0
20180927,0
20180928,0
20180929,0
20180930,0
20181001,0
20181002,0
20181003,0
20181004,0
20181005,0
20181006,0
20181007,0
20181008,0
20181009,0
20181010,0
20181011,0
20181012,0
20181013,0
20181014,0
20181015,0
20181016,0
20181017,0
20181018,0
20181019,0
20181020,0
20181021,0
20181022,0
20181023,0
20181024,0
20181025,0
20181026,0
20181027,0
20181028,0
20181029,0
20181030,0
20181031,0
20181101,0
20181102,0
20181103,0
20181104,0
20181105,0
20181106,0
20181107,0
20181108,0
20181109,0
20181110,0
20181111,0
20181112,0
20181113,0
20181114,0
20181115,0
20181116,0
20181117,0
20181118,0
20181119,0
20181120,0
20181121,0
20181122,0
20181123,0
20181124,0
20181125,0
20181126,0
20181127,0
20181128,3.8
20181129,3.8
20181130,0
20181201,0
20181202,0
20181203,0
20181204,0
20181205,0
20181206,0
20181207,0
20181208,0
20181209,0
20181210,4.1
20181211,8.4
20181212,9.1
20181213,9
20181214,22.6
20181215,36.5
20181216,39.7
20181217,40.6
20181218,43.8
20181219,47.8
20181220,49.5
20181221,61
20181222,67
20181223,74.1
20181224,73.5
20181225,75.6
20181226,83.6
20181227,81.2
20181228,84.5
20181229,88.8
20181230,83
20181231,84.8
20190101,76.4
20190102,88.8
20190103,89.4
20190104,86.8
20190105,93.4
20190106,77.6
20190107,75.5
20190108,64.6
20190109,81.9
20190110,90
20190111,92.5
20190112,93.2
20190113,90.6
20190114,78.4
20190115,54.5
20190116,50.1
20190117,65.2
20190118,72.3
20190119,83.2
20190120,88
20190121,90.3
20190122,84.4
20190123,79.1
20190124,76.9
20190125,60.2
20190126,49.1
20190127,15.6
20190128,12.6
20190129,12.8
20190130,16.9
20190131,16.7
20190201,10.9
20190202,0
20190203,4.9
20190204,10.1
20190205,12.9
20190206,12.2
20190207,0
20190208,5.8
20190209,9.6
20190210,10.9
20190211,4.4
20190212,6
20190213,9
20190214,11.2
20190215,10.7
20190216,0
20190217,0
20190218,4.8
20190219,9.7
20190220,13.4
20190221,11
20190222,13.7
20190223,11.8
20190224,0
20190225,0
20190226,0
20190227,12
20190228,5.9
20190301,6.2
20190302,5.1
20190303,7.9
20190304,0
20190305,0
20190306,0
20190307,0
20190308,0
20190309,0
20190310,0
20190311,0
20190312,0
20190313,0
20190314,11.5
20190315,4.9
20190316,4
20190317,8.9
20190318,7
20190319,14.3
20190320,15.6
20190321,12.5
20190322,21.9
20190323,17.8
20190324,0
20190325,0
20190326,0
20190327,0
20190328,0
20190329,0
20190330,0
20190331,0
20190401,0
20190402,0
20190403,0
20190404,0
20190405,0
20190406,0
20190407,0
20190408,0
20190409,0
20190410,0
20190411,0
20190412,0
20190413,0
20190414,0
20190415,0
20190416,0
20190417,0
20190418,0
20190419,0
20190420,0
20190421,0
20190422,0
20190423,0
20190424,0
20190425,0
20190426,0
20190427,0
20190428,0
20190429,0
20190430,0
20190501,0
20190502,0
20190503,0
20190504,0
20190505,0
20190506,0
20190507,0
20190508,0
20190509,0
20190510,0
20190511,0
20190512,0
20190513,0
20190514,0
20190515,0
20190516,0
20190517,0
20190518,0
20190519,0
20190520,0
20190521,0
20190522,0
20190523,0
20190524,0
20190525,0
20190526,0
20190527,0
20190528,0
20190529,0
20190530,0
20190531,0
20190601,0
20190602,0
20190603,0
20190604,0
20190605,0
20190606,0
20190607,0
20190608,0
20190609,0
20190610,0
20190611,0
20190612,0
20190613,0
20190614,0
20190615,0
20190616,0
20190617,0
20190618,0
20190619,0
20190620,0
20190621,0
20190622,0
20190623,0
20190624,0
20190625,0
20190626,0
20190627,0
20190628,0
20190629,0
20190630,0
20190701,0
20190702,0
20190703,0
20190704,0
20190705,0
20190706,0
20190707,0
20190708,0
20190709,0
20190710,0
20190711,0
20190712,0
20190713,0
20190714,0
20190715,0
20190716,0
20190717,0
20190718,0
20190719,0
20190720,0
20190721,0
20190722,0
20190723,0
20190724,0
20190725,0
20190726,0
20190727,0
20190728,0
20190729,0
20190730,0
20190731,0
20190801,0
20190802,0
20190803,0
20190804,0
20190805,0
20190806,0
20190807,0
20190808,0
20190809,0
20190810,0
20190811,0
20190812,0
20190813,0
20190814,0
20190815,0
20190816,0
20190817,0
20190818,0
20190819,0
20190820,0
20190821,0
20190822,0
20190823,0
20190824,0
20190825,0
20190826,0
20190827,0
20190828,0
20190829,0
20190830,0
20190831,0
20190901,0
20190902,0
20190903,0
20190904,0
20190905,0
20190906,0
20190907,0
20190908,0
20190909,0
20190910,0
20190911,0
20190912,0
20190913,0
20190914,0
20190915,0
20190916,0
20190917,0
20190918,0
20190919,0
20190920,0
20190921,0
20190922,0
20190923,0
20190924,0
20190925,0
20190926,0
20190927,0
20190928,0
20190929,0
20190930,0
20191001,0
20191002,0
20191003,0
20191004,0
20191005,0
20191006,0
20191007,0
20191008,0
20191009,0
20191010,0
20191011,0
20191012,0
20191013,0
20191014,0
20191015,0
20191016,0
20191017,0
20191018,0
20191019,0
20191020,0
20191021,0
20191022,0
20191023,0
20191024,0
20191025,0
20191026,0
20191027,0
20191028,0
20191029,0
20191030,0
20191031,0
20191101,0
20191102,0
20191103,0
20191104,0
20191105,0
20191106,0
20191107,0
20191108,0
20191109,0
20191110,0
20191111,0
20191112,0
20191113,0
20191114,0
20191115,0
20191116,0
20191117,4
20191118,4.4
20191119,6.5
20191120,0
20191121,0
20191122,0
20191123,0
20191124,0
20191125,0
20191126,0
20191127,0
20191128,0
20191129,0
20191130,0
20191201,0
20191202,0
20191203,0
20191204,0
20191205,0
20191206,0
20191207,0
20191208,0
20191209,0
20191210,0
20191211,0
20191212,0
20191213,0
20191214,0
20191215,0
20191216,0
20191217,0
20191218,4.2
20191219,12.6
20191220,13.6
20191221,12.2
20191222,16.4
20191223,17.5
20191224,25.6
20191225,38.1
20191226,47.8
20191227,60.6
20191228,68.1
20191229,74.8
20191230,79.1
20191231,75.5
20200101,77
20200102,80.4
20200103,89.3
20200104,90.4
20200105,92.1
20200106,93.7
20200107,94
20200108,93.4
20200109,91.9
20200110,93.5
20200111,82.3
20200112,80.4
20200113,84.8
20200114,96
20200115,98.6
20200116,95.1
20200117,94.1
20200118,96.4
20200119,98.4
20200120,99
20200121,95
20200122,98.2
20200123,98.9
20200124,99.8
20200125,99.9
20200126,96.8
20200127,91.3
20200128,91.1
20200129,86.3
20200130,87.6
20200131,90.3
20200201,92.9
20200202,87.3
20200203,82.5
20200204,80.4
20200205,83.9
20200206,92
20200207,94.9
20200208,93.7
20200209,100
20200210,100
20200211,100
20200212,99.2
20200213,96
20200214,97.3
20200215,93.9
20200216,97.1
20200217,95.8
20200218,78.8
20200219,89.2
20200220,92.3
20200221,96
20200222,98.3
20200223,96.2
20200224,96.5
20200225,97.4
20200226,92.2
20200227,97.7
20200228,99.3
20200229,92.6
20200301,95.3
20200302,97.4
20200303,95.1
20200304,91.4
20200305,93.4
20200306,94.5
20200307,94.8
20200308,93.9
20200309,93.5
20200310,93.3
20200311,98.2
20200312,96.2
20200313,91.5
20200314,82.9
20200315,79.2
20200316,73.9
20200317,77.2
20200318,76.6
20200319,78.6
20200320,85.2
20200321,83.9
20200322,84.8
20200323,86.1
20200324,86.4
20200325,95.2
20200326,89.8
20200327,89.2
20200328,90
20200329,92.7
20200330,87.8
20200331,91.1
20200401,79
20200402,79.6
20200403,82.7
20200404,96.7
20200405,88
20200406,90.9
20200407,93.4
20200408,91.9
20200409,90.9
20200410,92.9
20200411,88.8
20200412,92.6
20200413,82.6
20200414,84.3
20200415,71.3
20200416,56.5
20200417,15.1
20200418,9.6
20200419,20
20200420,27.8
20200421,28.1
20200422,13.9
20200423,14.8
20200424,14.6
20200425,11.8
20200426,12.8
20200427,10.1
20200428,10.3
20200429,6.8
20200430,6.1
20200501,9.9
20200502,11.6
20200503,11.4
20200504,5.4
20200505,3.9
20200506,0
20200507,0
20200508,0
20200509,0
20200510,0
20200511,0
20200512,0
20200513,0
20200514,0
20200515,0
20200516,0
20200517,0
20200518,0
20200519,0
20200520,0
20200521,0
20200522,0
20200523,0
20200524,0
20200525,0
20200526,0
20200527,0
20200528,0
20200529,0
20200530,0
20200531,0
20200601,0
20200602,0
20200603,0
20200604,0
20200605,0
20200606,0
20200607,0
20200608,0
20200609,0
20200610,0
20200611,0
20200612,0
20200613,0
20200614,0
20200615,0
20200616,0
20200617,0
20200618,0
20200619,0
20200620,0
20200621,0
20200622,0
20200623,0
20200624,0
20200625,0
20200626,0
20200627,0
20200628,0
20200629,0
20200630,0
20200701,0
20200702,0
20200703,0
20200704,0
20200705,0
20200706,0
20200707,0
20200708,0
20200709,0
20200710,0
20200711,0
20200712,0
20200713,0
20200714,0
20200715,0
20200716,0
20200717,0
20200718,0
20200719,0
20200720,0
20200721,0
20200722,0
20200723,0
20200724,0
20200725,0
20200726,0
20200727,0
20200728,0
20200729,0
20200730,0
20200731,0
20200801,0
20200802,0
20200803,0
20200804,0
20200805,0
20200806,0
20200807,0
20200808,0
20200809,0
20200810,0
20200811,0
20200812,0
20200813,0
20200814,0
20200815,0
20200816,0
20200817,0
20200818,0
20200819,0
20200820,0
20200821,0
20200822,0
20200823,0
20200824,0
20200825,0
20200826,0
20200827,0
20200828,0
20200829,0
20200830,0
20200831,0
20200901,0
20200902,0
20200903,0
20200904,0
20200905,0
20200906,0
20200907,0
20200908,0
20200909,0
20200910,0
20200911,0
20200912,0
20200913,0
20200914,0
20200915,0
20200916,0
20200917,0
20200918,0
20200919,0
20200920,0
20200921,0
20200922,0
20200923,0
20200924,0
20200925,0
20200926,0
20200927,0
20200928,0
20200929,0
20200930,0
20201001,0
20201002,0
20201003,0
20201004,0
20201005,0
20201006,0
20201007,0
20201008,0
20201009,0
20201010,0
20201011,0
20201012,0
20201013,0
20201014,0
20201015,0
20201016,0
20201017,0
20201018,0
20201019,0
20201020,0
20201021,0
20201022,0
20201023,0
20201024,0
20201025,0
20201026,0
20201027,0
20201028,0
20201029,0
20201030,0
20201031,0
20201101,0
20201102,0
20201103,0
20201104,0
20201105,0
20201106,0
20201107,0
20201108,0
20201109,0
20201110,0
20201111,0
20201112,0
20201113,0
20201114,0
20201115,0
20201116,0
20201117,0
20201118,0
20201119,0
20201120,0
20201121,0
20201122,0
20201123,0
20201124,0
20201125,0
20201126,0
20201127,0
20201128,0
20201129,0
20201130,7.6
20201201,26
20201202,29.5
20201203,32.6
20201204,28.1
20201205,34
20201206,40.6
20201207,57.1
20201208,54.3
20201209,60.6
20201210,64.6
20201211,50.9
20201212,53.5
20201213,20
20201214,25.4
20201215,32.6
20201216,35.7
20201217,44.4
20201218,53.4
20201219,51
20201220,54.9
20201221,55.3
20201222,15.2
20201223,15.9
20201224,14.5
20201225,19.5
20201226,34.4
20201227,32.5
20201228,12
20201229,10.4
20201230,10.3
20201231,14.6
20210101,12.6
20210102,5.8
20210103,20.3
20210104,25.8
20210105,36
20210106,49
20210107,58.7
20210108,71.7
20210109,74.6
20210110,73.6
20210111,77.3
20210112,83.4
20210113,85.7
20210114,86.5
20210115,85.3
20210116,92.3
20210117,82.5
20210118,87.3
20210119,90
20210120,96.5
20210121,91
20210122,96
20210123,83.4
20210124,91.8
20210125,79.6
20210126,88.1
20210127,83.3
20210128,88.1
20210129,80
20210130,93.9
20210131,96.8
20210201,96
20210202,94.7
20210203,99.9
20210204,95.2
20210205,89
20210206,82.2
20210207,90.1
20210208,91.1
20210209,89.7
20210210,89
20210211,84.4
20210212,76
20210213,44.9
20210214,39.6
20210215,35.8
20210216,27.2
20210217,20.7
20210218,55.6
20210219,86
20210220,86.4
20210221,86.9
20210222,87.4
20210223,78.5
20210224,87.8
20210225,86
20210226,79.8
20210227,77
20210228,93.8
20210301,93.8
20210302,95.7
20210303,95
20210304,97.4
20210305,98.5
20210306,98.2
20210307,98.4
20210308,97.2
20210309,76.8
20210310,78.1
20210311,86.2
20210312,93.6
20210313,92.5
20210314,93.3
20210315,92.4
20210316,93.6
20210317,95.8
20210318,96.2
20210319,96.8
20210320,96.6
20210321,90
20210322,93
20210323,91.9
20210324,97
20210325,99.8
20210326,98.6
20210327,97.4
20210328,99.5
20210329,93.1
20210330,82.9
20210331,83.6
20210401,92.4
20210402,92.1
20210403,94.5
20210404,68.3
20210405,80.5
20210406,70.5
20210407,79.2
20210408,78.6
20210409,90.4
20210410,97.3
20210411,95
20210412,87.9
20210413,79.6
20210414,83.1
20210415,83.3
20210416,92.2
20210417,90.2
20210418,92.6
20210419,94
20210420,82.1
20210421,78.8
20210422,78
20210423,73.3
20210424,70.9
20210425,68.6
20210426,61.7
20210427,55.3
20210428,45
20210429,36.8
20210430,24.2
20210501,5.8
20210502,8.4
20210503,7.1
20210504,6.4
20210505,4
20210506,0
20210507,0
20210508,0
20210509,0
20210510,0
20210511,0
20210512,0
20210513,0
20210514,0
20210515,0
20210516,0
20210517,0
20210518,0
20210519,0
20210520,0
20210521,0
20210522,0
20210523,0
20210524,0
20210525,0
20210526,0
20210527,0
20210528,0
20210529,0
20210530,0
20210531,0
20210601,0
20210602,0
20210603,0
20210604,0
20210605,0
20210606,0
20210607,0
20210608,0
20210609,0
20210610,0
20210611,0
20210612,0
20210613,0
20210614,0
20210615,0
20210616,0
20210617,0
20210618,0
20210619,0
20210620,0
20210621,0
20210622,0
20210623,0
20210624,0
20210625,0
20210626,0
20210627,0
20210628,0
20210629,0
20210630,0
20210701,0
20210702,0
20210703,0
20210704,0
20210705,0
20210706,0
20210707,0
20210708,0
20210709,0
20210710,0
20210711,0
20210712,0
20210713,0
20210714,0
20210715,0
20210716,0
20210717,0
20210718,0
20210719,0
20210720,0
20210721,0
20210722,0
20210723,0
20210724,0
20210725,0
20210726,0
20210727,0
20210728,0
20210729,0
20210730,0
20210731,0
20210801,0
20210802,0
20210803,0
20210804,0
20210805,0
20210806,0
20210807,0
20210808,0
20210809,0
20210810,0
20210811,0
20210812,0
20210813,0
20210814,0
20210815,0
20210816,0
20210817,0
20210818,0
20210819,0
20210820,0
20210821,0
20210822,0
20210823,0
20210824,0
20210825,0
20210826,0
20210827,0
20210828,0
20210829,0
20210830,0
20210831,0
20210901,0
20210902,0
20210903,0
20210904,0
20210905,0
20210906,0
20210907,0
20210908,0
20210909,0
20210910,0
20210911,0
20210912,0
20210913,0
20210914,0
20210915,0
20210916,0
20210917,0
20210918,0
20210919,0
20210920,0
20210921,0
20210922,0
20210923,0
20210924,0
20210925,0
20210926,0
20210927,0
20210928,0
20210929,0
20210930,0
20211001,0
20211002,0
20211003,0
20211004,0
20211005,0
20211006,0
20211007,0
20211008,0
20211009,0
20211010,0
20211011,0
20211012,0
20211013,0
20211014,0
20211015,0
20211016,0
20211017,0
20211018,0
20211019,0
20211020,0
20211021,0
20211022,0
20211023,0
20211024,0
20211025,0
20211026,0
20211027,0
20211028,0
20211029,0
20211030,0
20211031,0
20211101,0
20211102,0
20211103,0
20211104,0
20211105,0
20211106,0
20211107,0
20211108,0
20211109,0
20211110,9.1
20211111,16.7
20211112,16
20211113,19.5
20211114,23.5
20211115,20.3
20211116,26
20211117,39.6
20211118,51.7
20211119,60
20211120,64.5
20211121,71.1
20211122,83.3
20211123,83.7
20211124,75.5
20211125,84.1
20211126,81.7
20211127,81
20211128,85.1
20211129,79.8
20211130,80.4
20211201,86
20211202,87.7
20211203,86.7
20211204,89.5
20211205,94.1
20211206,89.1
20211207,88.4
20211208,83.8
20211209,89.6
20211210,88.5
20211211,88.7
20211212,93.3
20211213,97
20211214,97.3
20211215,94.8
20211216,97.5
20211217,98.5
20211218,96.5
20211219,95.3
20211220,73.1
20211221,54.2
20211222,75
20211223,47.4
20211224,41.3
20211225,42.6
20211226,0
20211227,27
20211228,11.5
20211229,39
20211230,40.7
20211231,45.2
20220101,62.5
20220102,88.2
20220103,87.8
20220104,87.4
20220105,96.3
20220106,99.1
20220107,99.5
20220108,90.7
20220109,91.1
20220110,96.1
20220111,94.7
20220112,84.6
20220113,93
20220114,95
20220115,97.8
20220116,100
20220117,99.7
20220118,98.6
20220119,97.8
20220120,97.9
20220121,94.3
20220122,97.9
20220123,97.9
20220124,96
20220125,97.1
20220126,98.2
20220127,96.5
20220128,91.4
20220129,92.2
20220130,94.5
20220131,94.2
20220201,84.6
20220202,85.1
20220203,82.3
20220204,85.8
20220205,89
20220206,96.6
20220207,95.1
20220208,93.3
20220209,94
20220210,92.6
20220211,91.2
20220212,89.1
20220213,94.5
20220214,95.6
20220215,91.2
20220216,94.3
20220217,90.8
20220218,88.4
20220219,96.7
20220220,93.4
20220221,93.8
20220222,97.9
20220223,94.2
20220224,79.1
20220225,72.4
20220226,72.9
20220227,68.2
20220228,67.9
20220301,66.6
20220302,63.3
20220303,54.6
20220304,52.4
20220305,50.4
20220306,54.8
20220307,55
20220308,53.5
20220309,52.2
20220310,23.1
20220311,33
20220312,30.1
20220313,26.1
20220314,39.8
20220315,54.9
20220316,76
20220317,78
20220318,79.1
20220319,74.4
20220320,74.6
20220321,73.1
20220322,69.9
20220323,67
20220324,78.9
20220325,71.1
20220326,79.1
20220327,48.7
20220328,35.1
20220329,25.8
20220330,20.1
20220331,31.9
20220401,23
20220402,0
20220403,5
20220404,4.6
20220405,8.9
20220406,10.4
20220407,36.2
20220408,65.9
20220409,82.2
20220410,69.3
20220411,30.2
20220412,0
20220413,0
20220414,0
20220415,0
20220416,0
20220417,0
20220418,0
20220419,0
20220420,0
20220421,0
20220422,0
20220423,0
20220424,0
20220425,0
20220426,0
20220427,0
20220428,0
20220429,0
20220430,0
20220501,0
20220502,0
20220503,0
20220504,0
20220505,0
20220506,0
20220507,0
20220508,0
20220509,0
20220510,0
20220511,0
20220512,0
20220513,0
20220514,0
20220515,0
20220516,0
20220517,0
20220518,0
20220519,0
20220520,0
20220521,0
20220522,0
20220523,0
20220524,0
20220525,0
20220526,0
20220527,0
20220528,0
20220529,0
20220530,0
20220531,0
20220601,0
20220602,0
20220603,0
20220604,0
20220605,0
20220606,0
20220607,0
20220608,0
20220609,0
20220610,0
20220611,0
20220612,0
20220613,0
20220614,0
20220615,0
20220616,0
20220617,0
20220618,0
20220619,0
20220620,0
20220621,0
20220622,0
20220623,0
20220624,0
20220625,0
20220626,0
20220627,0
20220628,0
20220629,0
20220630,0
20220701,0
20220702,0
20220703,0
20220704,0
20220705,0
20220706,0
20220707,0
20220708,0
20220709,0
20220710,0
20220711,0
20220712,0
20220713,0
20220714,0
20220715,0
20220716,0
20220717,0
20220718,0
20220719,0
20220720,0
20220721,0
20220722,0
20220723,0
20220724,0
20220725,0
20220726,0
20220727,0
20220728,0
20220729,0
20220730,0
20220731,0
20220801,0
20220802,0
20220803,0
20220804,0
20220805,0
20220806,0
20220807,0
20220808,0
20220809,0
20220810,0
20220811,0
20220812,0
20220813,0
20220814,0
20220815,0
20220816,0
20220817,0
20220818,0
20220819,0
20220820,0
20220821,0
20220822,0
20220823,0
20220824,0
20220825,0
20220826,0
20220827,0
20220828,0
20220829,0
20220830,0
20220831,0
20220901,0
20220902,0
20220903,0
20220904,0
20220905,0
20220906,0
20220907,0
20220908,0
20220909,0
20220910,0
20220911,0
20220912,0
20220913,0
20220914,0
20220915,0
20220916,0
20220917,0
20220918,0
20220919,0
20220920,0
20220921,0
20220922,0
20220923,0
20220924,0
20220925,0
20220926,0
20220927,0
20220928,0
20220929,0
20220930,0
20221001,0
20221002,0
20221003,0
20221004,0
20221005,0
20221006,0
20221007,0
20221008,0
20221009,0
20221010,0
20221011,0
20221012,0
20221013,0
20221014,0
20221015,0
20221016,0
20221017,0
20221018,0
20221019,0
20221020,0
20221021,0
20221022,0
20221023,0
20221024,0
20221025,0
20221026,0
20221027,0
20221028,0
20221029,0
20221030,0
20221031,0
20221101,0
20221102,0
20221103,0
20221104,0
20221105,0
20221106,0
20221107,0
20221108,0
20221109,0
20221110,0
20221111,0
20221112,0
20221113,0
20221114,9
20221115,11.1
20221116,11.4
20221117,0
20221118,0
20221119,0
20221120,0
20221121,0
20221122,0
20221123,0
20221124,0
20221125,8.8
20221126,3.9
20221127,4.9
20221128,0
20221129,8.8
20221130,9.8
20221201,5.2
20221202,0
20221203,0
20221204,0
20221205,0
20221206,0
20221207,0
20221208,0
20221209,0
20221210,0
20221211,0
20221212,3.3
20221213,3.8
20221214,13
20221215,27.3
20221216,32.3
20221217,23.5
20221218,48.5
20221219,46.5
20221220,45.3
20221221,51.6
20221222,46.1
20221223,45
20221224,47.3
20221225,59.7
20221226,62
20221227,67.1
20221228,65.5
20221229,66
20221230,71.8
20221231,60.1
20230101,65.5
20230102,72.1
20230103,72.5
20230104,71.4
20230105,72.4
20230106,80.1
20230107,77.3
20230108,82.7
20230109,84
20230110,83.7
20230111,89.3
20230112,85.9
20230113,88.7
20230114,83.1
20230115,80.1
20230116,80.6
20230117,86.2
20230118,89.2
20230119,91.1
20230120,89.7
20230121,91.5
20230122,88
20230123,85.4
20230124,91.6
20230125,95.1
20230126,94.6
20230127,92.4
20230128,92.7
20230129,81.8
20230130,67.1
20230131,66.3
20230201,76.1
20230202,60.3
20230203,59.1
20230204,61
20230205,48.8
20230206,71.4
20230207,85.2
20230208,94
20230209,95.6
20230210,90.3
20230211,88.5
20230212,90.1
20230213,92.1
20230214,91.5
20230215,88.9
20230216,91.5
20230217,94.1
20230218,96.7
20230219,99.9
20230220,98.1
20230221,95.1
20230222,90.7
20230223,75.1
20230224,71.1
20230225,70.2
20230226,76.8
20230227,93.2
20230228,83.8
20230301,81.9
20230302,97.5
20230303,96
20230304,93.9
20230305,93.8
20230306,79.3
20230307,57.3
20230308,59.6
20230309,51.3
20230310,63.6
20230311,78.8
20230312,75.8
20230313,77.6
20230314,85.3
20230315,78.4
20230316,80
20230317,84.7
20230318,84.6
20230319,93.9
20230320,75.4
20230321,63.7
20230322,66.6
20230323,68.1
20230324,66.3
20230325,70.8
20230326,73.3
20230327,65.6
20230328,72.8
20230329,61.8
20230330,65
20230331,70.9
20230401,81
20230402,82.7
20230403,86
20230404,85.7
20230405,93.8
20230406,99.9
20230407,98.9
20230408,92.9
20230409,87.5
20230410,82.9
20230411,82.1
20230412,79
20230413,85.8
20230414,81.9
20230415,77.9
20230416,72.2
20230417,79.1
20230418,80.5
20230419,70.3
20230420,77.8
20230421,34.8
20230422,12.3
20230423,14.9
20230424,12.3
20230425,5.5
20230426,9.4
20230427,9.4
20230428,4.8
20230429,5.7
20230430,4.7
20230501,0
20230502,0
20230503,0
20230504,0
20230505,3.4
20230506,4.8
20230507,4.2
20230508,5.8
20230509,6.2
20230510,5.5
20230511,0
20230512,0
20230513,0
20230514,0
20230515,0
20230516,0
20230517,0
20230518,0
20230519,0
20230520,0
20230521,0
20230522,0
20230523,0
20230524,0
20230525,0
20230526,0
20230527,0
20230528,0
20230529,0
20230530,0
20230531,0
20230601,0
20230602,0
20230603,0
20230604,0
20230605,0
20230606,0
20230607,0
20230608,0
20230609,0
20230610,0
20230611,0
20230612,0
20230613,0
20230614,0
20230615,0
20230616,0
20230617,0
20230618,0
20230619,0
20230620,0
20230621,0
20230622,0
20230623,0
20230624,0
20230625,0
20230626,0
20230627,0
20230628,0
20230629,0
20230630,0
20230701,0
20230702,0
20230703,0
20230704,0
20230705,0
20230706,0
20230707,0
20230708,0
20230709,0
20230710,0
20230711,0
20230712,0
20230713,0
20230714,0
20230715,0
20230716,0
20230717,0
20230718,0
20230719,0
20230720,0
20230721,0
20230722,0
20230723,0
20230724,0
20230725,0
20230726,0
20230727,0
20230728,0
20230729,0
20230730,0
20230731,0
20230801,0
20230802,0
20230803,0
20230804,0
20230805,0
20230806,0
20230807,0
20230808,0
20230809,0
20230810,0
20230811,0
20230812,0
20230813,0
20230814,0
20230815,0
20230816,0
20230817,0
20230818,0
20230819,0
20230820,0
20230821,0
20230822,0
20230823,0
20230824,0
20230825,0
20230826,0
20230827,0
20230828,0
20230829,0
20230830,0
20230831,0
20230901,0
20230902,0
20230903,0
20230904,0
20230905,0
20230906,0
20230907,0
20230908,0
20230909,0
20230910,0
20230911,0
20230912,0
20230913,0
20230914,0
20230915,0
20230916,0
20230917,0
20230918,0
20230919,0
20230920,0
20230921,0
20230922,0
20230923,0
20230924,0
20230925,0
20230926,0
20230927,0
20230928,0
20230929,0
20230930,0
20231001,0
20231002,0
20231003,0
20231004,0
20231005,0
20231006,0
20231007,0
20231008,0
20231009,0
20231010,0
20231011,0
20231012,0
20231013,0
20231014,0
20231015,0
20231016,0
20231017,0
20231018,0
20231019,0
20231020,0
20231021,0
20231022,0
20231023,0
20231024,0
20231025,0
20231026,0
20231027,0
20231028,0
20231029,0
20231030,0
20231031,0
20231101,0
20231102,0
20231103,0
20231104,0
20231105,0
20231106,0
20231107,0
20231108,0
20231109,0
20231110,0
20231111,0
20231112,0
20231113,0
20231114,0
20231115,0
20231116,0
20231117,0
20231118,0
20231119,0
20231120,0
20231121,0
20231122,0
20231123,0
20231124,0
20231125,0
20231126,0
20231127,0
20231128,0
20231129,0
20231130,0
20231201,0
20231202,9.5
20231203,12.7
20231204,12.6
20231205,11
20231206,10.5
20231207,9.7
20231208,10.9
20231209,10.9
20231210,34.1
20231211,44.6
20231212,53.9
20231213,63.6
20231214,76.2
20231215,68.8
20231216,58.7
20231217,71.7
20231218,78.6
20231219,71.1
20231220,67.1
20231221,72.7
20231222,87.8
20231223,83.8
20231224,86.1
20231225,93.4
20231226,95.2
20231227,91.6
20231228,95.8
20231229,95.7
20231230,85.3
20231231,90
20240101,86.8
20240102,83.6
20240103,65.5
20240104,53.7
20240105,49.3
20240106,58.6
20240107,22.5
20240108,13.4
20240109,29.7
20240110,41.5
20240111,0
20240112,0
20240113,0
20240114,10.6
20240115,13
20240116,11
20240117,14.4
20240118,13.4
20240119,42.4
20240120,56.2
20240121,70.4
20240122,82.2
20240123,90
20240124,97.1
20240125,99.8
20240126,91.9
20240127,89.6
20240128,92.5
20240129,88.7
20240130,88.8
20240131,90.1
20240201,93
20240202,89
20240203,93.6
20240204,91
20240205,91.4
20240206,88.1
20240207,65.2
20240208,46.5
20240209,37.8
20240210,50.6
20240211,49.8
20240212,61.1
20240213,62.8
20240214,83.9
20240215,85.8
20240216,85.1
20240217,85
20240218,81.5
20240219,88.3
20240220,87.9
20240221,87.2
20240222,88.1
20240223,84.5
20240224,80
20240225,89.6
20240226,86.2
20240227,93.5
20240228,93.8
20240229,89.9
20240301,91.2
20240302,88.8
20240303,83.5
20240304,92.8
20240305,92
20240306,95.9
20240307,94.8
20240308,92.7
20240309,94.8
20240310,93.7
20240311,91
20240312,90.1
20240313,86.5
20240314,86.9
20240315,88.2
20240316,86.8
20240317,87.9
20240318,90
20240319,69.4
20240320,73.7
20240321,70.7
20240322,69.4
20240323,65.9
20240324,40.1
20240325,45.2
20240326,76.4
20240327,79.2
20240328,54.5
20240329,25.4
20240330,34
20240331,36.7
20240401,59.1
20240402,84.1
20240403,74.2
20240404,69.1
20240405,66.9
20240406,66.1
20240407,59.7
20240408,55.6
20240409,74.1
20240410,86.1
20240411,96.9
20240412,83.3
20240413,84.4
20240414,76.2
20240415,76.5
20240416,68.5
20240417,70.5
20240418,76.1
20240419,71
20240420,72.8
20240421,67.6
20240422,69.7
20240423,66.4
20240424,41.2
20240425,34.3
20240426,27.5
20240427,33
20240428,33.2
20240429,32.6
20240430,18.7
20240501,22.1
20240502,13.1
20240503,5.2
20240504,0
20240505,0
20240506,0
20240507,0
20240508,0
20240509,0
20240510,0
20240511,0
20240512,0
20240513,0
20240514,0
20240515,0
20240516,0
20240517,0
20240518,0
20240519,0
20240520,0
20240521,0
20240522,0
20240523,0
20240524,0
20240525,0
20240526,0
20240527,0
20240528,0
20240529,0
20240530,0
20240531,0
20240601,0
20240602,0
20240603,0
20240604,0
20240605,0
20240606,0
20240607,0
20240608,0
20240609,0
20240610,0
20240611,0
20240612,0
20240613,0
20240614,0
20240615,0
20240616,0
20240617,0
20240618,0
20240619,0
20240620,0
20240621,0
20240622,0
20240623,0
20240624,0
20240625,0
20240626,0
20240627,0
20240628,0
20240629,0
20240630,0
20240701,0
20240702,0
20240703,0
20240704,0
20240705,0
20240706,0
20240707,0
20240708,0
20240709,0
20240710,0
20240711,0
20240712,0
20240713,0
20240714,0
20240715,0
20240716,0
20240717,0
20240718,0
20240719,0
20240720,0
20240721,0
20240722,0
20240723,0
20240724,0
20240725,0
20240726,0
20240727,0
20240728,0
20240729,0
20240730,0
20240731,0
20240801,0
20240802,0
20240803,0
20240804,0
20240805,0
20240806,0
20240807,0
20240808,0
20240809,0
20240810,0
20240811,0
20240812,0
20240813,0
20240814,0
20240815,0
20240816,0
20240817,0
20240818,0
20240819,0
20240820,0
20240821,0
20240822,0
20240823,0
20240824,0
20240825,0
20240826,0
20240827,0
20240828,0
20240829,0
20240830,0
20240831,0
20240901,0
20240902,0
20240903,0
20240904,0
20240905,0
20240906,0
20240907,0
20240908,0
20240909,0
20240910,0
20240911,0
20240912,0
20240913,0
20240914,0
20240915,0
20240916,0
20240917,0
20240918,0
20240919,0
20240920,0
20240921,0
20240922,0
20240923,0
20240924,0
20240925,0
20240926,0
20240927,0
20240928,0
20240929,0
20240930,0
20241001,0
20241002,0
20241003,0
20241004,0
20241005,0
20241006,0
20241007,0
20241008,0
20241009,0
20241010,0
20241011,0
20241012,0
20241013,0
20241014,0
20241015,0
20241016,0
20241017,0
20241018,0
20241019,0
20241020,0
20241021,0
20241022,0
20241023,0
20241024,0
20241025,0
20241026,0
20241027,0
20241028,0
20241029,0
20241030,0
20241031,0
20241101,0
20241102,0
20241103,0
20241104,0
20241105,0
20241106,0
20241107,0
20241108,0
20241109,0
20241110,0
20241111,0
20241112,0
20241113,0
20241114,0
20241115,0
20241116,0
20241117,8
20241118,11.1
20241119,22.1
20241120,4.5
20241121,5.5
20241122,9.2
20241123,5.4
20241124,0
20241125,4.7
20241126,4.1
20241127,15.3
20241128,19.4
20241129,22.9
20241130,27.5
20241201,32.6
20241202,44.8
20241203,48.7
20241204,54.2
20241205,62.5
20241206,51.1
20241207,55.1
20241208,51.5
20241209,18.3
20241210,0
20241211,5.2
20241212,4.6
20241213,4.1
20241214,0
20241215,0
20241216,13.2
20241217,14.7
20241218,7.7
20241219,5.7
20241220,6.4
20241221,5.1
20241222,7.3
20241223,14
20241224,15.2
20241225,13.3
20241226,14.5
20241227,18.9
20241228,39.3
20241229,38.4
20241230,14.6
20241231,6.9
