Year,Yearday,RegionID,SST,BOT,ICE
2016,61,635830,1.43276159968938,1.43,0
2016,62,635830,1.50039002135508,1.465,0
2016,63,635830,1.51203455639682,1.48,0
2016,64,635830,1.49099301106581,1.4825,0
2016,65,635830,1.43554940788196,1.474,0
2016,66,635830,1.32305629974762,1.452,0
2016,67,635830,0.519818287711124,1.256,0
2016,68,635830,0.480117647058823,1.05,0
2016,69,635830,0.532569015725102,0.858,0
2016,70,635830,0.672428654630168,0.704,0
2016,71,635830,0.831996117258785,0.606,0
2016,72,635830,0.975349252572315,0.698,0
2016,73,635830,1.05566530770724,0.814,0
2016,74,635830,0.913110269850514,0.89,0
2016,75,635830,0.744465346534653,0.904,0
2016,76,635830,0.68532479130266,0.876,0
2016,77,635830,0.625511745292176,0.806,0
2016,78,635830,0.582808969132207,0.71,4.5
2016,79,635830,0.514671131819064,0.63,5.1
2016,80,635830,0.38851271597748,0.56,13.2
2016,81,635830,0.3956194913609,0.502,15.8
2016,82,635830,-0.126406717142303,0.35,7.2
2016,83,635830,-0.186756746262862,0.196,0
2016,84,635830,0.173028344010871,0.128,0
2016,85,635830,-0.222910696952049,0.006,0
2016,86,635830,-0.253761793826442,-0.124,0
2016,87,635830,-0.108411570568822,-0.12,0
2016,88,635830,-0.0129052611143472,-0.084,0
2016,89,635830,0.153515628033391,-0.088,0
2016,90,635830,0.466847214133177,0.05,0
2016,91,635830,0.584620656183265,0.216,0
2016,92,635830,0.917551931663754,0.422,0
2016,93,635830,1.03938885653271,0.632,0
2016,94,635830,0.941469811687051,0.79,0
2016,95,635830,0.874348864298195,0.87,0
2016,96,635830,0.881157639293341,0.93,0
2016,97,635830,2.02489768976898,1.15,0
2016,98,635830,2.03137002523782,1.348,0
2016,99,635830,2.07869792273345,1.576,0
2016,100,635830,2.12085032032615,1.826,0
2016,101,635830,2.12763346922928,2.076,0
2016,102,635830,2.38184701999612,2.148,0
2016,103,635830,2.66913550766842,2.276,0
2016,104,635830,2.67766161910309,2.396,0
2016,105,635830,2.55137740244612,2.482,0
2016,106,635830,2.70334905843526,2.596,0
2016,107,635830,2.76881615220346,2.674,0
2016,108,635830,2.80137584934964,2.7,0
2016,109,635830,2.87344069112793,2.738,0
2016,110,635830,2.88810541642399,2.806,0
2016,111,635830,2.9692805280528,2.86,0
2016,112,635830,2.96896796738497,2.9,0
2016,113,635830,3.25986060959037,2.992,0
2016,114,635830,3.84650572704329,3.188,0
2016,115,635830,4.02335099980586,3.414,0
2016,116,635830,4.07422655794992,3.634,0
2016,117,635830,4.1175373713842,3.864,0
2016,118,635830,4.17928227528635,4.048,0
2016,119,635830,4.20665521258008,4.12,0
2016,120,635830,4.37667734420501,4.192,0
2016,121,635830,4.43536866627839,4.266,0
2016,122,635830,4.40832925645506,4.324,0
2016,123,635830,4.34753407105417,4.358,0
2016,124,635830,3.99485944476801,4.314,0
2016,125,635830,4.06979576781208,4.252,0
2016,126,635830,4.25903746845273,4.216,0
2016,127,635830,4.41051815181518,4.216,0
2016,128,635830,4.6591875364007,4.278,0
2016,129,635830,4.83710483401282,4.448,0
2016,130,635830,5.01966569598135,4.638,0
2016,131,635830,5.06380896913221,4.798,0
2016,132,635830,4.96960143661426,4.91,0
2016,133,635830,4.9721920015531,4.972,0
2016,134,635830,5.07277169481654,5.018,0
2016,135,635830,5.35551446321103,5.086,0
2016,136,635830,5.90925509609785,5.256,0
2016,137,635830,6.35209784507862,5.532,0
2016,138,635830,6.49287730537759,5.836,0
2016,139,635830,6.46114929139973,6.114,0
2016,140,635830,6.41427412152979,6.324,0
2016,141,635830,6.0392597553873,6.35,0
2016,142,635830,6.04949446709377,6.29,0
2016,143,635830,6.09118132401476,6.21,0
2016,144,635830,7.01070471753057,6.32,0
2016,145,635830,7.37592952824694,6.514,0
2016,146,635830,7.43415822170452,6.792,0
2016,147,635830,7.38078509027374,7.058,0
2016,148,635830,7.15096563774025,7.27,0
2016,149,635830,7.20555231993788,7.31,0
2016,150,635830,7.12775092215105,7.26,0
2016,151,635830,7.13952999417589,7.202,0
2016,152,635830,7.05711609396233,7.138,0
2016,153,635830,7.99735468841002,7.308,0
2016,154,635830,7.97150980392157,7.46,0
2016,155,635830,7.93896602601437,7.622,0
2016,156,635830,7.98488079984469,7.79,0
2016,157,635830,8.14362861580276,8.006,0
2016,158,635830,8.53926868569209,8.114,0
2016,159,635830,8.64375791108523,8.248,0
2016,160,635830,8.58833022714035,8.378,0
2016,161,635830,8.68486410405746,8.518,0
2016,162,635830,8.9664626286158,8.684,0
2016,163,635830,9.02386856920987,8.78,0
2016,164,635830,8.83243991457969,8.818,0
2016,165,635830,9.13101203649776,8.926,0
2016,166,635830,9.59139662201513,9.108,0
2016,167,635830,9.81169656377403,9.276,0
2016,168,635830,10.2447014172005,9.52,0
2016,169,635830,10.0405812463599,9.762,0
2016,170,635830,10.0000739662202,9.936,0
2016,171,635830,10.0506534653465,10.028,0
2016,172,635830,10.2026377402446,10.106,0
2016,173,635830,10.2297713065424,10.104,0
2016,174,635830,10.2505437779072,10.146,0
2016,175,635830,10.1209433119783,10.17,0
2016,176,635830,9.96301824888371,10.152,0
2016,177,635830,10.2873313919627,10.17,0
2016,178,635830,10.6388002329645,10.252,0
2016,179,635830,10.7160465928946,10.346,0
2016,180,635830,10.718977674238,10.466,0
2016,181,635830,10.8152341292953,10.638,0
2016,182,635830,11.2732032615026,10.834,0
2017,60,635830,-1.79971325956124,-1.8,91.1
2017,61,635830,-1.79999999999999,-1.8,93.3
2017,62,635830,-1.79992215103862,-1.8,96.5
2017,63,635830,-1.79997825664919,-1.8,96.4
2017,64,635830,-1.79984915550378,-1.8,90.4
2017,65,635830,-1.79953640069889,-1.8,97.3
2017,66,635830,-1.7995131042516,-1.8,100
2017,67,635830,-1.79955620267909,-1.8,99.6
2017,68,635830,-1.79958124635993,-1.8,100
2017,69,635830,-1.79973907979033,-1.8,100
2017,70,635830,-1.79935779460299,-1.8,100
2017,71,635830,-1.79752067559695,-1.8,91.9
2017,72,635830,-1.7961444379732,-1.8,88.7
2017,73,635830,-1.79924558338185,-1.8,99
2017,74,635830,-1.79997553873033,-1.8,91.8
2017,75,635830,-1.7999875752281,-1.8,86
2017,76,635830,-1.79995437779071,-1.8,90.7
2017,77,635830,-1.79987303436225,-1.8,89.6
2017,78,635830,-1.79996777324791,-1.8,90.3
2017,79,635830,-1.79990040768782,-1.8,88.6
2017,80,635830,-1.79960046592894,-1.8,90.3
2017,81,635830,-1.79932576198796,-1.8,90.7
2017,82,635830,-1.79956183265385,-1.8,89.4
2017,83,635830,-1.79969442826635,-1.8,90.5
2017,84,635830,-1.79938225587265,-1.8,94.8
2017,85,635830,-1.79894505921181,-1.8,91.4
2017,86,635830,-1.79983576004659,-1.8,85.5
2017,87,635830,-1.79997359735973,-1.8,75.7
2017,88,635830,-1.79993826441467,-1.8,86.3
2017,89,635830,-1.79999999999999,-1.8,80
2017,90,635830,-1.79374645699863,-1.798,64.4
2017,91,635830,-1.79793787614053,-1.798,59.2
2017,92,635830,-1.79999999999999,-1.798,73.5
2017,93,635830,-1.79999999999999,-1.798,84.3
2017,94,635830,-1.79999999999999,-1.798,75.7
2017,95,635830,-1.79999999999999,-1.8,67.4
2017,96,635830,-1.75846418171229,-1.792,60.3
2017,97,635830,-1.67775344593283,-1.768,54.2
2017,98,635830,-1.63900524170064,-1.736,48.9
2017,99,635830,-1.64231042516016,-1.704,42.3
2017,100,635830,-1.6421424966026,-1.672,36.2
2017,101,635830,-1.32543370219375,-1.586,26.9
2017,102,635830,-0.825518734226365,-1.416,0
2017,103,635830,-0.536303630363036,-1.196,0
2017,104,635830,-0.55618248883712,-0.98,0
2017,105,635830,-0.583688604154534,-0.768,0
2017,106,635830,-0.571045816346341,-0.616,0
2017,107,635830,-0.484035721219181,-0.546,0
2017,108,635830,-0.306735002912057,-0.5,0
2017,109,635830,-0.204866627839255,-0.428,0
2017,110,635830,-0.24914191419142,-0.362,0
2017,111,635830,-0.0561296835565914,-0.26,0
2017,112,635830,0.158465346534653,-0.132,0
2017,113,635830,0.26235294117647,-0.018,0
2017,114,635830,0.32001028926422,0.086,0
2017,115,635830,0.358288487672296,0.208,0
2017,116,635830,0.451470976509415,0.31,0
2017,117,635830,0.681744515628032,0.414,0
2017,118,635830,0.821831489031255,0.526,0
2017,119,635830,0.86371850126189,0.634,0
2017,120,635830,0.882211221122112,0.738,0
2017,121,635830,0.93516501650165,0.836,0
2017,122,635830,1.3515437779072,0.97,0
2017,123,635830,1.27103125606678,1.06,0
2017,124,635830,1.22563696369637,1.134,0
2017,125,635830,1.2000405746457,1.198,0
2017,126,635830,1.23759134148709,1.258,0
2017,127,635830,1.61506212385944,1.312,0
2017,128,635830,2.14599048728402,1.488,0
2017,129,635830,2.13450960978451,1.668,0
2017,130,635830,2.15606212385944,1.86,0
2017,131,635830,2.34670879440885,2.082,0
2017,132,635830,2.27524189477771,2.214,0
2017,133,635830,1.94856940399922,2.174,0
2017,134,635830,1.81424597165599,2.11,0
2017,135,635830,1.76885129101146,2.032,0
2017,136,635830,1.85037720830906,1.932,0
2017,137,635830,2.47538031450204,1.972,0
2017,138,635830,2.63256086196855,2.108,0
2017,139,635830,2.69938516792856,2.286,0
2017,140,635830,2.78139487478159,2.488,0
2017,141,635830,2.89638749757329,2.698,0
2017,142,635830,3.1168476024073,2.826,0
2017,143,635830,3.11856629780625,2.924,0
2017,144,635830,3.21378664337022,3.026,0
2017,145,635830,3.22658163463405,3.116,0
2017,146,635830,3.038993593477,3.144,0
2017,147,635830,3.466741215298,3.214,0
2017,148,635830,3.75533372160745,3.342,0
2017,149,635830,3.90339856338575,3.48,0
2017,150,635830,4.00048767229664,3.634,0
2017,151,635830,4.08806270627062,3.844,0
2017,152,635830,4.52149077848961,4.054,0
2017,153,635830,4.52941487089886,4.208,0
2017,154,635830,4.73975033973986,4.376,0
2017,155,635830,4.94240535818288,4.564,0
2017,156,635830,4.760600660066,4.698,0
2017,157,635830,4.93438439138031,4.78,0
2017,158,635830,5.30907940205785,4.936,0
2017,159,635830,5.58008231411376,5.104,0
2017,160,635830,5.58721199767035,5.234,0
2017,161,635830,5.61777480100951,5.406,0
2017,162,635830,5.70423762376237,5.56,0
2017,163,635830,5.69222228693458,5.636,0
2017,164,635830,5.90518054746651,5.702,0
2017,165,635830,6.05961075519316,5.796,0
2017,166,635830,6.11210891089109,5.894,0
2017,167,635830,6.56647932440303,6.068,0
2017,168,635830,6.70923956513298,6.272,0
2017,169,635830,6.58883051834595,6.408,0
2017,170,635830,6.97586585129101,6.592,0
2017,171,635830,7.27985866821976,6.826,0
2017,172,635830,7.28262745098039,6.968,0
2017,173,635830,7.28231566686081,7.082,0
2017,174,635830,7.46303183847797,7.256,0
2017,175,635830,8.00603999223452,7.462,0
2017,176,635830,8.30105358182877,7.666,0
2017,177,635830,7.97708891477383,7.806,0
2017,178,635830,7.75633915744516,7.902,0
2017,179,635830,7.71179285575616,7.952,0
2017,180,635830,7.79446088138226,7.908,0
2017,181,635830,7.69977577169482,7.788,0
2017,182,635830,7.75427082119977,7.742,0
2018,60,635830,-0.525707241312367,-0.53,0
2018,61,635830,-0.412829935934771,-0.47,0
2018,62,635830,-0.457871287128713,-0.466666666666667,0
2018,63,635830,-0.713792661619104,-0.5275,0
2018,64,635830,-0.972099592312172,-0.616,0
2018,65,635830,-1.00770588235294,-0.712,0
2018,66,635830,-0.993910308677927,-0.828,0
2018,67,635830,-1.01720811492914,-0.94,0
2018,68,635830,-1.05113667249078,-1.008,0
2018,69,635830,-1.12623820617356,-1.04,16.5
2018,70,635830,-1.31959697146185,-1.102,27.2
2018,71,635830,-1.55043156668608,-1.214,26.2
2018,72,635830,-1.37452572316055,-1.284,37.8
2018,73,635830,-1.31689147738303,-1.338,37.4
2018,74,635830,-1.36678567268492,-1.386,30
2018,75,635830,-1.39054261308484,-1.4,31.6
2018,76,635830,-1.37969442826636,-1.366,16.2
2018,77,635830,-1.49741894777713,-1.392,8.2
2018,78,635830,-1.46404562220927,-1.42,6.6
2018,79,635830,-1.27229139972821,-1.4,7.1
2018,80,635830,-0.936531935546496,-1.31,8
2018,81,635830,-0.793503009124443,-1.192,0
2018,82,635830,-0.855599689380704,-1.064,0
2018,83,635830,-0.90103766258979,-0.952,0
2018,84,635830,-0.89654804892254,-0.878,0
2018,85,635830,-0.868901960784314,-0.864,0
2018,86,635830,-0.830026208503204,-0.872,0
2018,87,635830,-0.759358377014173,-0.852,0
2018,88,635830,-0.644781207532519,-0.8,0
2018,89,635830,-0.586879829159387,-0.738,0
2018,90,635830,-0.57478916715201,-0.678,0
2018,91,635830,-0.543655406717143,-0.62,0
2018,92,635830,-0.444772471364784,-0.556,0
2018,93,635830,-0.210203649776743,-0.47,0
2018,94,635830,-0.206906814210833,-0.394,0
2018,95,635830,-0.419965055329063,-0.364,0
2018,96,635830,-0.506499708794409,-0.358,0
2018,97,635830,-0.303016307513105,-0.33,0
2018,98,635830,-0.342110852261697,-0.356,0
2018,99,635830,-0.286307707241313,-0.372,0
2018,100,635830,-0.138107746068725,-0.316,0
2018,101,635830,-0.229308872063677,-0.26,0
2018,102,635830,-0.229204426324986,-0.246,0
2018,103,635830,-0.0252380120364983,-0.184,0
2018,104,635830,0.256875558144049,-0.074,0
2018,105,635830,0.108503979809745,-0.024,0
2018,106,635830,0.191285187342263,0.06,0
2018,107,635830,0.126887012230634,0.132,0
2018,108,635830,0.593311784119588,0.256,0
2018,109,635830,0.791786643370219,0.362,0
2018,110,635830,0.933854979615608,0.526,0
2018,111,635830,0.971755775577558,0.682,0
2018,112,635830,0.82245699864104,0.82,0
2018,113,635830,0.60647738303242,0.824,0
2018,114,635830,0.725145796932634,0.812,0
2018,115,635830,0.953458940011647,0.816,0
2018,116,635830,1.40808522616967,0.904,0
2018,117,635830,1.5401613278975,1.048,0
2018,118,635830,1.5721335662978,1.24,0
2018,119,635830,1.76239701028926,1.446,0
2018,120,635830,1.8012894583576,1.616,0
2018,121,635830,1.74393554649582,1.682,0
2018,122,635830,1.68330790137837,1.71,0
2018,123,635830,1.68108483789555,1.732,0
2018,124,635830,1.76890429042904,1.734,0
2018,125,635830,1.79988545913415,1.734,0
2018,126,635830,1.81599378761406,1.75,0
2018,127,635830,1.96663715783343,1.808,0
2018,128,635830,2.35150456222093,1.942,0
2018,129,635830,2.49637468452728,2.088,0
2018,130,635830,2.63956338575034,2.256,0
2018,131,635830,2.64480722189866,2.42,0
2018,132,635830,2.76784507862551,2.58,0
2018,133,635830,2.8780999805863,2.686,0
2018,134,635830,2.93785362065618,2.774,0
2018,135,635830,2.98287342263638,2.842,0
2018,136,635830,3.00336323044069,2.914,0
2018,137,635830,3.08064997087944,2.976,0
2018,138,635830,3.19051232770336,3.038,0
2018,139,635830,4.3433597359736,3.318,0
2018,140,635830,4.54534420500873,3.632,0
2018,141,635830,4.64053018831295,3.96,0
2018,142,635830,4.54462026790915,4.252,0
2018,143,635830,4.26450999805863,4.466,0
2018,144,635830,4.31912152980004,4.462,0
2018,145,635830,4.33528169287517,4.42,0
2018,146,635830,4.47105455251408,4.386,0
2018,147,635830,4.78429819452533,4.434,0
2018,148,635830,4.79633022714036,4.542,0
2018,149,635830,4.85556377402446,4.65,0
2018,150,635830,5.13422015142691,4.808,0
2018,151,635830,5.20621879246748,4.956,0
2018,152,635830,5.18692195690157,5.038,0
2018,153,635830,5.31181537565522,5.14,0
2018,154,635830,5.6082706270627,5.29,0
2018,155,635830,5.58296214327315,5.38,0
2018,156,635830,5.60558241118229,5.46,0
2018,157,635830,5.942594253543,5.61,0
2018,158,635830,6.39203145020384,5.826,0
2018,159,635830,6.48872859638905,6.002,0
2018,160,635830,6.58843409046787,6.204,0
2018,161,635830,6.75414773830325,6.432,0
2018,162,635830,6.95979965055329,6.636,0
2018,163,635830,7.21657503397399,6.802,0
2018,164,635830,7.25434692292758,6.954,0
2018,165,635830,7.54993069306931,7.146,0
2018,166,635830,7.52900368860416,7.302,0
2018,167,635830,7.54717782954766,7.42,0
2018,168,635830,7.55305765870705,7.486,0
2018,169,635830,7.44728111046398,7.526,0
2018,170,635830,7.4286249271986,7.502,0
2018,171,635830,7.41701145408658,7.48,0
2018,172,635830,7.53715065035916,7.478,0
2018,173,635830,7.98688079984469,7.566,0
2018,174,635830,8.00884934964084,7.678,0
2018,175,635830,8.0277619879635,7.798,0
2018,176,635830,7.99169811687051,7.912,0
2018,177,635830,8.15708949718501,8.036,0
2018,178,635830,8.7931162880994,8.196,0
2018,179,635830,9.0794814599107,8.41,0
2018,180,635830,9.26362783925452,8.656,0
2018,181,635830,9.52871850126189,8.964,0
2018,182,635830,9.66002795573674,9.264,0
2019,60,635830,0.924626674432149,0.92,0
2019,61,635830,1.01370122306348,0.965,0
2019,62,635830,1.19594797126771,1.04333333333333,0
2019,63,635830,1.21652417006406,1.0875,0
2019,64,635830,1.07047214133178,1.084,0
2019,65,635830,1.21240768782761,1.142,0
2019,66,635830,1.35243370219375,1.21,0
2019,67,635830,1.34551931663755,1.24,0
2019,68,635830,1.36027975150456,1.268,0
2019,69,635830,1.21689885459134,1.298,0
2019,70,635830,0.783656571539506,1.212,0
2019,71,635830,0.800066006600659,1.102,0
2019,72,635830,1.05844457386915,1.044,0
2019,73,635830,1.27798621626869,1.028,0
2019,74,635830,1.27722345175694,1.04,0
2019,75,635830,1.2332894583576,1.13,0
2019,76,635830,1.11964511745292,1.194,0
2019,77,635830,1.09917549990293,1.202,0
2019,78,635830,1.10492933410988,1.166,0
2019,79,635830,1.16182372354883,1.142,0
2019,80,635830,1.20489710735779,1.136,0
2019,81,635830,1.13037293729373,1.138,0
2019,82,635830,0.92589866045428,1.104,0
2019,83,635830,0.803464375849349,1.044,0
2019,84,635830,0.809948941953017,0.974,0
2019,85,635830,0.858984469035139,0.906,0
2019,86,635830,1.0439702970297,0.888,0
2019,87,635830,1.04934381673461,0.912,0
2019,88,635830,1.16001941370608,0.984,0
2019,89,635830,1.33457328674044,1.088,0
2019,90,635830,1.7115546495826,1.258,0
2019,91,635830,1.82677771306543,1.416,0
2019,92,635830,1.57403203261503,1.52,0
2019,93,635830,1.69560784313725,1.628,0
2019,94,635830,1.8396392933411,1.73,0
2019,95,635830,1.91780955154339,1.772,0
2019,96,635830,2.00201863715783,1.806,0
2019,97,635830,1.94064414676762,1.88,0
2019,98,635830,1.95460609590371,1.93,0
2019,99,635830,1.95114735002912,1.952,0
2019,100,635830,2.14474703940982,1.996,0
2019,101,635830,2.23571092991652,2.044,0
2019,102,635830,2.01339720442633,2.058,0
2019,103,635830,2.02071830712483,2.072,0
2019,104,635830,2.31580858085809,2.146,0
2019,105,635830,2.34802387885847,2.188,0
2019,106,635830,2.24561677344205,2.19,0
2019,107,635830,2.12709842748981,2.214,0
2019,108,635830,1.86241642399534,2.182,0
2019,109,635830,1.97503766258979,2.114,0
2019,110,635830,2.11249097262667,2.066,0
2019,111,635830,2.19996952048146,2.056,0
2019,112,635830,1.71603339157445,1.974,0
2019,113,635830,1.64759405940594,1.932,0
2019,114,635830,1.57585129101145,1.852,0
2019,115,635830,2.01752824694234,1.834,0
2019,116,635830,2.28326655018443,1.85,0
2019,117,635830,2.38855076684139,1.984,0
2019,118,635830,2.58120015530965,2.17,0
2019,119,635830,2.6586456998641,2.386,0
2019,120,635830,2.69379479712677,2.52,0
2019,121,635830,2.89466977285964,2.642,0
2019,122,635830,2.95033158609978,2.754,0
2019,123,635830,2.99598582799456,2.838,0
2019,124,635830,2.98602096680256,2.904,0
2019,125,635830,2.97978703164434,2.962,0
2019,126,635830,2.85895690157251,2.956,0
2019,127,635830,3.02006833624539,2.97,0
2019,128,635830,3.24261366724908,3.018,0
2019,129,635830,3.43860590176665,3.108,0
2019,130,635830,4.09466026014366,3.33,0
2019,131,635830,4.32006658901184,3.622,0
2019,132,635830,4.24353232382062,3.866,0
2019,133,635830,4.06269792273345,4.03,0
2019,134,635830,3.95202193748787,4.132,0
2019,135,635830,4.05055503785673,4.124,0
2019,136,635830,4.19604756357988,4.1,0
2019,137,635830,4.4544789361289,4.142,0
2019,138,635830,4.71094350611532,4.272,0
2019,139,635830,4.60750087361677,4.404,0
2019,140,635830,4.74773752669385,4.544,0
2019,141,635830,4.60681770529994,4.626,0
2019,142,635830,4.75002407299553,4.686,0
2019,143,635830,4.74882818870122,4.694,0
2019,144,635830,5.05691011454086,4.784,0
2019,145,635830,5.30529508833236,4.896,0
2019,146,635830,5.42887439332168,5.06,0
2019,147,635830,5.7687456804504,5.264,0
2019,148,635830,6.37874898078043,5.59,0
2019,149,635830,6.53025257231606,5.884,0
2019,150,635830,6.34205785284411,6.09,0
2019,151,635830,6.49113570180547,6.302,0
2019,152,635830,6.68821490972627,6.486,0
2019,153,635830,7.02959561250243,6.616,0
2019,154,635830,7.2009367113182,6.75,0
2019,155,635830,7.17852009318579,6.918,0
2019,156,635830,7.24987885847408,7.07,0
2019,157,635830,7.35207590759076,7.202,0
2019,158,635830,7.90001960784313,7.376,0
2019,159,635830,7.89033799262279,7.514,0
2019,160,635830,7.83632789749562,7.646,0
2019,161,635830,8.21120209668025,7.838,0
2019,162,635830,8.59454940788197,8.086,0
2019,163,635830,8.72211318190642,8.25,0
2019,164,635830,8.71151892836343,8.414,0
2019,165,635830,8.95877305377597,8.638,0
2019,166,635830,9.29324480683363,8.854,0
2019,167,635830,9.58755950300914,9.054,0
2019,168,635830,9.76006658901185,9.262,0
2019,169,635830,9.72946476412347,9.466,0
2019,170,635830,9.94154164239954,9.662,0
2019,171,635830,9.85925664919434,9.776,0
2019,172,635830,9.93063599301106,9.844,0
2019,173,635830,9.59936323044068,9.812,0
2019,174,635830,9.39064764123471,9.744,0
2019,175,635830,9.29241254125413,9.614,0
2019,176,635830,9.62135488254708,9.566,0
2019,177,635830,9.85181207532518,9.55,0
2019,178,635830,10.2083410988158,9.672,0
2019,179,635830,10.1046627839255,9.814,0
2019,180,635830,10.0892964472918,9.974,0
2019,181,635830,10.0743267326733,10.064,0
2019,182,635830,10.1278716754028,10.12,0
2020,61,635830,-1.7999722384003,-1.8,91.8
2020,62,635830,-1.79986196854979,-1.8,95.6
2020,63,635830,-1.79983090662007,-1.8,94.4
2020,64,635830,-1.79959949524363,-1.8,93.8
2020,65,635830,-1.79999048728401,-1.8,95
2020,66,635830,-1.79982372354881,-1.8,94.8
2020,67,635830,-1.79996447291787,-1.8,97.6
2020,68,635830,-1.79975150456222,-1.8,97.5
2020,69,635830,-1.79953911861774,-1.8,96.9
2020,70,635830,-1.79883517763541,-1.8,99.2
2020,71,635830,-1.79874587458744,-1.8,100
2020,72,635830,-1.79998233352746,-1.8,100
2020,73,635830,-1.79864317608229,-1.8,98.5
2020,74,635830,-1.79681498738107,-1.8,93
2020,75,635830,-1.79531993787612,-1.8,89.6
2020,76,635830,-1.78329819452533,-1.796,83.3
2020,77,635830,-1.75447369442827,-1.786,70.6
2020,78,635830,-1.51267482042322,-1.728,68
2020,79,635830,-1.28765152397593,-1.626,59.2
2020,80,635830,-1.23046748204232,-1.512,60.6
2020,81,635830,-1.25596660842555,-1.408,60.2
2020,82,635830,-1.48583711900602,-1.356,71.4
2020,83,635830,-1.79999999999999,-1.414,80.4
2020,84,635830,-1.78549136090078,-1.514,74.1
2020,85,635830,-1.74905552319938,-1.618,73.9
2020,86,635830,-1.69136400698893,-1.704,69
2020,87,635830,-1.68168200349447,-1.742,68.2
2020,88,635830,-1.74888410017472,-1.732,64
2020,89,635830,-1.79557561638516,-1.734,78.9
2020,90,635830,-1.79999999999999,-1.744,89.6
2020,91,635830,-1.79988390603765,-1.766,80
2020,92,635830,-1.79574121529799,-1.79,64.4
2020,93,635830,-1.79720792079207,-1.8,65.3
2020,94,635830,-1.79257076295864,-1.798,74.6
2020,95,635830,-1.78303106192971,-1.794,83.8
2020,96,635830,-1.69855989128325,-1.774,63.6
2020,97,635830,-1.71852980003883,-1.758,65
2020,98,635830,-1.7020469811687,-1.738,64.5
2020,99,635830,-1.7074111822947,-1.722,62.3
2020,100,635830,-1.6853443991458,-1.704,57.9
2020,101,635830,-1.65201164822365,-1.694,52.2
2020,102,635830,-1.66917899437003,-1.684,48.6
2020,103,635830,-1.34298136284217,-1.612,25.4
2020,104,635830,-1.29801339545719,-1.53,16.2
2020,105,635830,-1.24498427489808,-1.44,0
2020,106,635830,-1.07418171228888,-1.324,0
2020,107,635830,-0.84285517375267,-1.158,0
2020,108,635830,-0.980904484566104,-1.086,0
2020,109,635830,-0.96521063871093,-1.02,0
2020,110,635830,-0.0232453892448075,-0.776,0
2020,111,635830,0.10936575422248,-0.54,0
2020,112,635830,0.0731473500291201,-0.358,0
2020,113,635830,0.183777324791302,-0.126,0
2020,114,635830,0.199543972044263,0.108,0
2020,115,635830,0.366664337021937,0.186,0
2020,116,635830,0.159135895942535,0.196,0
2020,117,635830,0.131286546301689,0.208,0
2020,118,635830,0.393072801397786,0.25,0
2020,119,635830,0.555629780625121,0.322,0
2020,120,635830,0.543216851096874,0.356,0
2020,121,635830,0.509900795961948,0.426,0
2020,122,635830,0.448178800232964,0.49,0
2020,123,635830,0.692425936711317,0.55,0
2020,124,635830,0.900251795767812,0.618,0
2020,125,635830,1.02431760823141,0.714,0
2020,126,635830,1.03575694039992,0.82,0
2020,127,635830,1.12947272374296,0.956,0
2020,128,635830,1.30536905455251,1.08,0
2020,129,635830,2.01010599883518,1.302,0
2020,130,635830,2.11239759270045,1.52,0
2020,131,635830,2.04323005241701,1.72,0
2020,132,635830,1.91524635993011,1.878,0
2020,133,635830,1.85932498543972,1.988,0
2020,134,635830,1.96215919238983,1.978,0
2020,135,635830,2.05985362065618,1.968,0
2020,136,635830,2.08022325761988,1.976,0
2020,137,635830,2.08439933993399,2.008,0
2020,138,635830,2.02029528246943,2.04,0
2020,139,635830,4.89443991457969,2.626,0
2020,140,635830,4.19360590176665,3.052,0
2020,141,635830,2.19172432537371,3.074,0
2020,142,635830,1.83601456027956,3.026,0
2020,143,635830,1.64872374296253,2.952,0
2020,144,635830,3.22620345563968,2.62,0
2020,145,635830,3.33708250825082,2.45,0
2020,146,635830,3.30670355270821,2.674,0
2020,147,635830,3.44519161327897,2.996,0
2020,148,635830,3.92252980003883,3.45,0
2020,149,635830,4.22261017278198,3.648,0
2020,150,635830,4.78252067559697,3.936,0
2020,151,635830,5.07026227916909,4.288,0
2020,152,635830,5.01632964472918,4.602,0
2020,153,635830,4.85414948553679,4.788,0
2020,154,635830,4.9100974568045,4.926,0
2020,155,635830,5.04339506891865,4.978,0
2020,156,635830,4.91054183653659,4.946,0
2020,157,635830,5.43216249271986,5.028,0
2020,158,635830,6.12709143855562,5.284,0
2020,159,635830,5.93394564162298,5.488,0
2020,160,635830,6.15920656183265,5.712,0
2020,161,635830,6.22905824111823,5.976,0
2020,162,635830,6.18050300912444,6.126,0
2020,163,635830,6.03613337216074,6.108,0
2020,164,635830,5.71250359153562,6.064,0
2020,165,635830,5.53893574063289,5.94,0
2020,166,635830,5.75233896330809,5.844,0
2020,167,635830,5.53967947971268,5.716,0
2020,168,635830,5.79472917880023,5.666,0
2020,169,635830,6.50766123082896,5.826,0
2020,170,635830,6.74388623568239,6.066,0
2020,171,635830,7.35526616191031,6.388,0
2020,172,635830,7.464329062318,6.772,0
2020,173,635830,7.56102096680257,7.126,0
2020,174,635830,7.5946041545331,7.342,0
2020,175,635830,7.53567035527082,7.502,0
2020,176,635830,7.28114133178024,7.486,0
2020,177,635830,7.88954921374492,7.572,0
2020,178,635830,7.44817996505532,7.55,0
2020,179,635830,7.38521685109688,7.51,0
2020,180,635830,7.24538536206561,7.452,0
2020,181,635830,8.17643583770142,7.632,0
2020,182,635830,8.87823412929529,7.83,0
2021,60,635830,-1.53952086973403,-1.54,60.4
2021,61,635830,-1.41775033973986,-1.48,46.6
2021,62,635830,-1.64032886818093,-1.53333333333333,87
2021,63,635830,-1.74420520287323,-1.585,89.8
2021,64,635830,-1.77428751698699,-1.622,91.1
2021,65,635830,-1.762629392351,-1.666,91.5
2021,66,635830,-1.63334867016113,-1.708,81.2
2021,67,635830,-1.49011842360707,-1.678,51.4
2021,68,635830,-1.45598349834984,-1.622,15
2021,69,635830,-1.43960434867016,-1.556,22.8
2021,70,635830,-1.4499450592118,-1.494,38.2
2021,71,635830,-1.5948674043875,-1.486,58.3
2021,72,635830,-1.60747621821006,-1.51,60.7
2021,73,635830,-1.60016191030868,-1.538,50.1
2021,74,635830,-1.59698757522811,-1.57,46.2
2021,75,635830,-1.64827004465152,-1.61,47.8
2021,76,635830,-1.73543642011259,-1.64,59
2021,77,635830,-1.76618578916714,-1.672,73.1
2021,78,635830,-1.77278392545136,-1.706,78.4
2021,79,635830,-1.7667223840031,-1.74,79.8
2021,80,635830,-1.77049543777907,-1.764,78.8
2021,81,635830,-1.78648476024073,-1.774,83.7
2021,82,635830,-1.7992345175694,-1.78,86
2021,83,635830,-1.79054960201902,-1.784,92.3
2021,84,635830,-1.79012560667831,-1.788,92
2021,85,635830,-1.79389768976897,-1.792,84.2
2021,86,635830,-1.7878396427878,-1.792,81.3
2021,87,635830,-1.77828771112405,-1.788,85.3
2021,88,635830,-1.66411337604349,-1.762,29.5
2021,89,635830,-1.73717957678121,-1.752,8.1
2021,90,635830,-1.78103145020383,-1.75,22.3
2021,91,635830,-1.78327470394096,-1.748,53.3
2021,92,635830,-1.78475635798873,-1.748,66.7
2021,93,635830,-1.75981712288875,-1.768,54.2
2021,94,635830,-1.52719471947195,-1.726,24.9
2021,95,635830,-1.48598621626869,-1.668,30.3
2021,96,635830,-1.53329974762182,-1.618,16.6
2021,97,635830,-1.58512929528247,-1.58,10.9
2021,98,635830,-1.60450029120559,-1.548,28.2
2021,99,635830,-1.7148619685498,-1.584,68.1
2021,100,635830,-1.71240069889342,-1.628,67.7
2021,101,635830,-1.70506988934187,-1.664,53
2021,102,635830,-1.75590060182488,-1.698,16.4
2021,103,635830,-1.76791360900795,-1.732,6
2021,104,635830,-1.76661230828963,-1.744,6.5
2021,105,635830,-1.34269171034751,-1.67,18
2021,106,635830,-1.09831760823141,-1.548,32.3
2021,107,635830,-1.02784876722967,-1.402,43.1
2021,108,635830,-1.01087303436226,-1.25,44.8
2021,109,635830,-0.711873616773442,-1.038,38.3
2021,110,635830,-0.357341487089886,-0.842,33.3
2021,111,635830,-0.238539506891866,-0.67,28.5
2021,112,635830,-0.24053038245001,-0.512,14.3
2021,113,635830,-0.399584352552903,-0.39,28.4
2021,114,635830,-0.649403999223452,-0.378,23.7
2021,115,635830,-0.713257814016696,-0.448,9.8
2021,116,635830,0.0958406134731115,-0.38,0
2021,117,635830,0.205752475247524,-0.29,6.8
2021,118,635830,0.188175888177052,-0.172,6.2
2021,119,635830,0.144729178800232,-0.014,13.7
2021,120,635830,0.178054164239953,0.164,13.2
2021,121,635830,-0.503998835177636,0.044,9.7
2021,122,635830,-0.120244612696564,-0.022,0
2021,123,635830,0.00846825859056443,-0.058,0
2021,124,635830,0.0522040380508634,-0.076,0
2021,125,635830,0.166803727431566,-0.078,0
2021,126,635830,0.363880605707629,0.094,0
2021,127,635830,0.315809357406329,0.182,0
2021,128,635830,0.24813977868375,0.23,0
2021,129,635830,0.48188584740827,0.316,0
2021,130,635830,0.981783148903125,0.478,0
2021,131,635830,1.36793244030285,0.68,0
2021,132,635830,1.55063405164046,0.926,0
2021,133,635830,1.5814967967385,1.192,0
2021,134,635830,1.61052533488643,1.418,0
2021,135,635830,1.50112250048534,1.522,0
2021,136,635830,1.60155018443021,1.568,0
2021,137,635830,1.67298427489808,1.592,0
2021,138,635830,2.06968413900213,1.69,0
2021,139,635830,2.0008990487284,1.768,0
2021,140,635830,1.95212327703359,1.858,0
2021,141,635830,1.98451523975927,1.934,0
2021,142,635830,2.41793651718113,2.084,0
2021,143,635830,2.62880217433508,2.196,0
2021,144,635830,2.48510677538342,2.294,0
2021,145,635830,2.43220209668026,2.39,0
2021,146,635830,2.35033372160745,2.464,0
2021,147,635830,2.52731527858668,2.486,0
2021,148,635830,3.18401494855368,2.596,0
2021,149,635830,3.517964861192,2.802,0
2021,150,635830,3.5006095903708,3.016,0
2021,151,635830,3.5757709182683,3.262,0
2021,152,635830,4.22296156086197,3.6,0
2021,153,635830,4.30296622015143,3.824,0
2021,154,635830,4.08955387303436,3.938,0
2021,155,635830,4.05682022908173,4.05,0
2021,156,635830,4.45499922345175,4.224,0
2021,157,635830,4.53411687051058,4.286,0
2021,158,635830,4.53501727819841,4.334,0
2021,159,635830,4.59944224422442,4.436,0
2021,160,635830,4.55477460687245,4.534,0
2021,161,635830,4.5060460104834,4.546,0
2021,162,635830,5.0019079790332,4.64,0
2021,163,635830,5.56747447097651,4.846,0
2021,164,635830,5.49228887594642,5.024,0
2021,165,635830,5.45171830712483,5.204,0
2021,166,635830,5.98538109105028,5.5,0
2021,167,635830,5.91822345175694,5.684,0
2021,168,635830,6.09079790331974,5.788,0
2021,169,635830,6.33829528246942,5.958,0
2021,170,635830,6.86279324403028,6.24,0
2021,171,635830,7.89668472141331,6.622,0
2021,172,635830,8.36055775577557,7.11,0
2021,173,635830,8.50698874005048,7.594,0
2021,174,635830,9.02627276257038,8.132,0
2021,175,635830,9.20858823529412,8.602,0
2021,176,635830,8.42617782954767,8.708,0
2021,177,635830,7.74960279557367,8.586,0
2021,178,635830,7.62236536594836,8.408,0
2021,179,635830,7.40446107551931,8.082,0
2021,180,635830,7.55490293146962,7.75,0
2021,181,635830,7.14485070860027,7.492,0
2021,182,635830,7.00993438167346,7.344,0
2022,60,635830,-1.57898388662396,-1.58,25.4
2022,61,635830,-1.54997728596389,-1.565,25.8
2022,62,635830,-1.53373810910503,-1.55333333333333,13.6
2022,63,635830,-1.50640341681227,-1.5425,19.2
2022,64,635830,-1.41139798097457,-1.516,11.4
2022,65,635830,-1.47909939817511,-1.496,19.1
2022,66,635830,-1.47077285963891,-1.48,16.1
2022,67,635830,-1.43201805474665,-1.46,28.4
2022,68,635830,-1.42013764317608,-1.442,17.9
2022,69,635830,-1.45952630557173,-1.452,0
2022,70,635830,-1.32064434090468,-1.42,25.1
2022,71,635830,-1.34426033779849,-1.394,31
2022,72,635830,-1.46838691516211,-1.402,28
2022,73,635830,-1.45549039021549,-1.41,4.4
2022,74,635830,-1.45580062123859,-1.41,23.3
2022,75,635830,-1.47763715783343,-1.442,59.8
2022,76,635830,-1.58707493690546,-1.492,91.4
2022,77,635830,-1.79995185400892,-1.558,96.6
2022,78,635830,-1.79982178217821,-1.626,86.9
2022,79,635830,-1.79962123859444,-1.694,80.2
2022,80,635830,-1.79888429431177,-1.758,81.7
2022,81,635830,-1.79872316055134,-1.8,79.8
2022,82,635830,-1.79899281692874,-1.8,79.2
2022,83,635830,-1.79934459328284,-1.8,78.3
2022,84,635830,-1.79851291011452,-1.8,79.3
2022,85,635830,-1.79882469423412,-1.8,93
2022,86,635830,-1.79726635604735,-1.8,68.2
2022,87,635830,-1.79148301300717,-1.798,46.2
2022,88,635830,-1.76365365948359,-1.79,42
2022,89,635830,-1.70385595030091,-1.77,38.4
2022,90,635830,-1.58545738691516,-1.728,30
2022,91,635830,-1.47223937099592,-1.662,7
2022,92,635830,-1.35945466899631,-1.576,0
2022,93,635830,-1.44422151038633,-1.512,0
2022,94,635830,-1.31919957289847,-1.436,0
2022,95,635830,-1.29565657153951,-1.378,0
2022,96,635830,-1.24142050087362,-1.332,0
2022,97,635830,-1.6306051252184,-1.386,5.2
2022,98,635830,-1.56905222286934,-1.412,43.3
2022,99,635830,-1.4959099204038,-1.448,72.2
2022,100,635830,-1.40903727431567,-1.47,65.5
2022,101,635830,-1.21379363230441,-1.464,0
2022,102,635830,-1.19253077072413,-1.376,0
2022,103,635830,-1.32269093379926,-1.326,0
2022,104,635830,-0.674304795185401,-1.16,0
2022,105,635830,-0.678955154338964,-1.014,0
2022,106,635830,-0.682689574839837,-0.908,0
2022,107,635830,-0.759760629004078,-0.822,0
2022,108,635830,-0.78867753834207,-0.716,0
2022,109,635830,-0.742280528052806,-0.73,0
2022,110,635830,-0.621820811492915,-0.718,0
2022,111,635830,-0.483579304989323,-0.678,0
2022,112,635830,-0.144625897883906,-0.554,0
2022,113,635830,-0.0338945835760051,-0.402,0
2022,114,635830,-0.352688992428655,-0.324,0
2022,115,635830,0.709743350805668,-0.058,0
2022,116,635830,0.843458940011647,0.206,0
2022,117,635830,0.813051058046981,0.396,0
2022,118,635830,0.764483013007182,0.554,0
2022,119,635830,0.727791885070859,0.77,0
2022,120,635830,0.830158027567462,0.794,0
2022,121,635830,1.41290001941371,0.908,0
2022,122,635830,1.4348693457581,1.032,0
2022,123,635830,1.49387458745875,1.178,0
2022,124,635830,1.53640302853815,1.34,0
2022,125,635830,1.43553329450592,1.462,0
2022,126,635830,1.41016385167929,1.462,0
2022,127,635830,1.39601028926422,1.456,0
2022,128,635830,1.93363754610755,1.544,0
2022,129,635830,1.98024150650359,1.632,0
2022,130,635830,1.93812327703359,1.732,0
2022,131,635830,1.89168569209862,1.828,0
2022,132,635830,2.18575946418171,1.986,0
2022,133,635830,2.55680683362454,2.112,0
2022,134,635830,2.60827625703747,2.238,0
2022,135,635830,2.69651621044457,2.39,0
2022,136,635830,2.83371228887594,2.578,0
2022,137,635830,3.07417045233935,2.754,0
2022,138,635830,3.20747738303242,2.884,0
2022,139,635830,3.37492506309454,3.036,0
2022,140,635830,3.34791923898272,3.166,0
2022,141,635830,3.49983731314307,3.3,0
2022,142,635830,3.69592933410988,3.426,0
2022,143,635830,4.11429877693652,3.606,0
2022,144,635830,4.14122558726461,3.76,0
2022,145,635830,4.09223587652883,3.908,0
2022,146,635830,4.00282450009707,4.008,0
2022,147,635830,4.74939409823335,4.218,0
2022,148,635830,4.98247738303242,4.392,0
2022,149,635830,4.96138109105028,4.556,0
2022,150,635830,4.97693884682586,4.734,0
2022,151,635830,6.49705979421472,5.234,0
2022,152,635830,6.71387478159581,5.626,0
2022,153,635830,6.50247815958067,5.93,0
2022,154,635830,6.62983110075714,6.264,0
2022,155,635830,6.48900232964473,6.566,0
2022,156,635830,6.69202814987381,6.604,0
2022,157,635830,8.10656435643564,6.884,0
2022,158,635830,8.02775771694817,7.19,0
2022,159,635830,8.01554863133372,7.468,0
2022,160,635830,8.14298485730926,7.798,0
2022,161,635830,8.36183090662008,8.132,0
2022,162,635830,8.45211570568822,8.2,0
2022,163,635830,8.20492797515046,8.234,0
2022,164,635830,7.83541098815763,8.198,0
2022,165,635830,7.71688875946419,8.114,0
2022,166,635830,7.07320811492914,7.856,0
2022,167,635830,7.00823471170647,7.568,0
2022,168,635830,6.84340264026403,7.296,0
2022,169,635830,7.64737080178607,7.258,0
2022,170,635830,8.37126635604738,7.388,0
2022,171,635830,8.41518132401475,7.658,0
2022,172,635830,8.42995476606485,7.942,0
2022,173,635830,8.03492681032811,8.18,0
2022,174,635830,7.46524480683363,8.144,0
2022,175,635830,7.27458551737526,7.924,0
2022,176,635830,7.53103572121918,7.746,0
2022,177,635830,7.36323665307707,7.532,0
2022,178,635830,8.12486779266162,7.55,0
2022,179,635830,8.0942642205397,7.674,0
2022,180,635830,9.00301708406135,8.02,0
2022,181,635830,9.44176392933411,8.402,0
2022,182,635830,9.75322500485343,8.88,0
2023,60,635830,-1.50257483983692,-1.5,33.6
2023,61,635830,-1.72367229664142,-1.61,82.2
2023,62,635830,-1.79281498738108,-1.67,88.9
2023,63,635830,-1.78849796156086,-1.7,88.2
2023,64,635830,-1.70575927004465,-1.702,72.4
2023,65,635830,-1.4612686856921,-1.694,41.2
2023,66,635830,-1.13352630557173,-1.576,0
2023,67,635830,-1.11692506309455,-1.442,7.1
2023,68,635830,-1.126741215298,-1.31,5.4
2023,69,635830,-1.13760240729955,-1.196,18.9
2023,70,635830,-1.38502135507669,-1.182,50.5
2023,71,635830,-1.6338980780431,-1.282,57
2023,72,635830,-1.78972646088136,-1.416,62.8
2023,73,635830,-1.79558881770529,-1.55,73.8
2023,74,635830,-1.79842962531546,-1.682,77.2
2023,75,635830,-1.79992894583575,-1.764,82.6
2023,76,635830,-1.79932770335856,-1.798,89.6
2023,77,635830,-1.79886546301687,-1.8,89.1
2023,78,635830,-1.75732770335857,-1.792,94.4
2023,79,635830,-1.70775150456222,-1.774,83.2
2023,80,635830,-1.69541622985828,-1.754,69.4
2023,81,635830,-1.70578955542613,-1.736,70.1
2023,82,635830,-1.75481382255873,-1.726,68.5
2023,83,635830,-1.79954183653658,-1.734,64.3
2023,84,635830,-1.79944593282857,-1.752,66.6
2023,85,635830,-1.78986623956513,-1.77,71.7
2023,86,635830,-1.72077654824306,-1.772,59.8
2023,87,635830,-1.72915511551155,-1.768,63.1
2023,88,635830,-1.69465618326538,-1.746,47.2
2023,89,635830,-1.60821995728985,-1.708,40.5
2023,90,635830,-1.66672063676956,-1.684,39.8
2023,91,635830,-1.72938575033974,-1.686,52.8
2023,92,635830,-1.73592273344981,-1.688,58.9
2023,93,635830,-1.74104465152397,-1.698,61.6
2023,94,635830,-1.79858998252765,-1.736,62.5
2023,95,635830,-1.799865851291,-1.762,69
2023,96,635830,-1.79999999999999,-1.776,84.1
2023,97,635830,-1.79999999999999,-1.788,94.7
2023,98,635830,-1.79976159968937,-1.8,87.4
2023,99,635830,-1.79999999999999,-1.8,89.5
2023,100,635830,-1.79504018637158,-1.8,82.6
2023,101,635830,-1.77101417200543,-1.794,80.8
2023,102,635830,-1.74834168122694,-1.784,74
2023,103,635830,-1.75677674238012,-1.776,70.1
2023,104,635830,-1.7893616773442,-1.774,76.8
2023,105,635830,-1.79999999999999,-1.774,82.6
2023,106,635830,-1.79999999999999,-1.78,81.2
2023,107,635830,-1.79930809551543,-1.79,85.3
2023,108,635830,-1.79676024072995,-1.798,87.6
2023,109,635830,-1.51156125024267,-1.742,83.4
2023,110,635830,-1.1104606872452,-1.604,85.9
2023,111,635830,-0.931392350999807,-1.43,56.8
2023,112,635830,-0.852155115511551,-1.24,32.1
2023,113,635830,-0.948048340128132,-1.07,0
2023,114,635830,-0.987184624344788,-0.966,0
2023,115,635830,-0.990976703552709,-0.942,0
2023,116,635830,-1.09742846049311,-0.976,0
2023,117,635830,-1.29333721607455,-1.064,0
2023,118,635830,-0.991752669384586,-1.072,0
2023,119,635830,-0.760999029314697,-1.026,0
2023,120,635830,-0.759106581246361,-0.98,0
2023,121,635830,-0.761202679091439,-0.912,0
2023,122,635830,-0.764129877693653,-0.806,0
2023,123,635830,-0.765184624344788,-0.762,0
2023,124,635830,-0.73521549213745,-0.758,0
2023,125,635830,-0.537929528246943,-0.714,0
2023,126,635830,-0.185506697728597,-0.6,0
2023,127,635830,-0.119562415065036,-0.472,0
2023,128,635830,-0.0991621044457392,-0.338,0
2023,129,635830,-0.0770209668025631,-0.206,0
2023,130,635830,0.234541059988351,-0.052,0
2023,131,635830,0.290254125412541,0.044,0
2023,132,635830,0.26978936128907,0.122,0
2023,133,635830,0.262268103280916,0.194,0
2023,134,635830,0.604214715589206,0.33,0
2023,135,635830,0.282078431372548,0.34,0
2023,136,635830,0.582429819452533,0.398,0
2023,137,635830,0.821246942341292,0.508,0
2023,138,635830,0.808913609007959,0.618,0
2023,139,635830,0.810980974568044,0.66,0
2023,140,635830,0.905573286740438,0.786,0
2023,141,635830,1.24611667637352,0.92,0
2023,142,635830,1.59311395845467,1.074,0
2023,143,635830,1.87960201902543,1.288,0
2023,144,635830,1.83249077848961,1.492,0
2023,145,635830,1.66111745292176,1.642,0
2023,146,635830,1.64437274315667,1.72,0
2023,147,635830,1.53092913997282,1.708,0
2023,148,635830,1.79693457581052,1.692,0
2023,149,635830,2.0199044845661,1.73,0
2023,150,635830,2.02967423801204,1.804,0
2023,151,635830,2.04883634245778,1.886,0
2023,152,635830,2.18553135313531,2.018,0
2023,153,635830,2.3442642205397,2.126,0
2023,154,635830,2.67507901378373,2.258,0
2023,155,635830,3.08483304212774,2.468,0
2023,156,635830,3.29799029314696,2.718,0
2023,157,635830,3.27558415841584,2.936,0
2023,158,635830,3.24087070471753,3.116,0
2023,159,635830,2.70970549407882,3.122,0
2023,160,635830,3.66129237041351,3.238,0
2023,161,635830,3.44206833624538,3.266,0
2023,162,635830,3.54000038827412,3.318,0
2023,163,635830,3.71137390797903,3.412,0
2023,164,635830,3.99180450397981,3.668,0
2023,165,635830,4.01481556979227,3.738,0
2023,166,635830,4.26276373519705,3.902,0
2023,167,635830,4.46710522228693,4.088,0
2023,168,635830,4.562894583576,4.258,0
2023,169,635830,4.28727819840807,4.318,0
2023,170,635830,4.52759503009124,4.422,0
2023,171,635830,4.76771888953601,4.524,0
2023,172,635830,5.05269675791109,4.64,0
2023,173,635830,5.46735682391768,4.822,0
2023,174,635830,5.7442182100563,5.112,0
2023,175,635830,5.94656629780625,5.396,0
2023,176,635830,5.85023781789944,5.612,0
2023,177,635830,5.71596622015143,5.746,0
2023,178,635830,5.78903009124442,5.81,0
2023,179,635830,5.80672180159193,5.824,0
2023,180,635830,5.91712560667832,5.818,0
2023,181,635830,6.27677014172005,5.904,0
2023,182,635830,6.20327237429625,6,0
2024,61,635830,-1.79999999999999,-1.8,97.2
2024,62,635830,-1.79999999999999,-1.8,96
2024,63,635830,-1.788377014172,-1.79666666666667,93.5
2024,64,635830,-1.76301708406134,-1.7875,88.1
2024,65,635830,-1.70966763735197,-1.772,80.1
2024,66,635830,-1.66637429625315,-1.746,73
2024,67,635830,-1.68974354494273,-1.724,66
2024,68,635830,-1.7820776548243,-1.722,77.6
2024,69,635830,-1.79999999999999,-1.73,90.5
2024,70,635830,-1.79999999999999,-1.748,94.5
2024,71,635830,-1.79999767035526,-1.774,99.2
2024,72,635830,-1.79991457969326,-1.796,98.2
2024,73,635830,-1.79953426519122,-1.8,95.8
2024,74,635830,-1.79882741215298,-1.8,94.8
2024,75,635830,-1.79930673655601,-1.8,92.1
2024,76,635830,-1.79891846243448,-1.8,93.7
2024,77,635830,-1.79872976121142,-1.8,94.2
2024,78,635830,-1.79994214715589,-1.8,92.4
2024,79,635830,-1.79999999999999,-1.8,74.7
2024,80,635830,-1.79999262279168,-1.8,76.8
2024,81,635830,-1.79802096680255,-1.8,77.2
2024,82,635830,-1.75874373907978,-1.792,57.6
2024,83,635830,-1.75667695593088,-1.784,55.2
2024,84,635830,-1.66379654436032,-1.756,0
2024,85,635830,-1.79999999999999,-1.756,27.1
2024,86,635830,-1.79999999999999,-1.756,71.4
2024,87,635830,-1.79999999999999,-1.764,71.4
2024,88,635830,-1.79999747621819,-1.772,40.5
2024,89,635830,-1.79999708794408,-1.8,27.9
2024,90,635830,-1.55471655989128,-1.75,21.6
2024,91,635830,-1.6019638905067,-1.71,16.9
2024,92,635830,-1.77313803145019,-1.704,43.4
2024,93,635830,-1.79999999999999,-1.704,79.6
2024,94,635830,-1.78022481071636,-1.7,66.3
2024,95,635830,-1.75689458357599,-1.742,59
2024,96,635830,-1.74699223451756,-1.772,42.6
2024,97,635830,-1.77258881770529,-1.772,42.9
2024,98,635830,-1.7177961560862,-1.756,31.4
2024,99,635830,-1.71926247330615,-1.744,33.7
2024,100,635830,-1.77695826053195,-1.748,61
2024,101,635830,-1.79788487672296,-1.758,86.2
2024,102,635830,-1.79999999999999,-1.764,91.5
2024,103,635830,-1.79965909532129,-1.78,69
2024,104,635830,-1.79999999999999,-1.796,77.4
2024,105,635830,-1.79999999999999,-1.8,70.9
2024,106,635830,-1.79999999999999,-1.8,65.2
2024,107,635830,-1.76583964278781,-1.794,58
2024,108,635830,-1.68870665890118,-1.772,51.9
2024,109,635830,-1.72135973597359,-1.756,58.4
2024,110,635830,-1.76225218404193,-1.748,57.8
2024,111,635830,-1.65064977674238,-1.718,50.8
2024,112,635830,-1.28951232770336,-1.622,43.4
2024,113,635830,-1.27593593476995,-1.54,46.1
2024,114,635830,-1.29293651718113,-1.454,19.2
2024,115,635830,-1.28115822170452,-1.358,0
2024,116,635830,-1.24218326538536,-1.276,0
2024,117,635830,-1.38858163463405,-1.296,0
2024,118,635830,-1.40608872063677,-1.322,0
2024,119,635830,-0.852782372354884,-1.234,0
2024,120,635830,-0.010429819452534,-0.98,0
2024,121,635830,0.257797515045622,-0.68,0
2024,122,635830,0.026286158027567,-0.396,0
2024,123,635830,-0.0688767229664148,-0.128,0
2024,124,635830,-0.0910446515239763,0.024,0
2024,125,635830,-0.199712677150069,-0.014,0
2024,126,635830,-0.347119782566493,-0.136,0
2024,127,635830,-0.465577751892837,-0.236,0
2024,128,635830,-0.130920209668026,-0.248,0
2024,129,635830,-0.138752863521647,-0.258,0
2024,130,635830,-0.180960590176666,-0.254,0
2024,131,635830,-0.205832847990682,-0.226,0
2024,132,635830,0.208457775189283,-0.09,0
2024,133,635830,0.478246554067171,0.032,0
2024,134,635830,0.458172393709958,0.152,0
2024,135,635830,0.424274703940982,0.272,0
2024,136,635830,0.503993399339933,0.414,0
2024,137,635830,0.528158998252767,0.478,0
2024,138,635830,0.565324597165598,0.496,0
2024,139,635830,0.680659677732478,0.54,0
2024,140,635830,0.889006794797126,0.634,0
2024,141,635830,1.00943020772665,0.736,0
2024,142,635830,0.974191613278974,0.824,0
2024,143,635830,0.910809939817511,0.892,0
2024,144,635830,0.883625703746845,0.932,0
2024,145,635830,0.95618792467482,0.946,0
2024,146,635830,1.16652572316055,0.978,0
2024,147,635830,1.36621937487866,1.058,0
2024,148,635830,1.60397553873034,1.196,0
2024,149,635830,1.67265773636187,1.354,0
2024,150,635830,1.72870316443409,1.508,0
2024,151,635830,1.61257173364395,1.596,0
2024,152,635830,1.69318132401475,1.66,0
2024,153,635830,2.0047456804504,1.74,0
2024,154,635830,2.10696175499903,1.828,0
2024,155,635830,2.27705241700641,1.938,0
2024,156,635830,2.31485342651912,2.078,0
2024,157,635830,2.16255853232382,2.172,0
2024,158,635830,2.16632401475441,2.206,0
2024,159,635830,2.38901184236071,2.262,0
2024,160,635830,2.86621840419336,2.38,0
2024,161,635830,3.59311395845467,2.636,0
2024,162,635830,3.9820910502815,3,0
2024,163,635830,3.94195243642011,3.354,0
2024,164,635830,4.02254436031838,3.68,0
2024,165,635830,3.96146107551931,3.898,0
2024,166,635830,4.30043409046787,4.04,0
2024,167,635830,4.81976606484178,4.208,0
2024,168,635830,4.98746437584935,4.418,0
2024,169,635830,5.2644220539701,4.666,0
2024,170,635830,5.80963308095515,5.036,0
2024,171,635830,6.5010875558144,5.476,0
2024,172,635830,5.87697825664919,5.688,0
2024,173,635830,5.78794078819647,5.848,0
2024,174,635830,5.78774898078043,5.954,0
2024,175,635830,5.86879926227916,5.966,0
2024,176,635830,5.98046049310813,5.862,0
2024,177,635830,6.23252999417589,5.932,0
2024,178,635830,6.42783692486896,6.06,0
2024,179,635830,6.49488526499709,6.2,0
2024,180,635830,6.44830110658125,6.316,0
2024,181,635830,6.39708949718501,6.4,0
2024,182,635830,6.3548955542613,6.424,0
2016,61,645900,1.43276159968938,0.81,0
2016,62,645900,1.50039002135508,0.83,0
2016,63,645900,1.51203455639682,0.823333333333333,0
2016,64,645900,1.49099301106581,0.83,0
2016,65,645900,1.43554940788196,0.824,0
2016,66,645900,1.32305629974762,0.782,0
2016,67,645900,0.519818287711124,0.58,0
2016,68,645900,0.480117647058823,0.398,0
2016,69,645900,0.532569015725102,0.21,0
2016,70,645900,0.672428654630168,0.078,0
2016,71,645900,0.831996117258785,0.002,0
2016,72,645900,0.975349252572315,0.08,0
2016,73,645900,1.05566530770724,0.148,0
2016,74,645900,0.913110269850514,0.188,0
2016,75,645900,0.744465346534653,0.194,0
2016,76,645900,0.68532479130266,0.164,0
2016,77,645900,0.625511745292176,0.08,0
2016,78,645900,0.582808969132207,-0.024,4.5
2016,79,645900,0.514671131819064,-0.13,5.1
2016,80,645900,0.38851271597748,-0.33,13.2
2016,81,645900,0.3956194913609,-0.57,15.8
2016,82,645900,-0.126406717142303,-0.756,7.2
2016,83,645900,-0.186756746262862,-0.882,0
2016,84,645900,0.173028344010871,-0.888,0
2016,85,645900,-0.222910696952049,-0.994,0
2016,86,645900,-0.253761793826442,-1.06,0
2016,87,645900,-0.108411570568822,-1.128,0
2016,88,645900,-0.0129052611143472,-1.218,0
2016,89,645900,0.153515628033391,-1.38,0
2016,90,645900,0.466847214133177,-1.282,0
2016,91,645900,0.584620656183265,-1.184,0
2016,92,645900,0.917551931663754,-0.976,0
2016,93,645900,1.03938885653271,-0.692,0
2016,94,645900,0.941469811687051,-0.496,0
2016,95,645900,0.874348864298195,-0.438,0
2016,96,645900,0.881157639293341,-0.378,0
2016,97,645900,2.02489768976898,-0.336,0
2016,98,645900,2.03137002523782,-0.396,0
2016,99,645900,2.07869792273345,-0.368,0
2016,100,645900,2.12085032032615,-0.264,0
2016,101,645900,2.12763346922928,-0.17,0
2016,102,645900,2.38184701999612,-0.062,0
2016,103,645900,2.66913550766842,0.102,0
2016,104,645900,2.67766161910309,0.258,0
2016,105,645900,2.55137740244612,0.438,0
2016,106,645900,2.70334905843526,0.692,0
2016,107,645900,2.76881615220346,0.86,0
2016,108,645900,2.80137584934964,1.008,0
2016,109,645900,2.87344069112793,1.206,0
2016,110,645900,2.88810541642399,1.366,0
2016,111,645900,2.9692805280528,1.454,0
2016,112,645900,2.96896796738497,1.548,0
2016,113,645900,3.25986060959037,1.694,0
2016,114,645900,3.84650572704329,1.902,0
2016,115,645900,4.02335099980586,2.132,0
2016,116,645900,4.07422655794992,2.412,0
2016,117,645900,4.1175373713842,2.704,0
2016,118,645900,4.17928227528635,2.95,0
2016,119,645900,4.20665521258008,3.08,0
2016,120,645900,4.37667734420501,3.18,0
2016,121,645900,4.43536866627839,3.262,0
2016,122,645900,4.40832925645506,3.324,0
2016,123,645900,4.34753407105417,3.388,0
2016,124,645900,3.99485944476801,3.446,0
2016,125,645900,4.06979576781208,3.508,0
2016,126,645900,4.25903746845273,3.584,0
2016,127,645900,4.41051815181518,3.682,0
2016,128,645900,4.6591875364007,3.818,0
2016,129,645900,4.83710483401282,3.966,0
2016,130,645900,5.01966569598135,4.26,0
2016,131,645900,5.06380896913221,4.55,0
2016,132,645900,4.96960143661426,4.778,0
2016,133,645900,4.9721920015531,4.934,0
2016,134,645900,5.07277169481654,5.08,0
2016,135,645900,5.35551446321103,5.08,0
2016,136,645900,5.90925509609785,5.114,0
2016,137,645900,6.35209784507862,5.38,0
2016,138,645900,6.49287730537759,5.672,0
2016,139,645900,6.46114929139973,5.972,0
2016,140,645900,6.41427412152979,6.238,0
2016,141,645900,6.0392597553873,6.476,0
2016,142,645900,6.04949446709377,6.532,0
2016,143,645900,6.09118132401476,6.55,0
2016,144,645900,7.01070471753057,6.724,0
2016,145,645900,7.37592952824694,7.022,0
2016,146,645900,7.43415822170452,7.274,0
2016,147,645900,7.38078509027374,7.504,0
2016,148,645900,7.15096563774025,7.72,0
2016,149,645900,7.20555231993788,7.794,0
2016,150,645900,7.12775092215105,7.758,0
2016,151,645900,7.13952999417589,7.706,0
2016,152,645900,7.05711609396233,7.604,0
2016,153,645900,7.99735468841002,7.652,0
2016,154,645900,7.97150980392157,7.778,0
2016,155,645900,7.93896602601437,8.008,0
2016,156,645900,7.98488079984469,8.3,0
2016,157,645900,8.14362861580276,8.642,0
2016,158,645900,8.53926868569209,8.94,0
2016,159,645900,8.64375791108523,9.166,0
2016,160,645900,8.58833022714035,9.332,0
2016,161,645900,8.68486410405746,9.488,0
2016,162,645900,8.9664626286158,9.63,0
2016,163,645900,9.02386856920987,9.818,0
2016,164,645900,8.83243991457969,9.876,0
2016,165,645900,9.13101203649776,9.94,0
2016,166,645900,9.59139662201513,10.092,0
2016,167,645900,9.81169656377403,10.264,0
2016,168,645900,10.2447014172005,10.364,0
2016,169,645900,10.0405812463599,10.502,0
2016,170,645900,10.0000739662202,10.672,0
2016,171,645900,10.0506534653465,10.404,0
2016,172,645900,10.2026377402446,10.456,0
2016,173,645900,10.2297713065424,10.522,0
2016,174,645900,10.2505437779072,10.63,0
2016,175,645900,10.1209433119783,10.58,0
2016,176,645900,9.96301824888371,10.842,0
2016,177,645900,10.2873313919627,10.864,0
2016,178,645900,10.6388002329645,10.898,0
2016,179,645900,10.7160465928946,11.01,0
2016,180,645900,10.718977674238,11.124,0
2016,181,645900,10.8152341292953,11.28,0
2016,182,645900,11.2732032615026,11.31,0
2017,60,645900,-1.79971325956124,-1.8,91.1
2017,61,645900,-1.79999999999999,-1.8,93.3
2017,62,645900,-1.79992215103862,-1.8,96.5
2017,63,645900,-1.79997825664919,-1.8,96.4
2017,64,645900,-1.79984915550378,-1.8,90.4
2017,65,645900,-1.79953640069889,-1.8,97.3
2017,66,645900,-1.7995131042516,-1.8,100
2017,67,645900,-1.79955620267909,-1.8,99.6
2017,68,645900,-1.79958124635993,-1.8,100
2017,69,645900,-1.79973907979033,-1.796,100
2017,70,645900,-1.79935779460299,-1.786,100
2017,71,645900,-1.79752067559695,-1.77,91.9
2017,72,645900,-1.7961444379732,-1.756,88.7
2017,73,645900,-1.79924558338185,-1.75,99
2017,74,645900,-1.79997553873033,-1.754,91.8
2017,75,645900,-1.7999875752281,-1.764,86
2017,76,645900,-1.79995437779071,-1.78,90.7
2017,77,645900,-1.79987303436225,-1.794,89.6
2017,78,645900,-1.79996777324791,-1.8,90.3
2017,79,645900,-1.79990040768782,-1.8,88.6
2017,80,645900,-1.79960046592894,-1.798,90.3
2017,81,645900,-1.79932576198796,-1.796,90.7
2017,82,645900,-1.79956183265385,-1.794,89.4
2017,83,645900,-1.79969442826635,-1.794,90.5
2017,84,645900,-1.79938225587265,-1.794,94.8
2017,85,645900,-1.79894505921181,-1.796,91.4
2017,86,645900,-1.79983576004659,-1.798,85.5
2017,87,645900,-1.79997359735973,-1.8,75.7
2017,88,645900,-1.79993826441467,-1.8,86.3
2017,89,645900,-1.79999999999999,-1.8,80
2017,90,645900,-1.79374645699863,-1.8,64.4
2017,91,645900,-1.79793787614053,-1.8,59.2
2017,92,645900,-1.79999999999999,-1.8,73.5
2017,93,645900,-1.79999999999999,-1.8,84.3
2017,94,645900,-1.79999999999999,-1.8,75.7
2017,95,645900,-1.79999999999999,-1.8,67.4
2017,96,645900,-1.75846418171229,-1.8,60.3
2017,97,645900,-1.67775344593283,-1.796,54.2
2017,98,645900,-1.63900524170064,-1.788,48.9
2017,99,645900,-1.64231042516016,-1.762,42.3
2017,100,645900,-1.6421424966026,-1.722,36.2
2017,101,645900,-1.32543370219375,-1.658,26.9
2017,102,645900,-0.825518734226365,-1.494,0
2017,103,645900,-0.536303630363036,-1.32,0
2017,104,645900,-0.55618248883712,-1.144,0
2017,105,645900,-0.583688604154534,-0.936,0
2017,106,645900,-0.571045816346341,-0.728,0
2017,107,645900,-0.484035721219181,-0.642,0
2017,108,645900,-0.306735002912057,-0.548,0
2017,109,645900,-0.204866627839255,-0.484,0
2017,110,645900,-0.24914191419142,-0.446,0
2017,111,645900,-0.0561296835565914,-0.404,0
2017,112,645900,0.158465346534653,-0.274,0
2017,113,645900,0.26235294117647,-0.114,0
2017,114,645900,0.32001028926422,0.1,0
2017,115,645900,0.358288487672296,0.3,0
2017,116,645900,0.451470976509415,0.486,0
2017,117,645900,0.681744515628032,0.642,0
2017,118,645900,0.821831489031255,0.784,0
2017,119,645900,0.86371850126189,0.88,0
2017,120,645900,0.882211221122112,0.984,0
2017,121,645900,0.93516501650165,1.074,0
2017,122,645900,1.3515437779072,1.128,0
2017,123,645900,1.27103125606678,1.174,0
2017,124,645900,1.22563696369637,1.296,0
2017,125,645900,1.2000405746457,1.458,0
2017,126,645900,1.23759134148709,1.626,0
2017,127,645900,1.61506212385944,1.814,0
2017,128,645900,2.14599048728402,1.984,0
2017,129,645900,2.13450960978451,2.026,0
2017,130,645900,2.15606212385944,2.02,0
2017,131,645900,2.34670879440885,2.028,0
2017,132,645900,2.27524189477771,2.074,0
2017,133,645900,1.94856940399922,2.152,0
2017,134,645900,1.81424597165599,2.298,0
2017,135,645900,1.76885129101146,2.464,0
2017,136,645900,1.85037720830906,2.65,0
2017,137,645900,2.47538031450204,2.804,0
2017,138,645900,2.63256086196855,2.972,0
2017,139,645900,2.69938516792856,3.154,0
2017,140,645900,2.78139487478159,3.36,0
2017,141,645900,2.89638749757329,3.556,0
2017,142,645900,3.1168476024073,3.688,0
2017,143,645900,3.11856629780625,3.758,0
2017,144,645900,3.21378664337022,3.788,0
2017,145,645900,3.22658163463405,3.71,0
2017,146,645900,3.038993593477,3.582,0
2017,147,645900,3.466741215298,3.792,0
2017,148,645900,3.75533372160745,4.056,0
2017,149,645900,3.90339856338575,4.364,0
2017,150,645900,4.00048767229664,4.746,0
2017,151,645900,4.08806270627062,5.162,0
2017,152,645900,4.52149077848961,5.344,0
2017,153,645900,4.52941487089886,5.534,0
2017,154,645900,4.73975033973986,5.734,0
2017,155,645900,4.94240535818288,5.996,0
2017,156,645900,4.760600660066,6.186,0
2017,157,645900,4.93438439138031,6.362,0
2017,158,645900,5.30907940205785,6.532,0
2017,159,645900,5.58008231411376,6.698,0
2017,160,645900,5.58721199767035,6.78,0
2017,161,645900,5.61777480100951,6.878,0
2017,162,645900,5.70423762376237,6.938,0
2017,163,645900,5.69222228693458,6.862,0
2017,164,645900,5.90518054746651,6.818,0
2017,165,645900,6.05961075519316,6.942,0
2017,166,645900,6.11210891089109,7.086,0
2017,167,645900,6.56647932440303,7.234,0
2017,168,645900,6.70923956513298,7.48,0
2017,169,645900,6.58883051834595,7.684,0
2017,170,645900,6.97586585129101,7.962,0
2017,171,645900,7.27985866821976,8.302,0
2017,172,645900,7.28262745098039,8.622,0
2017,173,645900,7.28231566686081,8.902,0
2017,174,645900,7.46303183847797,9.094,0
2017,175,645900,8.00603999223452,9.098,0
2017,176,645900,8.30105358182877,9.108,0
2017,177,645900,7.97708891477383,9.012,0
2017,178,645900,7.75633915744516,8.914,0
2017,179,645900,7.71179285575616,8.85,0
2017,180,645900,7.79446088138226,8.744,0
2017,181,645900,7.69977577169482,8.646,0
2017,182,645900,7.75427082119977,8.81,0
2018,60,645900,-0.525707241312367,-1.31,0
2018,61,645900,-0.412829935934771,-1.09,0
2018,62,645900,-0.457871287128713,-1.09,0
2018,63,645900,-0.713792661619104,-1.1525,0
2018,64,645900,-0.972099592312172,-1.212,0
2018,65,645900,-1.00770588235294,-1.234,0
2018,66,645900,-0.993910308677927,-1.326,0
2018,67,645900,-1.01720811492914,-1.374,0
2018,68,645900,-1.05113667249078,-1.398,0
2018,69,645900,-1.12623820617356,-1.428,16.5
2018,70,645900,-1.31959697146185,-1.474,27.2
2018,71,645900,-1.55043156668608,-1.542,26.2
2018,72,645900,-1.37452572316055,-1.624,37.8
2018,73,645900,-1.31689147738303,-1.676,37.4
2018,74,645900,-1.36678567268492,-1.71,30
2018,75,645900,-1.39054261308484,-1.734,31.6
2018,76,645900,-1.37969442826636,-1.75,16.2
2018,77,645900,-1.49741894777713,-1.754,8.2
2018,78,645900,-1.46404562220927,-1.76,6.6
2018,79,645900,-1.27229139972821,-1.75,7.1
2018,80,645900,-0.936531935546496,-1.734,8
2018,81,645900,-0.793503009124443,-1.696,0
2018,82,645900,-0.855599689380704,-1.646,0
2018,83,645900,-0.90103766258979,-1.594,0
2018,84,645900,-0.89654804892254,-1.55,0
2018,85,645900,-0.868901960784314,-1.522,0
2018,86,645900,-0.830026208503204,-1.528,0
2018,87,645900,-0.759358377014173,-1.542,0
2018,88,645900,-0.644781207532519,-1.546,0
2018,89,645900,-0.586879829159387,-1.502,0
2018,90,645900,-0.57478916715201,-1.384,0
2018,91,645900,-0.543655406717143,-1.25,0
2018,92,645900,-0.444772471364784,-1.106,0
2018,93,645900,-0.210203649776743,-0.966,0
2018,94,645900,-0.206906814210833,-0.88,0
2018,95,645900,-0.419965055329063,-0.904,0
2018,96,645900,-0.506499708794409,-0.954,0
2018,97,645900,-0.303016307513105,-1.01,0
2018,98,645900,-0.342110852261697,-1.056,0
2018,99,645900,-0.286307707241313,-1.076,0
2018,100,645900,-0.138107746068725,-1.022,0
2018,101,645900,-0.229308872063677,-0.866,0
2018,102,645900,-0.229204426324986,-0.688,0
2018,103,645900,-0.0252380120364983,-0.512,0
2018,104,645900,0.256875558144049,-0.356,0
2018,105,645900,0.108503979809745,-0.258,0
2018,106,645900,0.191285187342263,-0.258,0
2018,107,645900,0.126887012230634,-0.266,0
2018,108,645900,0.593311784119588,-0.262,0
2018,109,645900,0.791786643370219,-0.232,0
2018,110,645900,0.933854979615608,-0.154,0
2018,111,645900,0.971755775577558,-0.04,0
2018,112,645900,0.82245699864104,0,0
2018,113,645900,0.60647738303242,-0.01,0
2018,114,645900,0.725145796932634,0.018,0
2018,115,645900,0.953458940011647,0.128,0
2018,116,645900,1.40808522616967,0.224,0
2018,117,645900,1.5401613278975,0.382,0
2018,118,645900,1.5721335662978,0.64,0
2018,119,645900,1.76239701028926,0.908,0
2018,120,645900,1.8012894583576,1.068,0
2018,121,645900,1.74393554649582,1.22,0
2018,122,645900,1.68330790137837,1.366,0
2018,123,645900,1.68108483789555,1.452,0
2018,124,645900,1.76890429042904,1.498,0
2018,125,645900,1.79988545913415,1.576,0
2018,126,645900,1.81599378761406,1.694,0
2018,127,645900,1.96663715783343,1.848,0
2018,128,645900,2.35150456222093,1.942,0
2018,129,645900,2.49637468452728,2.018,0
2018,130,645900,2.63956338575034,2.142,0
2018,131,645900,2.64480722189866,2.27,0
2018,132,645900,2.76784507862551,2.38,0
2018,133,645900,2.8780999805863,2.542,0
2018,134,645900,2.93785362065618,2.732,0
2018,135,645900,2.98287342263638,2.876,0
2018,136,645900,3.00336323044069,2.986,0
2018,137,645900,3.08064997087944,3.088,0
2018,138,645900,3.19051232770336,3.182,0
2018,139,645900,4.3433597359736,3.282,0
2018,140,645900,4.54534420500873,3.442,0
2018,141,645900,4.64053018831295,3.668,0
2018,142,645900,4.54462026790915,3.914,0
2018,143,645900,4.26450999805863,4.164,0
2018,144,645900,4.31912152980004,4.396,0
2018,145,645900,4.33528169287517,4.578,0
2018,146,645900,4.47105455251408,4.706,0
2018,147,645900,4.78429819452533,4.822,0
2018,148,645900,4.79633022714036,4.994,0
2018,149,645900,4.85556377402446,5.146,0
2018,150,645900,5.13422015142691,5.29,0
2018,151,645900,5.20621879246748,5.41,0
2018,152,645900,5.18692195690157,5.556,0
2018,153,645900,5.31181537565522,5.69,0
2018,154,645900,5.6082706270627,5.856,0
2018,155,645900,5.58296214327315,6.006,0
2018,156,645900,5.60558241118229,6.174,0
2018,157,645900,5.942594253543,6.38,0
2018,158,645900,6.39203145020384,6.548,0
2018,159,645900,6.48872859638905,6.678,0
2018,160,645900,6.58843409046787,6.908,0
2018,161,645900,6.75414773830325,7.272,0
2018,162,645900,6.95979965055329,7.602,0
2018,163,645900,7.21657503397399,7.982,0
2018,164,645900,7.25434692292758,8.402,0
2018,165,645900,7.54993069306931,8.746,0
2018,166,645900,7.52900368860416,8.902,0
2018,167,645900,7.54717782954766,8.904,0
2018,168,645900,7.55305765870705,8.814,0
2018,169,645900,7.44728111046398,8.672,0
2018,170,645900,7.4286249271986,8.48,0
2018,171,645900,7.41701145408658,8.332,0
2018,172,645900,7.53715065035916,8.328,0
2018,173,645900,7.98688079984469,8.428,0
2018,174,645900,8.00884934964084,8.552,0
2018,175,645900,8.0277619879635,8.694,0
2018,176,645900,7.99169811687051,8.808,0
2018,177,645900,8.15708949718501,8.898,0
2018,178,645900,8.7931162880994,8.966,0
2018,179,645900,9.0794814599107,8.98,0
2018,180,645900,9.26362783925452,8.886,0
2018,181,645900,9.52871850126189,8.902,0
2018,182,645900,9.66002795573674,9.126,0
2019,60,645900,0.924626674432149,0.3,0
2019,61,645900,1.01370122306348,0.465,0
2019,62,645900,1.19594797126771,0.543333333333333,0
2019,63,645900,1.21652417006406,0.5725,0
2019,64,645900,1.07047214133178,0.568,0
2019,65,645900,1.21240768782761,0.642,0
2019,66,645900,1.35243370219375,0.724,0
2019,67,645900,1.34551931663755,0.798,0
2019,68,645900,1.36027975150456,0.876,0
2019,69,645900,1.21689885459134,0.958,0
2019,70,645900,0.783656571539506,0.892,0
2019,71,645900,0.800066006600659,0.774,0
2019,72,645900,1.05844457386915,0.678,0
2019,73,645900,1.27798621626869,0.63,0
2019,74,645900,1.27722345175694,0.608,0
2019,75,645900,1.2332894583576,0.708,0
2019,76,645900,1.11964511745292,0.766,0
2019,77,645900,1.09917549990293,0.776,0
2019,78,645900,1.10492933410988,0.74,0
2019,79,645900,1.16182372354883,0.702,0
2019,80,645900,1.20489710735779,0.656,0
2019,81,645900,1.13037293729373,0.634,0
2019,82,645900,0.92589866045428,0.636,0
2019,83,645900,0.803464375849349,0.57,0
2019,84,645900,0.809948941953017,0.472,0
2019,85,645900,0.858984469035139,0.384,0
2019,86,645900,1.0439702970297,0.298,0
2019,87,645900,1.04934381673461,0.27,0
2019,88,645900,1.16001941370608,0.366,0
2019,89,645900,1.33457328674044,0.52,0
2019,90,645900,1.7115546495826,0.726,0
2019,91,645900,1.82677771306543,0.952,0
2019,92,645900,1.57403203261503,1.11,0
2019,93,645900,1.69560784313725,1.216,0
2019,94,645900,1.8396392933411,1.318,0
2019,95,645900,1.91780955154339,1.374,0
2019,96,645900,2.00201863715783,1.402,0
2019,97,645900,1.94064414676762,1.426,0
2019,98,645900,1.95460609590371,1.468,0
2019,99,645900,1.95114735002912,1.498,0
2019,100,645900,2.14474703940982,1.532,0
2019,101,645900,2.23571092991652,1.574,0
2019,102,645900,2.01339720442633,1.662,0
2019,103,645900,2.02071830712483,1.766,0
2019,104,645900,2.31580858085809,1.936,0
2019,105,645900,2.34802387885847,2.098,0
2019,106,645900,2.24561677344205,2.23,0
2019,107,645900,2.12709842748981,2.316,0
2019,108,645900,1.86241642399534,2.25,0
2019,109,645900,1.97503766258979,2.088,0
2019,110,645900,2.11249097262667,1.942,0
2019,111,645900,2.19996952048146,1.842,0
2019,112,645900,1.71603339157445,1.636,0
2019,113,645900,1.64759405940594,1.512,0
2019,114,645900,1.57585129101145,1.398,0
2019,115,645900,2.01752824694234,1.326,0
2019,116,645900,2.28326655018443,1.28,0
2019,117,645900,2.38855076684139,1.382,0
2019,118,645900,2.58120015530965,1.53,0
2019,119,645900,2.6586456998641,1.626,0
2019,120,645900,2.69379479712677,1.62,0
2019,121,645900,2.89466977285964,1.814,0
2019,122,645900,2.95033158609978,1.99,0
2019,123,645900,2.99598582799456,2.158,0
2019,124,645900,2.98602096680256,2.358,0
2019,125,645900,2.97978703164434,2.576,0
2019,126,645900,2.85895690157251,2.512,0
2019,127,645900,3.02006833624539,2.428,0
2019,128,645900,3.24261366724908,2.478,0
2019,129,645900,3.43860590176665,2.618,0
2019,130,645900,4.09466026014366,2.96,0
2019,131,645900,4.32006658901184,3.382,0
2019,132,645900,4.24353232382062,3.796,0
2019,133,645900,4.06269792273345,4.048,0
2019,134,645900,3.95202193748787,4.224,0
2019,135,645900,4.05055503785673,4.2,0
2019,136,645900,4.19604756357988,4.108,0
2019,137,645900,4.4544789361289,4.11,0
2019,138,645900,4.71094350611532,4.146,0
2019,139,645900,4.60750087361677,4.22,0
2019,140,645900,4.74773752669385,4.372,0
2019,141,645900,4.60681770529994,4.528,0
2019,142,645900,4.75002407299553,4.666,0
2019,143,645900,4.74882818870122,4.708,0
2019,144,645900,5.05691011454086,4.818,0
2019,145,645900,5.30529508833236,4.972,0
2019,146,645900,5.42887439332168,5.198,0
2019,147,645900,5.7687456804504,5.262,0
2019,148,645900,6.37874898078043,5.638,0
2019,149,645900,6.53025257231606,5.934,0
2019,150,645900,6.34205785284411,6.182,0
2019,151,645900,6.49113570180547,6.376,0
2019,152,645900,6.68821490972627,6.708,0
2019,153,645900,7.02959561250243,6.896,0
2019,154,645900,7.2009367113182,7.08,0
2019,155,645900,7.17852009318579,7.228,0
2019,156,645900,7.24987885847408,7.392,0
2019,157,645900,7.35207590759076,7.5,0
2019,158,645900,7.90001960784313,7.576,0
2019,159,645900,7.89033799262279,7.662,0
2019,160,645900,7.83632789749562,7.838,0
2019,161,645900,8.21120209668025,8.076,0
2019,162,645900,8.59454940788197,8.362,0
2019,163,645900,8.72211318190642,8.58,0
2019,164,645900,8.71151892836343,8.762,0
2019,165,645900,8.95877305377597,9.018,0
2019,166,645900,9.29324480683363,9.246,0
2019,167,645900,9.58755950300914,9.43,0
2019,168,645900,9.76006658901185,9.658,0
2019,169,645900,9.72946476412347,9.906,0
2019,170,645900,9.94154164239954,10.004,0
2019,171,645900,9.85925664919434,10.012,0
2019,172,645900,9.93063599301106,10.008,0
2019,173,645900,9.59936323044068,9.84,0
2019,174,645900,9.39064764123471,9.626,0
2019,175,645900,9.29241254125413,9.44,0
2019,176,645900,9.62135488254708,9.444,0
2019,177,645900,9.85181207532518,9.544,0
2019,178,645900,10.2083410988158,9.836,0
2019,179,645900,10.1046627839255,10.182,0
2019,180,645900,10.0892964472918,10.456,0
2019,181,645900,10.0743267326733,10.582,0
2019,182,645900,10.1278716754028,10.626,0
2020,61,645900,-1.7999722384003,-1.8,91.8
2020,62,645900,-1.79986196854979,-1.8,95.6
2020,63,645900,-1.79983090662007,-1.8,94.4
2020,64,645900,-1.79959949524363,-1.8,93.8
2020,65,645900,-1.79999048728401,-1.8,95
2020,66,645900,-1.79982372354881,-1.8,94.8
2020,67,645900,-1.79996447291787,-1.8,97.6
2020,68,645900,-1.79975150456222,-1.8,97.5
2020,69,645900,-1.79953911861774,-1.8,96.9
2020,70,645900,-1.79883517763541,-1.8,99.2
2020,71,645900,-1.79874587458744,-1.8,100
2020,72,645900,-1.79998233352746,-1.8,100
2020,73,645900,-1.79864317608229,-1.8,98.5
2020,74,645900,-1.79681498738107,-1.8,93
2020,75,645900,-1.79531993787612,-1.8,89.6
2020,76,645900,-1.78329819452533,-1.78,83.3
2020,77,645900,-1.75447369442827,-1.746,70.6
2020,78,645900,-1.51267482042322,-1.676,68
2020,79,645900,-1.28765152397593,-1.578,59.2
2020,80,645900,-1.23046748204232,-1.482,60.6
2020,81,645900,-1.25596660842555,-1.424,60.2
2020,82,645900,-1.48583711900602,-1.416,71.4
2020,83,645900,-1.79999999999999,-1.486,80.4
2020,84,645900,-1.78549136090078,-1.562,74.1
2020,85,645900,-1.74905552319938,-1.602,73.9
2020,86,645900,-1.69136400698893,-1.604,69
2020,87,645900,-1.68168200349447,-1.566,68.2
2020,88,645900,-1.74888410017472,-1.532,64
2020,89,645900,-1.79557561638516,-1.554,78.9
2020,90,645900,-1.79999999999999,-1.61,89.6
2020,91,645900,-1.79988390603765,-1.686,80
2020,92,645900,-1.79574121529799,-1.766,64.4
2020,93,645900,-1.79720792079207,-1.8,65.3
2020,94,645900,-1.79257076295864,-1.792,74.6
2020,95,645900,-1.78303106192971,-1.774,83.8
2020,96,645900,-1.69855989128325,-1.742,63.6
2020,97,645900,-1.71852980003883,-1.71,65
2020,98,645900,-1.7020469811687,-1.686,64.5
2020,99,645900,-1.7074111822947,-1.682,62.3
2020,100,645900,-1.6853443991458,-1.686,57.9
2020,101,645900,-1.65201164822365,-1.704,52.2
2020,102,645900,-1.66917899437003,-1.73,48.6
2020,103,645900,-1.34298136284217,-1.71,25.4
2020,104,645900,-1.29801339545719,-1.638,16.2
2020,105,645900,-1.24498427489808,-1.594,0
2020,106,645900,-1.07418171228888,-1.528,0
2020,107,645900,-0.84285517375267,-1.452,0
2020,108,645900,-0.980904484566104,-1.444,0
2020,109,645900,-0.96521063871093,-1.466,0
2020,110,645900,-0.0232453892448075,-1.426,0
2020,111,645900,0.10936575422248,-1.256,0
2020,112,645900,0.0731473500291201,-1.08,0
2020,113,645900,0.183777324791302,-0.86,0
2020,114,645900,0.199543972044263,-0.604,0
2020,115,645900,0.366664337021937,-0.298,0
2020,116,645900,0.159135895942535,-0.162,0
2020,117,645900,0.131286546301689,-0.064,0
2020,118,645900,0.393072801397786,-0.008,0
2020,119,645900,0.555629780625121,0.026,0
2020,120,645900,0.543216851096874,-0.024,0
2020,121,645900,0.509900795961948,-0.054,0
2020,122,645900,0.448178800232964,-0.064,0
2020,123,645900,0.692425936711317,-0.012,0
2020,124,645900,0.900251795767812,0.02,0
2020,125,645900,1.02431760823141,0.052,0
2020,126,645900,1.03575694039992,0.1,0
2020,127,645900,1.12947272374296,0.168,0
2020,128,645900,1.30536905455251,0.388,0
2020,129,645900,2.01010599883518,0.68,0
2020,130,645900,2.11239759270045,0.954,0
2020,131,645900,2.04323005241701,1.166,0
2020,132,645900,1.91524635993011,1.312,0
2020,133,645900,1.85932498543972,1.238,0
2020,134,645900,1.96215919238983,1.134,0
2020,135,645900,2.05985362065618,1.21,0
2020,136,645900,2.08022325761988,1.326,0
2020,137,645900,2.08439933993399,1.48,0
2020,138,645900,2.02029528246943,1.672,0
2020,139,645900,4.89443991457969,2.288,0
2020,140,645900,4.19360590176665,2.634,0
2020,141,645900,2.19172432537371,2.588,0
2020,142,645900,1.83601456027956,2.492,0
2020,143,645900,1.64872374296253,2.376,0
2020,144,645900,3.22620345563968,2.17,0
2020,145,645900,3.33708250825082,2.1,0
2020,146,645900,3.30670355270821,2.378,0
2020,147,645900,3.44519161327897,2.744,0
2020,148,645900,3.92252980003883,3.15,0
2020,149,645900,4.22261017278198,3.206,0
2020,150,645900,4.78252067559697,3.416,0
2020,151,645900,5.07026227916909,3.678,0
2020,152,645900,5.01632964472918,3.898,0
2020,153,645900,4.85414948553679,4.124,0
2020,154,645900,4.9100974568045,4.382,0
2020,155,645900,5.04339506891865,4.48,0
2020,156,645900,4.91054183653659,4.568,0
2020,157,645900,5.43216249271986,4.734,0
2020,158,645900,6.12709143855562,5.224,0
2020,159,645900,5.93394564162298,5.582,0
2020,160,645900,6.15920656183265,5.924,0
2020,161,645900,6.22905824111823,6.278,0
2020,162,645900,6.18050300912444,6.562,0
2020,163,645900,6.03613337216074,6.45,0
2020,164,645900,5.71250359153562,6.314,0
2020,165,645900,5.53893574063289,6.168,0
2020,166,645900,5.75233896330809,6.074,0
2020,167,645900,5.53967947971268,5.952,0
2020,168,645900,5.79472917880023,5.884,0
2020,169,645900,6.50766123082896,5.962,0
2020,170,645900,6.74388623568239,6.106,0
2020,171,645900,7.35526616191031,6.56,0
2020,172,645900,7.464329062318,7.086,0
2020,173,645900,7.56102096680257,7.614,0
2020,174,645900,7.5946041545331,8.082,0
2020,175,645900,7.53567035527082,8.412,0
2020,176,645900,7.28114133178024,8.328,0
2020,177,645900,7.88954921374492,8.366,0
2020,178,645900,7.44817996505532,8.346,0
2020,179,645900,7.38521685109688,8.284,0
2020,180,645900,7.24538536206561,8.114,0
2020,181,645900,8.17643583770142,8.2,0
2020,182,645900,8.87823412929529,8.22,0
2021,60,645900,-1.53952086973403,-1.79,60.4
2021,61,645900,-1.41775033973986,-1.78,46.6
2021,62,645900,-1.64032886818093,-1.78666666666667,87
2021,63,645900,-1.74420520287323,-1.79,89.8
2021,64,645900,-1.77428751698699,-1.792,91.1
2021,65,645900,-1.762629392351,-1.794,91.5
2021,66,645900,-1.63334867016113,-1.798,81.2
2021,67,645900,-1.49011842360707,-1.792,51.4
2021,68,645900,-1.45598349834984,-1.784,15
2021,69,645900,-1.43960434867016,-1.776,22.8
2021,70,645900,-1.4499450592118,-1.77,38.2
2021,71,645900,-1.5948674043875,-1.76,58.3
2021,72,645900,-1.60747621821006,-1.746,60.7
2021,73,645900,-1.60016191030868,-1.734,50.1
2021,74,645900,-1.59698757522811,-1.722,46.2
2021,75,645900,-1.64827004465152,-1.71,47.8
2021,76,645900,-1.73543642011259,-1.72,59
2021,77,645900,-1.76618578916714,-1.74,73.1
2021,78,645900,-1.77278392545136,-1.76,78.4
2021,79,645900,-1.7667223840031,-1.78,79.8
2021,80,645900,-1.77049543777907,-1.798,78.8
2021,81,645900,-1.78648476024073,-1.8,83.7
2021,82,645900,-1.7992345175694,-1.8,86
2021,83,645900,-1.79054960201902,-1.8,92.3
2021,84,645900,-1.79012560667831,-1.8,92
2021,85,645900,-1.79389768976897,-1.8,84.2
2021,86,645900,-1.7878396427878,-1.8,81.3
2021,87,645900,-1.77828771112405,-1.8,85.3
2021,88,645900,-1.66411337604349,-1.796,29.5
2021,89,645900,-1.73717957678121,-1.792,8.1
2021,90,645900,-1.78103145020383,-1.792,22.3
2021,91,645900,-1.78327470394096,-1.792,53.3
2021,92,645900,-1.78475635798873,-1.792,66.7
2021,93,645900,-1.75981712288875,-1.794,54.2
2021,94,645900,-1.52719471947195,-1.778,24.9
2021,95,645900,-1.48598621626869,-1.76,30.3
2021,96,645900,-1.53329974762182,-1.736,16.6
2021,97,645900,-1.58512929528247,-1.71,10.9
2021,98,645900,-1.60450029120559,-1.686,28.2
2021,99,645900,-1.7148619685498,-1.684,68.1
2021,100,645900,-1.71240069889342,-1.686,67.7
2021,101,645900,-1.70506988934187,-1.708,53
2021,102,645900,-1.75590060182488,-1.724,16.4
2021,103,645900,-1.76791360900795,-1.734,6
2021,104,645900,-1.76661230828963,-1.74,6.5
2021,105,645900,-1.34269171034751,-1.722,18
2021,106,645900,-1.09831760823141,-1.65,32.3
2021,107,645900,-1.02784876722967,-1.566,43.1
2021,108,645900,-1.01087303436226,-1.48,44.8
2021,109,645900,-0.711873616773442,-1.298,38.3
2021,110,645900,-0.357341487089886,-1.07,33.3
2021,111,645900,-0.238539506891866,-0.858,28.5
2021,112,645900,-0.24053038245001,-0.66,14.3
2021,113,645900,-0.399584352552903,-0.508,28.4
2021,114,645900,-0.649403999223452,-0.612,23.7
2021,115,645900,-0.713257814016696,-0.628,9.8
2021,116,645900,0.0958406134731115,-0.592,0
2021,117,645900,0.205752475247524,-0.572,6.8
2021,118,645900,0.188175888177052,-0.53,6.2
2021,119,645900,0.144729178800232,-0.33,13.7
2021,120,645900,0.178054164239953,-0.274,13.2
2021,121,645900,-0.503998835177636,-0.46,9.7
2021,122,645900,-0.120244612696564,-0.578,0
2021,123,645900,0.00846825859056443,-0.66,0
2021,124,645900,0.0522040380508634,-0.73,0
2021,125,645900,0.166803727431566,-0.792,0
2021,126,645900,0.363880605707629,-0.634,0
2021,127,645900,0.315809357406329,-0.516,0
2021,128,645900,0.24813977868375,-0.428,0
2021,129,645900,0.48188584740827,-0.302,0
2021,130,645900,0.981783148903125,-0.166,0
2021,131,645900,1.36793244030285,-0.052,0
2021,132,645900,1.55063405164046,0.156,0
2021,133,645900,1.5814967967385,0.386,0
2021,134,645900,1.61052533488643,0.586,0
2021,135,645900,1.50112250048534,0.762,0
2021,136,645900,1.60155018443021,0.916,0
2021,137,645900,1.67298427489808,1.062,0
2021,138,645900,2.06968413900213,1.26,0
2021,139,645900,2.0008990487284,1.432,0
2021,140,645900,1.95212327703359,1.602,0
2021,141,645900,1.98451523975927,1.748,0
2021,142,645900,2.41793651718113,1.864,0
2021,143,645900,2.62880217433508,1.948,0
2021,144,645900,2.48510677538342,2.1,0
2021,145,645900,2.43220209668026,2.316,0
2021,146,645900,2.35033372160745,2.544,0
2021,147,645900,2.52731527858668,2.708,0
2021,148,645900,3.18401494855368,2.968,0
2021,149,645900,3.517964861192,3.224,0
2021,150,645900,3.5006095903708,3.426,0
2021,151,645900,3.5757709182683,3.656,0
2021,152,645900,4.22296156086197,3.976,0
2021,153,645900,4.30296622015143,4.184,0
2021,154,645900,4.08955387303436,4.288,0
2021,155,645900,4.05682022908173,4.318,0
2021,156,645900,4.45499922345175,4.398,0
2021,157,645900,4.53411687051058,4.382,0
2021,158,645900,4.53501727819841,4.382,0
2021,159,645900,4.59944224422442,4.506,0
2021,160,645900,4.55477460687245,4.674,0
2021,161,645900,4.5060460104834,4.68,0
2021,162,645900,5.0019079790332,4.74,0
2021,163,645900,5.56747447097651,4.68,0
2021,164,645900,5.49228887594642,4.524,0
2021,165,645900,5.45171830712483,4.542,0
2021,166,645900,5.98538109105028,5.108,0
2021,167,645900,5.91822345175694,5.62,0
2021,168,645900,6.09079790331974,6.216,0
2021,169,645900,6.33829528246942,6.882,0
2021,170,645900,6.86279324403028,7.498,0
2021,171,645900,7.89668472141331,7.696,0
2021,172,645900,8.36055775577557,7.914,0
2021,173,645900,8.50698874005048,8.198,0
2021,174,645900,9.02627276257038,8.668,0
2021,175,645900,9.20858823529412,9.054,0
2021,176,645900,8.42617782954767,9.054,0
2021,177,645900,7.74960279557367,8.868,0
2021,178,645900,7.62236536594836,8.534,0
2021,179,645900,7.40446107551931,7.822,0
2021,180,645900,7.55490293146962,7.116,0
2021,181,645900,7.14485070860027,6.808,0
2021,182,645900,7.00993438167346,6.708,0
2022,60,645900,-1.57898388662396,-1.79,25.4
2022,61,645900,-1.54997728596389,-1.79,25.8
2022,62,645900,-1.53373810910503,-1.78333333333333,13.6
2022,63,645900,-1.50640341681227,-1.7775,19.2
2022,64,645900,-1.41139798097457,-1.72,11.4
2022,65,645900,-1.47909939817511,-1.652,19.1
2022,66,645900,-1.47077285963891,-1.582,16.1
2022,67,645900,-1.43201805474665,-1.518,28.4
2022,68,645900,-1.42013764317608,-1.466,17.9
2022,69,645900,-1.45952630557173,-1.516,0
2022,70,645900,-1.32064434090468,-1.56,25.1
2022,71,645900,-1.34426033779849,-1.602,31
2022,72,645900,-1.46838691516211,-1.638,28
2022,73,645900,-1.45549039021549,-1.666,4.4
2022,74,645900,-1.45580062123859,-1.65,23.3
2022,75,645900,-1.47763715783343,-1.664,59.8
2022,76,645900,-1.58707493690546,-1.688,91.4
2022,77,645900,-1.79995185400892,-1.722,96.6
2022,78,645900,-1.79982178217821,-1.754,86.9
2022,79,645900,-1.79962123859444,-1.782,80.2
2022,80,645900,-1.79888429431177,-1.792,81.7
2022,81,645900,-1.79872316055134,-1.796,79.8
2022,82,645900,-1.79899281692874,-1.794,79.2
2022,83,645900,-1.79934459328284,-1.794,78.3
2022,84,645900,-1.79851291011452,-1.794,79.3
2022,85,645900,-1.79882469423412,-1.796,93
2022,86,645900,-1.79726635604735,-1.798,68.2
2022,87,645900,-1.79148301300717,-1.8,46.2
2022,88,645900,-1.76365365948359,-1.8,42
2022,89,645900,-1.70385595030091,-1.8,38.4
2022,90,645900,-1.58545738691516,-1.78,30
2022,91,645900,-1.47223937099592,-1.758,7
2022,92,645900,-1.35945466899631,-1.734,0
2022,93,645900,-1.44422151038633,-1.712,0
2022,94,645900,-1.31919957289847,-1.678,0
2022,95,645900,-1.29565657153951,-1.664,0
2022,96,645900,-1.24142050087362,-1.646,0
2022,97,645900,-1.6306051252184,-1.652,5.2
2022,98,645900,-1.56905222286934,-1.632,43.3
2022,99,645900,-1.4959099204038,-1.61,72.2
2022,100,645900,-1.40903727431567,-1.584,65.5
2022,101,645900,-1.21379363230441,-1.514,0
2022,102,645900,-1.19253077072413,-1.408,0
2022,103,645900,-1.32269093379926,-1.388,0
2022,104,645900,-0.674304795185401,-1.276,0
2022,105,645900,-0.678955154338964,-1.184,0
2022,106,645900,-0.682689574839837,-1.14,0
2022,107,645900,-0.759760629004078,-1.124,0
2022,108,645900,-0.78867753834207,-1.012,0
2022,109,645900,-0.742280528052806,-0.994,0
2022,110,645900,-0.621820811492915,-0.92,0
2022,111,645900,-0.483579304989323,-0.78,0
2022,112,645900,-0.144625897883906,-0.614,0
2022,113,645900,-0.0338945835760051,-0.422,0
2022,114,645900,-0.352688992428655,-0.282,0
2022,115,645900,0.709743350805668,-0.116,0
2022,116,645900,0.843458940011647,0.014,0
2022,117,645900,0.813051058046981,0.18,0
2022,118,645900,0.764483013007182,0.288,0
2022,119,645900,0.727791885070859,0.45,0
2022,120,645900,0.830158027567462,0.562,0
2022,121,645900,1.41290001941371,0.76,0
2022,122,645900,1.4348693457581,0.906,0
2022,123,645900,1.49387458745875,1.052,0
2022,124,645900,1.53640302853815,1.198,0
2022,125,645900,1.43553329450592,1.334,0
2022,126,645900,1.41016385167929,1.358,0
2022,127,645900,1.39601028926422,1.404,0
2022,128,645900,1.93363754610755,1.53,0
2022,129,645900,1.98024150650359,1.668,0
2022,130,645900,1.93812327703359,1.794,0
2022,131,645900,1.89168569209862,1.91,0
2022,132,645900,2.18575946418171,2.074,0
2022,133,645900,2.55680683362454,2.25,0
2022,134,645900,2.60827625703747,2.412,0
2022,135,645900,2.69651621044457,2.592,0
2022,136,645900,2.83371228887594,2.792,0
2022,137,645900,3.07417045233935,2.954,0
2022,138,645900,3.20747738303242,3.036,0
2022,139,645900,3.37492506309454,3.132,0
2022,140,645900,3.34791923898272,3.216,0
2022,141,645900,3.49983731314307,3.32,0
2022,142,645900,3.69592933410988,3.478,0
2022,143,645900,4.11429877693652,3.716,0
2022,144,645900,4.14122558726461,3.93,0
2022,145,645900,4.09223587652883,4.152,0
2022,146,645900,4.00282450009707,4.338,0
2022,147,645900,4.74939409823335,4.564,0
2022,148,645900,4.98247738303242,4.706,0
2022,149,645900,4.96138109105028,4.84,0
2022,150,645900,4.97693884682586,4.982,0
2022,151,645900,6.49705979421472,5.44,0
2022,152,645900,6.71387478159581,5.802,0
2022,153,645900,6.50247815958067,6.118,0
2022,154,645900,6.62983110075714,6.454,0
2022,155,645900,6.48900232964473,6.724,0
2022,156,645900,6.69202814987381,6.75,0
2022,157,645900,8.10656435643564,6.98,0
2022,158,645900,8.02775771694817,7.218,0
2022,159,645900,8.01554863133372,7.472,0
2022,160,645900,8.14298485730926,7.818,0
2022,161,645900,8.36183090662008,8.196,0
2022,162,645900,8.45211570568822,8.364,0
2022,163,645900,8.20492797515046,8.442,0
2022,164,645900,7.83541098815763,8.334,0
2022,165,645900,7.71688875946419,8.174,0
2022,166,645900,7.07320811492914,7.72,0
2022,167,645900,7.00823471170647,7.154,0
2022,168,645900,6.84340264026403,6.694,0
2022,169,645900,7.64737080178607,6.512,0
2022,170,645900,8.37126635604738,6.59,0
2022,171,645900,8.41518132401475,6.878,0
2022,172,645900,8.42995476606485,7.182,0
2022,173,645900,8.03492681032811,7.404,0
2022,174,645900,7.46524480683363,7.424,0
2022,175,645900,7.27458551737526,7.138,0
2022,176,645900,7.53103572121918,6.856,0
2022,177,645900,7.36323665307707,6.656,0
2022,178,645900,8.12486779266162,6.638,0
2022,179,645900,8.0942642205397,6.72,0
2022,180,645900,9.00301708406135,7.226,0
2022,181,645900,9.44176392933411,7.89,0
2022,182,645900,9.75322500485343,8.582,0
2023,60,645900,-1.50257483983692,-1.77,33.6
2023,61,645900,-1.72367229664142,-1.785,82.2
2023,62,645900,-1.79281498738108,-1.79,88.9
2023,63,645900,-1.78849796156086,-1.7925,88.2
2023,64,645900,-1.70575927004465,-1.782,72.4
2023,65,645900,-1.4612686856921,-1.736,41.2
2023,66,645900,-1.13352630557173,-1.648,0
2023,67,645900,-1.11692506309455,-1.566,7.1
2023,68,645900,-1.126741215298,-1.5,5.4
2023,69,645900,-1.13760240729955,-1.488,18.9
2023,70,645900,-1.38502135507669,-1.524,50.5
2023,71,645900,-1.6338980780431,-1.604,57
2023,72,645900,-1.78972646088136,-1.686,62.8
2023,73,645900,-1.79558881770529,-1.752,73.8
2023,74,645900,-1.79842962531546,-1.776,77.2
2023,75,645900,-1.79992894583575,-1.792,82.6
2023,76,645900,-1.79932770335856,-1.8,89.6
2023,77,645900,-1.79886546301687,-1.8,89.1
2023,78,645900,-1.75732770335857,-1.792,94.4
2023,79,645900,-1.70775150456222,-1.778,83.2
2023,80,645900,-1.69541622985828,-1.762,69.4
2023,81,645900,-1.70578955542613,-1.748,70.1
2023,82,645900,-1.75481382255873,-1.74,68.5
2023,83,645900,-1.79954183653658,-1.748,64.3
2023,84,645900,-1.79944593282857,-1.762,66.6
2023,85,645900,-1.78986623956513,-1.778,71.7
2023,86,645900,-1.72077654824306,-1.792,59.8
2023,87,645900,-1.72915511551155,-1.8,63.1
2023,88,645900,-1.69465618326538,-1.8,47.2
2023,89,645900,-1.60821995728985,-1.8,40.5
2023,90,645900,-1.66672063676956,-1.798,39.8
2023,91,645900,-1.72938575033974,-1.798,52.8
2023,92,645900,-1.73592273344981,-1.796,58.9
2023,93,645900,-1.74104465152397,-1.796,61.6
2023,94,645900,-1.79858998252765,-1.796,62.5
2023,95,645900,-1.799865851291,-1.798,69
2023,96,645900,-1.79999999999999,-1.798,84.1
2023,97,645900,-1.79999999999999,-1.8,94.7
2023,98,645900,-1.79976159968937,-1.8,87.4
2023,99,645900,-1.79999999999999,-1.8,89.5
2023,100,645900,-1.79504018637158,-1.8,82.6
2023,101,645900,-1.77101417200543,-1.798,80.8
2023,102,645900,-1.74834168122694,-1.796,74
2023,103,645900,-1.75677674238012,-1.794,70.1
2023,104,645900,-1.7893616773442,-1.794,76.8
2023,105,645900,-1.79999999999999,-1.794,82.6
2023,106,645900,-1.79999999999999,-1.794,81.2
2023,107,645900,-1.79930809551543,-1.794,85.3
2023,108,645900,-1.79676024072995,-1.788,87.6
2023,109,645900,-1.51156125024267,-1.762,83.4
2023,110,645900,-1.1104606872452,-1.626,85.9
2023,111,645900,-0.931392350999807,-1.466,56.8
2023,112,645900,-0.852155115511551,-1.288,32.1
2023,113,645900,-0.948048340128132,-1.136,0
2023,114,645900,-0.987184624344788,-1.01,0
2023,115,645900,-0.990976703552709,-1.014,0
2023,116,645900,-1.09742846049311,-1.116,0
2023,117,645900,-1.29333721607455,-1.208,0
2023,118,645900,-0.991752669384586,-1.2,0
2023,119,645900,-0.760999029314697,-1.136,0
2023,120,645900,-0.759106581246361,-1.052,0
2023,121,645900,-0.761202679091439,-0.894,0
2023,122,645900,-0.764129877693653,-0.764,0
2023,123,645900,-0.765184624344788,-0.71,0
2023,124,645900,-0.73521549213745,-0.698,0
2023,125,645900,-0.537929528246943,-0.678,0
2023,126,645900,-0.185506697728597,-0.544,0
2023,127,645900,-0.119562415065036,-0.378,0
2023,128,645900,-0.0991621044457392,-0.2,0
2023,129,645900,-0.0770209668025631,-0.03,0
2023,130,645900,0.234541059988351,0.188,0
2023,131,645900,0.290254125412541,0.292,0
2023,132,645900,0.26978936128907,0.374,0
2023,133,645900,0.262268103280916,0.426,0
2023,134,645900,0.604214715589206,0.574,0
2023,135,645900,0.282078431372548,0.59,0
2023,136,645900,0.582429819452533,0.618,0
2023,137,645900,0.821246942341292,0.78,0
2023,138,645900,0.808913609007959,0.96,0
2023,139,645900,0.810980974568044,1.05,0
2023,140,645900,0.905573286740438,1.246,0
2023,141,645900,1.24611667637352,1.462,0
2023,142,645900,1.59311395845467,1.548,0
2023,143,645900,1.87960201902543,1.644,0
2023,144,645900,1.83249077848961,1.768,0
2023,145,645900,1.66111745292176,1.9,0
2023,146,645900,1.64437274315667,2.018,0
2023,147,645900,1.53092913997282,2.1,0
2023,148,645900,1.79693457581052,2.192,0
2023,149,645900,2.0199044845661,2.286,0
2023,150,645900,2.02967423801204,2.398,0
2023,151,645900,2.04883634245778,2.496,0
2023,152,645900,2.18553135313531,2.63,0
2023,153,645900,2.3442642205397,2.726,0
2023,154,645900,2.67507901378373,2.914,0
2023,155,645900,3.08483304212774,3.052,0
2023,156,645900,3.29799029314696,3.198,0
2023,157,645900,3.27558415841584,3.34,0
2023,158,645900,3.24087070471753,3.51,0
2023,159,645900,2.70970549407882,3.308,0
2023,160,645900,3.66129237041351,3.376,0
2023,161,645900,3.44206833624538,3.344,0
2023,162,645900,3.54000038827412,3.32,0
2023,163,645900,3.71137390797903,3.388,0
2023,164,645900,3.99180450397981,3.744,0
2023,165,645900,4.01481556979227,3.852,0
2023,166,645900,4.26276373519705,4.034,0
2023,167,645900,4.46710522228693,4.208,0
2023,168,645900,4.562894583576,4.328,0
2023,169,645900,4.28727819840807,4.332,0
2023,170,645900,4.52759503009124,4.42,0
2023,171,645900,4.76771888953601,4.51,0
2023,172,645900,5.05269675791109,4.534,0
2023,173,645900,5.46735682391768,4.75,0
2023,174,645900,5.7442182100563,5.256,0
2023,175,645900,5.94656629780625,5.698,0
2023,176,645900,5.85023781789944,6.102,0
2023,177,645900,5.71596622015143,6.512,0
2023,178,645900,5.78903009124442,6.678,0
2023,179,645900,5.80672180159193,6.65,0
2023,180,645900,5.91712560667832,6.556,0
2023,181,645900,6.27677014172005,6.552,0
2023,182,645900,6.20327237429625,6.584,0
2024,61,645900,-1.79999999999999,-1.8,97.2
2024,62,645900,-1.79999999999999,-1.8,96
2024,63,645900,-1.788377014172,-1.8,93.5
2024,64,645900,-1.76301708406134,-1.8,88.1
2024,65,645900,-1.70966763735197,-1.8,80.1
2024,66,645900,-1.66637429625315,-1.8,73
2024,67,645900,-1.68974354494273,-1.8,66
2024,68,645900,-1.7820776548243,-1.8,77.6
2024,69,645900,-1.79999999999999,-1.8,90.5
2024,70,645900,-1.79999999999999,-1.8,94.5
2024,71,645900,-1.79999767035526,-1.8,99.2
2024,72,645900,-1.79991457969326,-1.8,98.2
2024,73,645900,-1.79953426519122,-1.798,95.8
2024,74,645900,-1.79882741215298,-1.796,94.8
2024,75,645900,-1.79930673655601,-1.796,92.1
2024,76,645900,-1.79891846243448,-1.796,93.7
2024,77,645900,-1.79872976121142,-1.796,94.2
2024,78,645900,-1.79994214715589,-1.798,92.4
2024,79,645900,-1.79999999999999,-1.8,74.7
2024,80,645900,-1.79999262279168,-1.8,76.8
2024,81,645900,-1.79802096680255,-1.8,77.2
2024,82,645900,-1.75874373907978,-1.8,57.6
2024,83,645900,-1.75667695593088,-1.8,55.2
2024,84,645900,-1.66379654436032,-1.8,0
2024,85,645900,-1.79999999999999,-1.8,27.1
2024,86,645900,-1.79999999999999,-1.8,71.4
2024,87,645900,-1.79999999999999,-1.8,71.4
2024,88,645900,-1.79999747621819,-1.8,40.5
2024,89,645900,-1.79999708794408,-1.8,27.9
2024,90,645900,-1.55471655989128,-1.798,21.6
2024,91,645900,-1.6019638905067,-1.798,16.9
2024,92,645900,-1.77313803145019,-1.798,43.4
2024,93,645900,-1.79999999999999,-1.798,79.6
2024,94,645900,-1.78022481071636,-1.798,66.3
2024,95,645900,-1.75689458357599,-1.798,59
2024,96,645900,-1.74699223451756,-1.796,42.6
2024,97,645900,-1.77258881770529,-1.794,42.9
2024,98,645900,-1.7177961560862,-1.792,31.4
2024,99,645900,-1.71926247330615,-1.79,33.7
2024,100,645900,-1.77695826053195,-1.79,61
2024,101,645900,-1.79788487672296,-1.792,86.2
2024,102,645900,-1.79999999999999,-1.794,91.5
2024,103,645900,-1.79965909532129,-1.796,69
2024,104,645900,-1.79999999999999,-1.798,77.4
2024,105,645900,-1.79999999999999,-1.8,70.9
2024,106,645900,-1.79999999999999,-1.8,65.2
2024,107,645900,-1.76583964278781,-1.8,58
2024,108,645900,-1.68870665890118,-1.8,51.9
2024,109,645900,-1.72135973597359,-1.8,58.4
2024,110,645900,-1.76225218404193,-1.8,57.8
2024,111,645900,-1.65064977674238,-1.8,50.8
2024,112,645900,-1.28951232770336,-1.702,43.4
2024,113,645900,-1.27593593476995,-1.59,46.1
2024,114,645900,-1.29293651718113,-1.478,19.2
2024,115,645900,-1.28115822170452,-1.366,0
2024,116,645900,-1.24218326538536,-1.258,0
2024,117,645900,-1.38858163463405,-1.326,0
2024,118,645900,-1.40608872063677,-1.412,0
2024,119,645900,-0.852782372354884,-1.456,0
2024,120,645900,-0.010429819452534,-1.386,0
2024,121,645900,0.257797515045622,-1.15,0
2024,122,645900,0.026286158027567,-0.896,0
2024,123,645900,-0.0688767229664148,-0.68,0
2024,124,645900,-0.0910446515239763,-0.532,0
2024,125,645900,-0.199712677150069,-0.5,0
2024,126,645900,-0.347119782566493,-0.624,0
2024,127,645900,-0.465577751892837,-0.708,0
2024,128,645900,-0.130920209668026,-0.676,0
2024,129,645900,-0.138752863521647,-0.62,0
2024,130,645900,-0.180960590176666,-0.566,0
2024,131,645900,-0.205832847990682,-0.516,0
2024,132,645900,0.208457775189283,-0.458,0
2024,133,645900,0.478246554067171,-0.464,0
2024,134,645900,0.458172393709958,-0.376,0
2024,135,645900,0.424274703940982,-0.288,0
2024,136,645900,0.503993399339933,-0.194,0
2024,137,645900,0.528158998252767,-0.056,0
2024,138,645900,0.565324597165598,0.082,0
2024,139,645900,0.680659677732478,0.13,0
2024,140,645900,0.889006794797126,0.234,0
2024,141,645900,1.00943020772665,0.358,0
2024,142,645900,0.974191613278974,0.444,0
2024,143,645900,0.910809939817511,0.456,0
2024,144,645900,0.883625703746845,0.44,0
2024,145,645900,0.95618792467482,0.378,0
2024,146,645900,1.16652572316055,0.296,0
2024,147,645900,1.36621937487866,0.226,0
2024,148,645900,1.60397553873034,0.316,0
2024,149,645900,1.67265773636187,0.45,0
2024,150,645900,1.72870316443409,0.686,0
2024,151,645900,1.61257173364395,0.882,0
2024,152,645900,1.69318132401475,1.108,0
2024,153,645900,2.0047456804504,1.326,0
2024,154,645900,2.10696175499903,1.596,0
2024,155,645900,2.27705241700641,1.81,0
2024,156,645900,2.31485342651912,2.074,0
2024,157,645900,2.16255853232382,2.364,0
2024,158,645900,2.16632401475441,2.572,0
2024,159,645900,2.38901184236071,2.732,0
2024,160,645900,2.86621840419336,2.924,0
2024,161,645900,3.59311395845467,3.21,0
2024,162,645900,3.9820910502815,3.5,0
2024,163,645900,3.94195243642011,3.798,0
2024,164,645900,4.02254436031838,4.11,0
2024,165,645900,3.96146107551931,4.338,0
2024,166,645900,4.30043409046787,4.506,0
2024,167,645900,4.81976606484178,4.604,0
2024,168,645900,4.98746437584935,4.668,0
2024,169,645900,5.2644220539701,4.77,0
2024,170,645900,5.80963308095515,5.05,0
2024,171,645900,6.5010875558144,5.382,0
2024,172,645900,5.87697825664919,5.694,0
2024,173,645900,5.78794078819647,6.104,0
2024,174,645900,5.78774898078043,6.43,0
2024,175,645900,5.86879926227916,6.614,0
2024,176,645900,5.98046049310813,6.74,0
2024,177,645900,6.23252999417589,6.954,0
2024,178,645900,6.42783692486896,7.094,0
2024,179,645900,6.49488526499709,7.188,0
2024,180,645900,6.44830110658125,7.13,0
2024,181,645900,6.39708949718501,7.072,0
2024,182,645900,6.3548955542613,6.944,0
2016,61,635900,1.43276159968938,0.05,0
2016,62,635900,1.50039002135508,0.035,0
2016,63,635900,1.51203455639682,0.00333333333333334,0
2016,64,635900,1.49099301106581,-0.0075,0
2016,65,635900,1.43554940788196,-0.016,0
2016,66,635900,1.32305629974762,-0.032,0
2016,67,635900,0.519818287711124,-0.126,0
2016,68,635900,0.480117647058823,-0.192,0
2016,69,635900,0.532569015725102,-0.292,0
2016,70,635900,0.672428654630168,-0.406,0
2016,71,635900,0.831996117258785,-0.514,0
2016,72,635900,0.975349252572315,-0.522,0
2016,73,635900,1.05566530770724,-0.512,0
2016,74,635900,0.913110269850514,-0.476,0
2016,75,635900,0.744465346534653,-0.442,0
2016,76,635900,0.68532479130266,-0.43,0
2016,77,635900,0.625511745292176,-0.47,0
2016,78,635900,0.582808969132207,-0.548,4.5
2016,79,635900,0.514671131819064,-0.632,5.1
2016,80,635900,0.38851271597748,-0.748,13.2
2016,81,635900,0.3956194913609,-0.874,15.8
2016,82,635900,-0.126406717142303,-0.924,7.2
2016,83,635900,-0.186756746262862,-0.924,0
2016,84,635900,0.173028344010871,-0.85,0
2016,85,635900,-0.222910696952049,-0.862,0
2016,86,635900,-0.253761793826442,-0.88,0
2016,87,635900,-0.108411570568822,-0.94,0
2016,88,635900,-0.0129052611143472,-1.036,0
2016,89,635900,0.153515628033391,-1.162,0
2016,90,635900,0.466847214133177,-1.03,0
2016,91,635900,0.584620656183265,-0.848,0
2016,92,635900,0.917551931663754,-0.56,0
2016,93,635900,1.03938885653271,-0.224,0
2016,94,635900,0.941469811687051,0.066,0
2016,95,635900,0.874348864298195,0.222,0
2016,96,635900,0.881157639293341,0.334,0
2016,97,635900,2.02489768976898,0.462,0
2016,98,635900,2.03137002523782,0.5,0
2016,99,635900,2.07869792273345,0.56,0
2016,100,635900,2.12085032032615,0.662,0
2016,101,635900,2.12763346922928,0.774,0
2016,102,635900,2.38184701999612,0.872,0
2016,103,635900,2.66913550766842,1.08,0
2016,104,635900,2.67766161910309,1.286,0
2016,105,635900,2.55137740244612,1.5,0
2016,106,635900,2.70334905843526,1.796,0
2016,107,635900,2.76881615220346,2.002,0
2016,108,635900,2.80137584934964,2.134,0
2016,109,635900,2.87344069112793,2.25,0
2016,110,635900,2.88810541642399,2.428,0
2016,111,635900,2.9692805280528,2.548,0
2016,112,635900,2.96896796738497,2.674,0
2016,113,635900,3.25986060959037,2.834,0
2016,114,635900,3.84650572704329,3.016,0
2016,115,635900,4.02335099980586,3.214,0
2016,116,635900,4.07422655794992,3.506,0
2016,117,635900,4.1175373713842,3.798,0
2016,118,635900,4.17928227528635,4.08,0
2016,119,635900,4.20665521258008,4.35,0
2016,120,635900,4.37667734420501,4.496,0
2016,121,635900,4.43536866627839,4.56,0
2016,122,635900,4.40832925645506,4.606,0
2016,123,635900,4.34753407105417,4.592,0
2016,124,635900,3.99485944476801,4.58,0
2016,125,635900,4.06979576781208,4.62,0
2016,126,635900,4.25903746845273,4.694,0
2016,127,635900,4.41051815181518,4.784,0
2016,128,635900,4.6591875364007,5.022,0
2016,129,635900,4.83710483401282,5.296,0
2016,130,635900,5.01966569598135,5.552,0
2016,131,635900,5.06380896913221,5.75,0
2016,132,635900,4.96960143661426,5.882,0
2016,133,635900,4.9721920015531,5.856,0
2016,134,635900,5.07277169481654,5.784,0
2016,135,635900,5.35551446321103,5.68,0
2016,136,635900,5.90925509609785,5.616,0
2016,137,635900,6.35209784507862,5.76,0
2016,138,635900,6.49287730537759,5.99,0
2016,139,635900,6.46114929139973,6.224,0
2016,140,635900,6.41427412152979,6.476,0
2016,141,635900,6.0392597553873,6.724,0
2016,142,635900,6.04949446709377,6.838,0
2016,143,635900,6.09118132401476,6.9,0
2016,144,635900,7.01070471753057,7.144,0
2016,145,635900,7.37592952824694,7.426,0
2016,146,635900,7.43415822170452,7.516,0
2016,147,635900,7.38078509027374,7.664,0
2016,148,635900,7.15096563774025,7.898,0
2016,149,635900,7.20555231993788,8.006,0
2016,150,635900,7.12775092215105,8.066,0
2016,151,635900,7.13952999417589,8.188,0
2016,152,635900,7.05711609396233,8.054,0
2016,153,635900,7.99735468841002,8.06,0
2016,154,635900,7.97150980392157,8.062,0
2016,155,635900,7.93896602601437,8.22,0
2016,156,635900,7.98488079984469,8.482,0
2016,157,635900,8.14362861580276,8.904,0
2016,158,635900,8.53926868569209,9.224,0
2016,159,635900,8.64375791108523,9.476,0
2016,160,635900,8.58833022714035,9.63,0
2016,161,635900,8.68486410405746,9.802,0
2016,162,635900,8.9664626286158,9.862,0
2016,163,635900,9.02386856920987,9.934,0
2016,164,635900,8.83243991457969,9.864,0
2016,165,635900,9.13101203649776,9.852,0
2016,166,635900,9.59139662201513,9.88,0
2016,167,635900,9.81169656377403,10.008,0
2016,168,635900,10.2447014172005,10.044,0
2016,169,635900,10.0405812463599,10.154,0
2016,170,635900,10.0000739662202,10.218,0
2016,171,635900,10.0506534653465,9.612,0
2016,172,635900,10.2026377402446,9.642,0
2016,173,635900,10.2297713065424,9.788,0
2016,174,635900,10.2505437779072,9.984,0
2016,175,635900,10.1209433119783,9.966,0
2016,176,635900,9.96301824888371,10.534,0
2016,177,635900,10.2873313919627,10.636,0
2016,178,635900,10.6388002329645,10.642,0
2016,179,635900,10.7160465928946,10.78,0
2016,180,635900,10.718977674238,11.062,0
2016,181,635900,10.8152341292953,11.454,0
2016,182,635900,11.2732032615026,11.582,0
2017,60,635900,-1.79971325956124,-1.79,91.1
2017,61,635900,-1.79999999999999,-1.795,93.3
2017,62,635900,-1.79992215103862,-1.79666666666667,96.5
2017,63,635900,-1.79997825664919,-1.7975,96.4
2017,64,635900,-1.79984915550378,-1.796,90.4
2017,65,635900,-1.79953640069889,-1.796,97.3
2017,66,635900,-1.7995131042516,-1.796,100
2017,67,635900,-1.79955620267909,-1.794,99.6
2017,68,635900,-1.79958124635993,-1.792,100
2017,69,635900,-1.79973907979033,-1.79,100
2017,70,635900,-1.79935779460299,-1.784,100
2017,71,635900,-1.79752067559695,-1.774,91.9
2017,72,635900,-1.7961444379732,-1.768,88.7
2017,73,635900,-1.79924558338185,-1.766,99
2017,74,635900,-1.79997553873033,-1.77,91.8
2017,75,635900,-1.7999875752281,-1.778,86
2017,76,635900,-1.79995437779071,-1.788,90.7
2017,77,635900,-1.79987303436225,-1.794,89.6
2017,78,635900,-1.79996777324791,-1.796,90.3
2017,79,635900,-1.79990040768782,-1.794,88.6
2017,80,635900,-1.79960046592894,-1.792,90.3
2017,81,635900,-1.79932576198796,-1.79,90.7
2017,82,635900,-1.79956183265385,-1.79,89.4
2017,83,635900,-1.79969442826635,-1.79,90.5
2017,84,635900,-1.79938225587265,-1.79,94.8
2017,85,635900,-1.79894505921181,-1.79,91.4
2017,86,635900,-1.79983576004659,-1.79,85.5
2017,87,635900,-1.79997359735973,-1.79,75.7
2017,88,635900,-1.79993826441467,-1.79,86.3
2017,89,635900,-1.79999999999999,-1.792,80
2017,90,635900,-1.79374645699863,-1.792,64.4
2017,91,635900,-1.79793787614053,-1.794,59.2
2017,92,635900,-1.79999999999999,-1.796,73.5
2017,93,635900,-1.79999999999999,-1.798,84.3
2017,94,635900,-1.79999999999999,-1.798,75.7
2017,95,635900,-1.79999999999999,-1.8,67.4
2017,96,635900,-1.75846418171229,-1.772,60.3
2017,97,635900,-1.67775344593283,-1.712,54.2
2017,98,635900,-1.63900524170064,-1.638,48.9
2017,99,635900,-1.64231042516016,-1.572,42.3
2017,100,635900,-1.6421424966026,-1.52,36.2
2017,101,635900,-1.32543370219375,-1.502,26.9
2017,102,635900,-0.825518734226365,-1.438,0
2017,103,635900,-0.536303630363036,-1.278,0
2017,104,635900,-0.55618248883712,-1.112,0
2017,105,635900,-0.583688604154534,-0.914,0
2017,106,635900,-0.571045816346341,-0.656,0
2017,107,635900,-0.484035721219181,-0.492,0
2017,108,635900,-0.306735002912057,-0.332,0
2017,109,635900,-0.204866627839255,-0.19,0
2017,110,635900,-0.24914191419142,-0.07,0
2017,111,635900,-0.0561296835565914,0.048,0
2017,112,635900,0.158465346534653,0.21,0
2017,113,635900,0.26235294117647,0.33,0
2017,114,635900,0.32001028926422,0.562,0
2017,115,635900,0.358288487672296,0.806,0
2017,116,635900,0.451470976509415,1.012,0
2017,117,635900,0.681744515628032,1.192,0
2017,118,635900,0.821831489031255,1.254,0
2017,119,635900,0.86371850126189,1.224,0
2017,120,635900,0.882211221122112,1.18,0
2017,121,635900,0.93516501650165,1.238,0
2017,122,635900,1.3515437779072,1.358,0
2017,123,635900,1.27103125606678,1.65,0
2017,124,635900,1.22563696369637,2.02,0
2017,125,635900,1.2000405746457,2.43,0
2017,126,635900,1.23759134148709,2.726,0
2017,127,635900,1.61506212385944,2.914,0
2017,128,635900,2.14599048728402,2.938,0
2017,129,635900,2.13450960978451,2.878,0
2017,130,635900,2.15606212385944,2.818,0
2017,131,635900,2.34670879440885,2.852,0
2017,132,635900,2.27524189477771,3.03,0
2017,133,635900,1.94856940399922,3.292,0
2017,134,635900,1.81424597165599,3.558,0
2017,135,635900,1.76885129101146,3.786,0
2017,136,635900,1.85037720830906,3.894,0
2017,137,635900,2.47538031450204,3.774,0
2017,138,635900,2.63256086196855,3.672,0
2017,139,635900,2.69938516792856,3.574,0
2017,140,635900,2.78139487478159,3.474,0
2017,141,635900,2.89638749757329,3.382,0
2017,142,635900,3.1168476024073,3.436,0
2017,143,635900,3.11856629780625,3.466,0
2017,144,635900,3.21378664337022,3.516,0
2017,145,635900,3.22658163463405,3.556,0
2017,146,635900,3.038993593477,3.59,0
2017,147,635900,3.466741215298,3.852,0
2017,148,635900,3.75533372160745,4.278,0
2017,149,635900,3.90339856338575,4.686,0
2017,150,635900,4.00048767229664,5.088,0
2017,151,635900,4.08806270627062,5.53,0
2017,152,635900,4.52149077848961,5.722,0
2017,153,635900,4.52941487089886,5.692,0
2017,154,635900,4.73975033973986,5.782,0
2017,155,635900,4.94240535818288,6.012,0
2017,156,635900,4.760600660066,6.274,0
2017,157,635900,4.93438439138031,6.654,0
2017,158,635900,5.30907940205785,7.122,0
2017,159,635900,5.58008231411376,7.502,0
2017,160,635900,5.58721199767035,7.592,0
2017,161,635900,5.61777480100951,7.432,0
2017,162,635900,5.70423762376237,7.28,0
2017,163,635900,5.69222228693458,7.038,0
2017,164,635900,5.90518054746651,6.822,0
2017,165,635900,6.05961075519316,6.924,0
2017,166,635900,6.11210891089109,7.056,0
2017,167,635900,6.56647932440303,7.166,0
2017,168,635900,6.70923956513298,7.334,0
2017,169,635900,6.58883051834595,7.38,0
2017,170,635900,6.97586585129101,7.522,0
2017,171,635900,7.27985866821976,7.96,0
2017,172,635900,7.28262745098039,8.28,0
2017,173,635900,7.28231566686081,8.528,0
2017,174,635900,7.46303183847797,8.836,0
2017,175,635900,8.00603999223452,8.948,0
2017,176,635900,8.30105358182877,8.922,0
2017,177,635900,7.97708891477383,8.726,0
2017,178,635900,7.75633915744516,8.576,0
2017,179,635900,7.71179285575616,8.408,0
2017,180,635900,7.79446088138226,8.176,0
2017,181,635900,7.69977577169482,7.958,0
2017,182,635900,7.75427082119977,8.338,0
2018,60,635900,-0.525707241312367,-1.31,0
2018,61,635900,-0.412829935934771,-1.095,0
2018,62,635900,-0.457871287128713,-1.15333333333333,0
2018,63,635900,-0.713792661619104,-1.2575,0
2018,64,635900,-0.972099592312172,-1.33,0
2018,65,635900,-1.00770588235294,-1.384,0
2018,66,635900,-0.993910308677927,-1.516,0
2018,67,635900,-1.01720811492914,-1.57,0
2018,68,635900,-1.05113667249078,-1.574,0
2018,69,635900,-1.12623820617356,-1.582,16.5
2018,70,635900,-1.31959697146185,-1.616,27.2
2018,71,635900,-1.55043156668608,-1.666,26.2
2018,72,635900,-1.37452572316055,-1.712,37.8
2018,73,635900,-1.31689147738303,-1.746,37.4
2018,74,635900,-1.36678567268492,-1.768,30
2018,75,635900,-1.39054261308484,-1.772,31.6
2018,76,635900,-1.37969442826636,-1.768,16.2
2018,77,635900,-1.49741894777713,-1.774,8.2
2018,78,635900,-1.46404562220927,-1.782,6.6
2018,79,635900,-1.27229139972821,-1.786,7.1
2018,80,635900,-0.936531935546496,-1.768,8
2018,81,635900,-0.793503009124443,-1.72,0
2018,82,635900,-0.855599689380704,-1.664,0
2018,83,635900,-0.90103766258979,-1.608,0
2018,84,635900,-0.89654804892254,-1.562,0
2018,85,635900,-0.868901960784314,-1.532,0
2018,86,635900,-0.830026208503204,-1.516,0
2018,87,635900,-0.759358377014173,-1.494,0
2018,88,635900,-0.644781207532519,-1.45,0
2018,89,635900,-0.586879829159387,-1.36,0
2018,90,635900,-0.57478916715201,-1.236,0
2018,91,635900,-0.543655406717143,-1.096,0
2018,92,635900,-0.444772471364784,-0.946,0
2018,93,635900,-0.210203649776743,-0.796,0
2018,94,635900,-0.206906814210833,-0.686,0
2018,95,635900,-0.419965055329063,-0.646,0
2018,96,635900,-0.506499708794409,-0.686,0
2018,97,635900,-0.303016307513105,-0.734,0
2018,98,635900,-0.342110852261697,-0.804,0
2018,99,635900,-0.286307707241313,-0.85,0
2018,100,635900,-0.138107746068725,-0.832,0
2018,101,635900,-0.229308872063677,-0.7,0
2018,102,635900,-0.229204426324986,-0.548,0
2018,103,635900,-0.0252380120364983,-0.368,0
2018,104,635900,0.256875558144049,-0.198,0
2018,105,635900,0.108503979809745,-0.078,0
2018,106,635900,0.191285187342263,-0.032,0
2018,107,635900,0.126887012230634,0.046,0
2018,108,635900,0.593311784119588,0.198,0
2018,109,635900,0.791786643370219,0.368,0
2018,110,635900,0.933854979615608,0.622,0
2018,111,635900,0.971755775577558,0.9,0
2018,112,635900,0.82245699864104,1.074,0
2018,113,635900,0.60647738303242,1.114,0
2018,114,635900,0.725145796932634,1.158,0
2018,115,635900,0.953458940011647,1.188,0
2018,116,635900,1.40808522616967,1.236,0
2018,117,635900,1.5401613278975,1.332,0
2018,118,635900,1.5721335662978,1.508,0
2018,119,635900,1.76239701028926,1.706,0
2018,120,635900,1.8012894583576,1.856,0
2018,121,635900,1.74393554649582,1.976,0
2018,122,635900,1.68330790137837,2.1,0
2018,123,635900,1.68108483789555,2.184,0
2018,124,635900,1.76890429042904,2.226,0
2018,125,635900,1.79988545913415,2.262,0
2018,126,635900,1.81599378761406,2.328,0
2018,127,635900,1.96663715783343,2.428,0
2018,128,635900,2.35150456222093,2.544,0
2018,129,635900,2.49637468452728,2.674,0
2018,130,635900,2.63956338575034,2.842,0
2018,131,635900,2.64480722189866,2.96,0
2018,132,635900,2.76784507862551,2.978,0
2018,133,635900,2.8780999805863,3.058,0
2018,134,635900,2.93785362065618,3.206,0
2018,135,635900,2.98287342263638,3.342,0
2018,136,635900,3.00336323044069,3.506,0
2018,137,635900,3.08064997087944,3.744,0
2018,138,635900,3.19051232770336,3.934,0
2018,139,635900,4.3433597359736,4.124,0
2018,140,635900,4.54534420500873,4.336,0
2018,141,635900,4.64053018831295,4.576,0
2018,142,635900,4.54462026790915,4.744,0
2018,143,635900,4.26450999805863,4.936,0
2018,144,635900,4.31912152980004,5.088,0
2018,145,635900,4.33528169287517,5.252,0
2018,146,635900,4.47105455251408,5.398,0
2018,147,635900,4.78429819452533,5.626,0
2018,148,635900,4.79633022714036,5.766,0
2018,149,635900,4.85556377402446,5.886,0
2018,150,635900,5.13422015142691,6.018,0
2018,151,635900,5.20621879246748,6.142,0
2018,152,635900,5.18692195690157,6.294,0
2018,153,635900,5.31181537565522,6.506,0
2018,154,635900,5.6082706270627,6.714,0
2018,155,635900,5.58296214327315,6.894,0
2018,156,635900,5.60558241118229,7.078,0
2018,157,635900,5.942594253543,7.25,0
2018,158,635900,6.39203145020384,7.512,0
2018,159,635900,6.48872859638905,7.78,0
2018,160,635900,6.58843409046787,8.066,0
2018,161,635900,6.75414773830325,8.394,0
2018,162,635900,6.95979965055329,8.738,0
2018,163,635900,7.21657503397399,9.03,0
2018,164,635900,7.25434692292758,9.308,0
2018,165,635900,7.54993069306931,9.534,0
2018,166,635900,7.52900368860416,9.646,0
2018,167,635900,7.54717782954766,9.566,0
2018,168,635900,7.55305765870705,9.378,0
2018,169,635900,7.44728111046398,9.266,0
2018,170,635900,7.4286249271986,9.214,0
2018,171,635900,7.41701145408658,9.238,0
2018,172,635900,7.53715065035916,9.426,0
2018,173,635900,7.98688079984469,9.722,0
2018,174,635900,8.00884934964084,9.986,0
2018,175,635900,8.0277619879635,10.196,0
2018,176,635900,7.99169811687051,10.38,0
2018,177,635900,8.15708949718501,10.508,0
2018,178,635900,8.7931162880994,10.578,0
2018,179,635900,9.0794814599107,10.61,0
2018,180,635900,9.26362783925452,10.52,0
2018,181,635900,9.52871850126189,10.422,0
2018,182,635900,9.66002795573674,10.456,0
2019,60,635900,0.924626674432149,0.15,0
2019,61,635900,1.01370122306348,0.105,0
2019,62,635900,1.19594797126771,0.123333333333333,0
2019,63,635900,1.21652417006406,0.1275,0
2019,64,635900,1.07047214133178,0.13,0
2019,65,635900,1.21240768782761,0.128,0
2019,66,635900,1.35243370219375,0.232,0
2019,67,635900,1.34551931663755,0.324,0
2019,68,635900,1.36027975150456,0.406,0
2019,69,635900,1.21689885459134,0.432,0
2019,70,635900,0.783656571539506,0.346,0
2019,71,635900,0.800066006600659,0.222,0
2019,72,635900,1.05844457386915,0.13,0
2019,73,635900,1.27798621626869,0.048,0
2019,74,635900,1.27722345175694,0.052,0
2019,75,635900,1.2332894583576,0.154,0
2019,76,635900,1.11964511745292,0.202,0
2019,77,635900,1.09917549990293,0.204,0
2019,78,635900,1.10492933410988,0.2,0
2019,79,635900,1.16182372354883,0.162,0
2019,80,635900,1.20489710735779,0.122,0
2019,81,635900,1.13037293729373,0.102,0
2019,82,635900,0.92589866045428,0.136,0
2019,83,635900,0.803464375849349,0.134,0
2019,84,635900,0.809948941953017,0.076,0
2019,85,635900,0.858984469035139,0.024,0
2019,86,635900,1.0439702970297,0.004,0
2019,87,635900,1.04934381673461,-0.014,0
2019,88,635900,1.16001941370608,0.038,0
2019,89,635900,1.33457328674044,0.186,0
2019,90,635900,1.7115546495826,0.428,0
2019,91,635900,1.82677771306543,0.652,0
2019,92,635900,1.57403203261503,0.84,0
2019,93,635900,1.69560784313725,1.032,0
2019,94,635900,1.8396392933411,1.204,0
2019,95,635900,1.91780955154339,1.298,0
2019,96,635900,2.00201863715783,1.364,0
2019,97,635900,1.94064414676762,1.42,0
2019,98,635900,1.95460609590371,1.468,0
2019,99,635900,1.95114735002912,1.51,0
2019,100,635900,2.14474703940982,1.576,0
2019,101,635900,2.23571092991652,1.656,0
2019,102,635900,2.01339720442633,1.786,0
2019,103,635900,2.02071830712483,1.91,0
2019,104,635900,2.31580858085809,2.08,0
2019,105,635900,2.34802387885847,2.25,0
2019,106,635900,2.24561677344205,2.382,0
2019,107,635900,2.12709842748981,2.432,0
2019,108,635900,1.86241642399534,2.354,0
2019,109,635900,1.97503766258979,2.218,0
2019,110,635900,2.11249097262667,2.062,0
2019,111,635900,2.19996952048146,1.946,0
2019,112,635900,1.71603339157445,1.736,0
2019,113,635900,1.64759405940594,1.624,0
2019,114,635900,1.57585129101145,1.508,0
2019,115,635900,2.01752824694234,1.44,0
2019,116,635900,2.28326655018443,1.414,0
2019,117,635900,2.38855076684139,1.528,0
2019,118,635900,2.58120015530965,1.73,0
2019,119,635900,2.6586456998641,1.982,0
2019,120,635900,2.69379479712677,2.192,0
2019,121,635900,2.89466977285964,2.426,0
2019,122,635900,2.95033158609978,2.692,0
2019,123,635900,2.99598582799456,2.902,0
2019,124,635900,2.98602096680256,3.06,0
2019,125,635900,2.97978703164434,3.174,0
2019,126,635900,2.85895690157251,3.178,0
2019,127,635900,3.02006833624539,3.03,0
2019,128,635900,3.24261366724908,2.906,0
2019,129,635900,3.43860590176665,2.826,0
2019,130,635900,4.09466026014366,3.024,0
2019,131,635900,4.32006658901184,3.38,0
2019,132,635900,4.24353232382062,3.872,0
2019,133,635900,4.06269792273345,4.292,0
2019,134,635900,3.95202193748787,4.656,0
2019,135,635900,4.05055503785673,4.77,0
2019,136,635900,4.19604756357988,4.814,0
2019,137,635900,4.4544789361289,4.836,0
2019,138,635900,4.71094350611532,4.866,0
2019,139,635900,4.60750087361677,4.894,0
2019,140,635900,4.74773752669385,5.02,0
2019,141,635900,4.60681770529994,4.942,0
2019,142,635900,4.75002407299553,4.968,0
2019,143,635900,4.74882818870122,4.93,0
2019,144,635900,5.05691011454086,4.998,0
2019,145,635900,5.30529508833236,5.026,0
2019,146,635900,5.42887439332168,5.374,0
2019,147,635900,5.7687456804504,5.566,0
2019,148,635900,6.37874898078043,6.038,0
2019,149,635900,6.53025257231606,6.438,0
2019,150,635900,6.34205785284411,6.774,0
2019,151,635900,6.49113570180547,7.01,0
2019,152,635900,6.68821490972627,7.358,0
2019,153,635900,7.02959561250243,7.556,0
2019,154,635900,7.2009367113182,7.786,0
2019,155,635900,7.17852009318579,8.078,0
2019,156,635900,7.24987885847408,8.274,0
2019,157,635900,7.35207590759076,8.338,0
2019,158,635900,7.90001960784313,8.458,0
2019,159,635900,7.89033799262279,8.564,0
2019,160,635900,7.83632789749562,8.714,0
2019,161,635900,8.21120209668025,8.908,0
2019,162,635900,8.59454940788197,9.186,0
2019,163,635900,8.72211318190642,9.386,0
2019,164,635900,8.71151892836343,9.538,0
2019,165,635900,8.95877305377597,9.702,0
2019,166,635900,9.29324480683363,9.774,0
2019,167,635900,9.58755950300914,10.008,0
2019,168,635900,9.76006658901185,10.294,0
2019,169,635900,9.72946476412347,10.59,0
2019,170,635900,9.94154164239954,10.794,0
2019,171,635900,9.85925664919434,10.992,0
2019,172,635900,9.93063599301106,10.962,0
2019,173,635900,9.59936323044068,10.69,0
2019,174,635900,9.39064764123471,10.394,0
2019,175,635900,9.29241254125413,10.102,0
2019,176,635900,9.62135488254708,10.066,0
2019,177,635900,9.85181207532518,10.184,0
2019,178,635900,10.2083410988158,10.548,0
2019,179,635900,10.1046627839255,10.938,0
2019,180,635900,10.0892964472918,11.288,0
2019,181,635900,10.0743267326733,11.394,0
2019,182,635900,10.1278716754028,11.336,0
2020,61,635900,-1.7999722384003,-1.8,91.8
2020,62,635900,-1.79986196854979,-1.8,95.6
2020,63,635900,-1.79983090662007,-1.8,94.4
2020,64,635900,-1.79959949524363,-1.8,93.8
2020,65,635900,-1.79999048728401,-1.8,95
2020,66,635900,-1.79982372354881,-1.8,94.8
2020,67,635900,-1.79996447291787,-1.8,97.6
2020,68,635900,-1.79975150456222,-1.8,97.5
2020,69,635900,-1.79953911861774,-1.8,96.9
2020,70,635900,-1.79883517763541,-1.8,99.2
2020,71,635900,-1.79874587458744,-1.8,100
2020,72,635900,-1.79998233352746,-1.8,100
2020,73,635900,-1.79864317608229,-1.8,98.5
2020,74,635900,-1.79681498738107,-1.8,93
2020,75,635900,-1.79531993787612,-1.8,89.6
2020,76,635900,-1.78329819452533,-1.788,83.3
2020,77,635900,-1.75447369442827,-1.768,70.6
2020,78,635900,-1.51267482042322,-1.708,68
2020,79,635900,-1.28765152397593,-1.612,59.2
2020,80,635900,-1.23046748204232,-1.508,60.6
2020,81,635900,-1.25596660842555,-1.424,60.2
2020,82,635900,-1.48583711900602,-1.388,71.4
2020,83,635900,-1.79999999999999,-1.448,80.4
2020,84,635900,-1.78549136090078,-1.524,74.1
2020,85,635900,-1.74905552319938,-1.582,73.9
2020,86,635900,-1.69136400698893,-1.614,69
2020,87,635900,-1.68168200349447,-1.602,68.2
2020,88,635900,-1.74888410017472,-1.576,64
2020,89,635900,-1.79557561638516,-1.596,78.9
2020,90,635900,-1.79999999999999,-1.642,89.6
2020,91,635900,-1.79988390603765,-1.706,80
2020,92,635900,-1.79574121529799,-1.774,64.4
2020,93,635900,-1.79720792079207,-1.8,65.3
2020,94,635900,-1.79257076295864,-1.8,74.6
2020,95,635900,-1.78303106192971,-1.8,83.8
2020,96,635900,-1.69855989128325,-1.8,63.6
2020,97,635900,-1.71852980003883,-1.8,65
2020,98,635900,-1.7020469811687,-1.798,64.5
2020,99,635900,-1.7074111822947,-1.798,62.3
2020,100,635900,-1.6853443991458,-1.796,57.9
2020,101,635900,-1.65201164822365,-1.794,52.2
2020,102,635900,-1.66917899437003,-1.794,48.6
2020,103,635900,-1.34298136284217,-1.782,25.4
2020,104,635900,-1.29801339545719,-1.75,16.2
2020,105,635900,-1.24498427489808,-1.72,0
2020,106,635900,-1.07418171228888,-1.66,0
2020,107,635900,-0.84285517375267,-1.564,0
2020,108,635900,-0.980904484566104,-1.492,0
2020,109,635900,-0.96521063871093,-1.442,0
2020,110,635900,-0.0232453892448075,-1.28,0
2020,111,635900,0.10936575422248,-1.03,0
2020,112,635900,0.0731473500291201,-0.818,0
2020,113,635900,0.183777324791302,-0.57,0
2020,114,635900,0.199543972044263,-0.304,0
2020,115,635900,0.366664337021937,-0.082,0
2020,116,635900,0.159135895942535,0.014,0
2020,117,635900,0.131286546301689,0.09,0
2020,118,635900,0.393072801397786,0.144,0
2020,119,635900,0.555629780625121,0.26,0
2020,120,635900,0.543216851096874,0.306,0
2020,121,635900,0.509900795961948,0.358,0
2020,122,635900,0.448178800232964,0.44,0
2020,123,635900,0.692425936711317,0.55,0
2020,124,635900,0.900251795767812,0.64,0
2020,125,635900,1.02431760823141,0.77,0
2020,126,635900,1.03575694039992,0.922,0
2020,127,635900,1.12947272374296,1.102,0
2020,128,635900,1.30536905455251,1.426,0
2020,129,635900,2.01010599883518,1.806,0
2020,130,635900,2.11239759270045,2.142,0
2020,131,635900,2.04323005241701,2.452,0
2020,132,635900,1.91524635993011,2.724,0
2020,133,635900,1.85932498543972,2.83,0
2020,134,635900,1.96215919238983,2.866,0
2020,135,635900,2.05985362065618,2.982,0
2020,136,635900,2.08022325761988,3.108,0
2020,137,635900,2.08439933993399,3.154,0
2020,138,635900,2.02029528246943,2.896,0
2020,139,635900,4.89443991457969,3.22,0
2020,140,635900,4.19360590176665,3.358,0
2020,141,635900,2.19172432537371,3.018,0
2020,142,635900,1.83601456027956,2.724,0
2020,143,635900,1.64872374296253,2.65,0
2020,144,635900,3.22620345563968,2.468,0
2020,145,635900,3.33708250825082,2.67,0
2020,146,635900,3.30670355270821,3.398,0
2020,147,635900,3.44519161327897,4.18,0
2020,148,635900,3.92252980003883,4.948,0
2020,149,635900,4.22261017278198,5.194,0
2020,150,635900,4.78252067559697,5.396,0
2020,151,635900,5.07026227916909,5.568,0
2020,152,635900,5.01632964472918,5.724,0
2020,153,635900,4.85414948553679,5.878,0
2020,154,635900,4.9100974568045,5.962,0
2020,155,635900,5.04339506891865,5.88,0
2020,156,635900,4.91054183653659,5.718,0
2020,157,635900,5.43216249271986,5.648,0
2020,158,635900,6.12709143855562,6.064,0
2020,159,635900,5.93394564162298,6.594,0
2020,160,635900,6.15920656183265,7.104,0
2020,161,635900,6.22905824111823,7.688,0
2020,162,635900,6.18050300912444,8.114,0
2020,163,635900,6.03613337216074,8.048,0
2020,164,635900,5.71250359153562,7.686,0
2020,165,635900,5.53893574063289,7.264,0
2020,166,635900,5.75233896330809,6.872,0
2020,167,635900,5.53967947971268,6.506,0
2020,168,635900,5.79472917880023,6.254,0
2020,169,635900,6.50766123082896,6.32,0
2020,170,635900,6.74388623568239,6.466,0
2020,171,635900,7.35526616191031,7.122,0
2020,172,635900,7.464329062318,7.93,0
2020,173,635900,7.56102096680257,8.78,0
2020,174,635900,7.5946041545331,9.568,0
2020,175,635900,7.53567035527082,10.098,0
2020,176,635900,7.28114133178024,9.758,0
2020,177,635900,7.88954921374492,9.386,0
2020,178,635900,7.44817996505532,8.924,0
2020,179,635900,7.38521685109688,8.44,0
2020,180,635900,7.24538536206561,8.066,0
2020,181,635900,8.17643583770142,8.166,0
2020,182,635900,8.87823412929529,8.288,0
2021,60,635900,-1.53952086973403,-1.8,60.4
2021,61,635900,-1.41775033973986,-1.795,46.6
2021,62,635900,-1.64032886818093,-1.79666666666667,87
2021,63,635900,-1.74420520287323,-1.7975,89.8
2021,64,635900,-1.77428751698699,-1.798,91.1
2021,65,635900,-1.762629392351,-1.798,91.5
2021,66,635900,-1.63334867016113,-1.8,81.2
2021,67,635900,-1.49011842360707,-1.796,51.4
2021,68,635900,-1.45598349834984,-1.788,15
2021,69,635900,-1.43960434867016,-1.778,22.8
2021,70,635900,-1.4499450592118,-1.768,38.2
2021,71,635900,-1.5948674043875,-1.764,58.3
2021,72,635900,-1.60747621821006,-1.762,60.7
2021,73,635900,-1.60016191030868,-1.764,50.1
2021,74,635900,-1.59698757522811,-1.768,46.2
2021,75,635900,-1.64827004465152,-1.772,47.8
2021,76,635900,-1.73543642011259,-1.776,59
2021,77,635900,-1.76618578916714,-1.782,73.1
2021,78,635900,-1.77278392545136,-1.788,78.4
2021,79,635900,-1.7667223840031,-1.794,79.8
2021,80,635900,-1.77049543777907,-1.8,78.8
2021,81,635900,-1.78648476024073,-1.8,83.7
2021,82,635900,-1.7992345175694,-1.8,86
2021,83,635900,-1.79054960201902,-1.8,92.3
2021,84,635900,-1.79012560667831,-1.8,92
2021,85,635900,-1.79389768976897,-1.8,84.2
2021,86,635900,-1.7878396427878,-1.8,81.3
2021,87,635900,-1.77828771112405,-1.8,85.3
2021,88,635900,-1.66411337604349,-1.8,29.5
2021,89,635900,-1.73717957678121,-1.8,8.1
2021,90,635900,-1.78103145020383,-1.8,22.3
2021,91,635900,-1.78327470394096,-1.8,53.3
2021,92,635900,-1.78475635798873,-1.8,66.7
2021,93,635900,-1.75981712288875,-1.8,54.2
2021,94,635900,-1.52719471947195,-1.796,24.9
2021,95,635900,-1.48598621626869,-1.792,30.3
2021,96,635900,-1.53329974762182,-1.792,16.6
2021,97,635900,-1.58512929528247,-1.792,10.9
2021,98,635900,-1.60450029120559,-1.792,28.2
2021,99,635900,-1.7148619685498,-1.796,68.1
2021,100,635900,-1.71240069889342,-1.8,67.7
2021,101,635900,-1.70506988934187,-1.8,53
2021,102,635900,-1.75590060182488,-1.8,16.4
2021,103,635900,-1.76791360900795,-1.8,6
2021,104,635900,-1.76661230828963,-1.8,6.5
2021,105,635900,-1.34269171034751,-1.782,18
2021,106,635900,-1.09831760823141,-1.762,32.3
2021,107,635900,-1.02784876722967,-1.674,43.1
2021,108,635900,-1.01087303436226,-1.536,44.8
2021,109,635900,-0.711873616773442,-1.304,38.3
2021,110,635900,-0.357341487089886,-1.008,33.3
2021,111,635900,-0.238539506891866,-0.716,28.5
2021,112,635900,-0.24053038245001,-0.5,14.3
2021,113,635900,-0.399584352552903,-0.376,28.4
2021,114,635900,-0.649403999223452,-0.56,23.7
2021,115,635900,-0.713257814016696,-0.808,9.8
2021,116,635900,0.0958406134731115,-0.802,0
2021,117,635900,0.205752475247524,-0.772,6.8
2021,118,635900,0.188175888177052,-0.71,6.2
2021,119,635900,0.144729178800232,-0.434,13.7
2021,120,635900,0.178054164239953,-0.152,13.2
2021,121,635900,-0.503998835177636,-0.286,9.7
2021,122,635900,-0.120244612696564,-0.34,0
2021,123,635900,0.00846825859056443,-0.364,0
2021,124,635900,0.0522040380508634,-0.378,0
2021,125,635900,0.166803727431566,-0.38,0
2021,126,635900,0.363880605707629,-0.162,0
2021,127,635900,0.315809357406329,-0.03,0
2021,128,635900,0.24813977868375,0.074,0
2021,129,635900,0.48188584740827,0.212,0
2021,130,635900,0.981783148903125,0.394,0
2021,131,635900,1.36793244030285,0.61,0
2021,132,635900,1.55063405164046,0.864,0
2021,133,635900,1.5814967967385,1.184,0
2021,134,635900,1.61052533488643,1.488,0
2021,135,635900,1.50112250048534,1.742,0
2021,136,635900,1.60155018443021,1.952,0
2021,137,635900,1.67298427489808,2.152,0
2021,138,635900,2.06968413900213,2.456,0
2021,139,635900,2.0008990487284,2.73,0
2021,140,635900,1.95212327703359,2.964,0
2021,141,635900,1.98451523975927,3.15,0
2021,142,635900,2.41793651718113,3.42,0
2021,143,635900,2.62880217433508,3.554,0
2021,144,635900,2.48510677538342,3.736,0
2021,145,635900,2.43220209668026,3.99,0
2021,146,635900,2.35033372160745,4.27,0
2021,147,635900,2.52731527858668,4.42,0
2021,148,635900,3.18401494855368,4.708,0
2021,149,635900,3.517964861192,5.022,0
2021,150,635900,3.5006095903708,5.314,0
2021,151,635900,3.5757709182683,5.614,0
2021,152,635900,4.22296156086197,5.958,0
2021,153,635900,4.30296622015143,6.154,0
2021,154,635900,4.08955387303436,6.176,0
2021,155,635900,4.05682022908173,5.948,0
2021,156,635900,4.45499922345175,5.722,0
2021,157,635900,4.53411687051058,5.474,0
2021,158,635900,4.53501727819841,5.194,0
2021,159,635900,4.59944224422442,5.104,0
2021,160,635900,4.55477460687245,5.176,0
2021,161,635900,4.5060460104834,5.152,0
2021,162,635900,5.0019079790332,5.228,0
2021,163,635900,5.56747447097651,5.432,0
2021,164,635900,5.49228887594642,5.54,0
2021,165,635900,5.45171830712483,5.862,0
2021,166,635900,5.98538109105028,6.552,0
2021,167,635900,5.91822345175694,7.124,0
2021,168,635900,6.09079790331974,7.596,0
2021,169,635900,6.33829528246942,8.116,0
2021,170,635900,6.86279324403028,8.554,0
2021,171,635900,7.89668472141331,8.72,0
2021,172,635900,8.36055775577557,8.92,0
2021,173,635900,8.50698874005048,9.13,0
2021,174,635900,9.02627276257038,9.448,0
2021,175,635900,9.20858823529412,9.69,0
2021,176,635900,8.42617782954767,9.612,0
2021,177,635900,7.74960279557367,9.372,0
2021,178,635900,7.62236536594836,9.05,0
2021,179,635900,7.40446107551931,8.494,0
2021,180,635900,7.55490293146962,7.924,0
2021,181,635900,7.14485070860027,7.636,0
2021,182,635900,7.00993438167346,7.586,0
2022,60,635900,-1.57898388662396,-1.75,25.4
2022,61,635900,-1.54997728596389,-1.75,25.8
2022,62,635900,-1.53373810910503,-1.74666666666667,13.6
2022,63,635900,-1.50640341681227,-1.7425,19.2
2022,64,635900,-1.41139798097457,-1.724,11.4
2022,65,635900,-1.47909939817511,-1.708,19.1
2022,66,635900,-1.47077285963891,-1.688,16.1
2022,67,635900,-1.43201805474665,-1.672,28.4
2022,68,635900,-1.42013764317608,-1.66,17.9
2022,69,635900,-1.45952630557173,-1.65,0
2022,70,635900,-1.32064434090468,-1.598,25.1
2022,71,635900,-1.34426033779849,-1.544,31
2022,72,635900,-1.46838691516211,-1.496,28
2022,73,635900,-1.45549039021549,-1.456,4.4
2022,74,635900,-1.45580062123859,-1.438,23.3
2022,75,635900,-1.47763715783343,-1.48,59.8
2022,76,635900,-1.58707493690546,-1.542,91.4
2022,77,635900,-1.79995185400892,-1.618,96.6
2022,78,635900,-1.79982178217821,-1.684,86.9
2022,79,635900,-1.79962123859444,-1.742,80.2
2022,80,635900,-1.79888429431177,-1.778,81.7
2022,81,635900,-1.79872316055134,-1.8,79.8
2022,82,635900,-1.79899281692874,-1.8,79.2
2022,83,635900,-1.79934459328284,-1.8,78.3
2022,84,635900,-1.79851291011452,-1.8,79.3
2022,85,635900,-1.79882469423412,-1.8,93
2022,86,635900,-1.79726635604735,-1.8,68.2
2022,87,635900,-1.79148301300717,-1.8,46.2
2022,88,635900,-1.76365365948359,-1.8,42
2022,89,635900,-1.70385595030091,-1.8,38.4
2022,90,635900,-1.58545738691516,-1.784,30
2022,91,635900,-1.47223937099592,-1.758,7
2022,92,635900,-1.35945466899631,-1.726,0
2022,93,635900,-1.44422151038633,-1.698,0
2022,94,635900,-1.31919957289847,-1.622,0
2022,95,635900,-1.29565657153951,-1.554,0
2022,96,635900,-1.24142050087362,-1.492,0
2022,97,635900,-1.6306051252184,-1.46,5.2
2022,98,635900,-1.56905222286934,-1.426,43.3
2022,99,635900,-1.4959099204038,-1.428,72.2
2022,100,635900,-1.40903727431567,-1.43,65.5
2022,101,635900,-1.21379363230441,-1.412,0
2022,102,635900,-1.19253077072413,-1.37,0
2022,103,635900,-1.32269093379926,-1.364,0
2022,104,635900,-0.674304795185401,-1.216,0
2022,105,635900,-0.678955154338964,-1.062,0
2022,106,635900,-0.682689574839837,-0.936,0
2022,107,635900,-0.759760629004078,-0.812,0
2022,108,635900,-0.78867753834207,-0.638,0
2022,109,635900,-0.742280528052806,-0.594,0
2022,110,635900,-0.621820811492915,-0.522,0
2022,111,635900,-0.483579304989323,-0.412,0
2022,112,635900,-0.144625897883906,-0.24,0
2022,113,635900,-0.0338945835760051,-0.116,0
2022,114,635900,-0.352688992428655,0.144,0
2022,115,635900,0.709743350805668,0.414,0
2022,116,635900,0.843458940011647,0.674,0
2022,117,635900,0.813051058046981,0.92,0
2022,118,635900,0.764483013007182,1.204,0
2022,119,635900,0.727791885070859,1.332,0
2022,120,635900,0.830158027567462,1.406,0
2022,121,635900,1.41290001941371,1.646,0
2022,122,635900,1.4348693457581,1.84,0
2022,123,635900,1.49387458745875,2.05,0
2022,124,635900,1.53640302853815,2.292,0
2022,125,635900,1.43553329450592,2.568,0
2022,126,635900,1.41016385167929,2.652,0
2022,127,635900,1.39601028926422,2.72,0
2022,128,635900,1.93363754610755,2.782,0
2022,129,635900,1.98024150650359,2.788,0
2022,130,635900,1.93812327703359,2.76,0
2022,131,635900,1.89168569209862,2.77,0
2022,132,635900,2.18575946418171,2.898,0
2022,133,635900,2.55680683362454,3.06,0
2022,134,635900,2.60827625703747,3.252,0
2022,135,635900,2.69651621044457,3.478,0
2022,136,635900,2.83371228887594,3.696,0
2022,137,635900,3.07417045233935,3.852,0
2022,138,635900,3.20747738303242,4,0
2022,139,635900,3.37492506309454,4.194,0
2022,140,635900,3.34791923898272,4.358,0
2022,141,635900,3.49983731314307,4.504,0
2022,142,635900,3.69592933410988,4.71,0
2022,143,635900,4.11429877693652,5.032,0
2022,144,635900,4.14122558726461,5.312,0
2022,145,635900,4.09223587652883,5.598,0
2022,146,635900,4.00282450009707,5.914,0
2022,147,635900,4.74939409823335,6.188,0
2022,148,635900,4.98247738303242,6.358,0
2022,149,635900,4.96138109105028,6.524,0
2022,150,635900,4.97693884682586,6.67,0
2022,151,635900,6.49705979421472,7.044,0
2022,152,635900,6.71387478159581,7.416,0
2022,153,635900,6.50247815958067,7.722,0
2022,154,635900,6.62983110075714,8.074,0
2022,155,635900,6.48900232964473,8.412,0
2022,156,635900,6.69202814987381,8.396,0
2022,157,635900,8.10656435643564,8.652,0
2022,158,635900,8.02775771694817,8.914,0
2022,159,635900,8.01554863133372,9.104,0
2022,160,635900,8.14298485730926,9.34,0
2022,161,635900,8.36183090662008,9.71,0
2022,162,635900,8.45211570568822,9.696,0
2022,163,635900,8.20492797515046,9.576,0
2022,164,635900,7.83541098815763,9.368,0
2022,165,635900,7.71688875946419,9.158,0
2022,166,635900,7.07320811492914,8.556,0
2022,167,635900,7.00823471170647,7.95,0
2022,168,635900,6.84340264026403,7.44,0
2022,169,635900,7.64737080178607,7.246,0
2022,170,635900,8.37126635604738,7.24,0
2022,171,635900,8.41518132401475,7.594,0
2022,172,635900,8.42995476606485,7.966,0
2022,173,635900,8.03492681032811,8.256,0
2022,174,635900,7.46524480683363,8.234,0
2022,175,635900,7.27458551737526,7.972,0
2022,176,635900,7.53103572121918,7.696,0
2022,177,635900,7.36323665307707,7.436,0
2022,178,635900,8.12486779266162,7.4,0
2022,179,635900,8.0942642205397,7.476,0
2022,180,635900,9.00301708406135,8.05,0
2022,181,635900,9.44176392933411,8.772,0
2022,182,635900,9.75322500485343,9.54,0
2023,60,635900,-1.50257483983692,-1.79,33.6
2023,61,635900,-1.72367229664142,-1.795,82.2
2023,62,635900,-1.79281498738108,-1.79666666666667,88.9
2023,63,635900,-1.78849796156086,-1.7975,88.2
2023,64,635900,-1.70575927004465,-1.798,72.4
2023,65,635900,-1.4612686856921,-1.796,41.2
2023,66,635900,-1.13352630557173,-1.764,0
2023,67,635900,-1.11692506309455,-1.728,7.1
2023,68,635900,-1.126741215298,-1.69,5.4
2023,69,635900,-1.13760240729955,-1.66,18.9
2023,70,635900,-1.38502135507669,-1.634,50.5
2023,71,635900,-1.6338980780431,-1.644,57
2023,72,635900,-1.78972646088136,-1.68,62.8
2023,73,635900,-1.79558881770529,-1.718,73.8
2023,74,635900,-1.79842962531546,-1.748,77.2
2023,75,635900,-1.79992894583575,-1.778,82.6
2023,76,635900,-1.79932770335856,-1.8,89.6
2023,77,635900,-1.79886546301687,-1.8,89.1
2023,78,635900,-1.75732770335857,-1.784,94.4
2023,79,635900,-1.70775150456222,-1.758,83.2
2023,80,635900,-1.69541622985828,-1.73,69.4
2023,81,635900,-1.70578955542613,-1.704,70.1
2023,82,635900,-1.75481382255873,-1.686,68.5
2023,83,635900,-1.79954183653658,-1.702,64.3
2023,84,635900,-1.79944593282857,-1.728,66.6
2023,85,635900,-1.78986623956513,-1.756,71.7
2023,86,635900,-1.72077654824306,-1.782,59.8
2023,87,635900,-1.72915511551155,-1.8,63.1
2023,88,635900,-1.69465618326538,-1.8,47.2
2023,89,635900,-1.60821995728985,-1.8,40.5
2023,90,635900,-1.66672063676956,-1.8,39.8
2023,91,635900,-1.72938575033974,-1.8,52.8
2023,92,635900,-1.73592273344981,-1.8,58.9
2023,93,635900,-1.74104465152397,-1.8,61.6
2023,94,635900,-1.79858998252765,-1.8,62.5
2023,95,635900,-1.799865851291,-1.8,69
2023,96,635900,-1.79999999999999,-1.8,84.1
2023,97,635900,-1.79999999999999,-1.8,94.7
2023,98,635900,-1.79976159968937,-1.8,87.4
2023,99,635900,-1.79999999999999,-1.8,89.5
2023,100,635900,-1.79504018637158,-1.8,82.6
2023,101,635900,-1.77101417200543,-1.8,80.8
2023,102,635900,-1.74834168122694,-1.8,74
2023,103,635900,-1.75677674238012,-1.8,70.1
2023,104,635900,-1.7893616773442,-1.8,76.8
2023,105,635900,-1.79999999999999,-1.8,82.6
2023,106,635900,-1.79999999999999,-1.792,81.2
2023,107,635900,-1.79930809551543,-1.778,85.3
2023,108,635900,-1.79676024072995,-1.762,87.6
2023,109,635900,-1.51156125024267,-1.736,83.4
2023,110,635900,-1.1104606872452,-1.606,85.9
2023,111,635900,-0.931392350999807,-1.41,56.8
2023,112,635900,-0.852155115511551,-1.188,32.1
2023,113,635900,-0.948048340128132,-0.994,0
2023,114,635900,-0.987184624344788,-0.814,0
2023,115,635900,-0.990976703552709,-0.73,0
2023,116,635900,-1.09742846049311,-0.814,0
2023,117,635900,-1.29333721607455,-0.924,0
2023,118,635900,-0.991752669384586,-0.886,0
2023,119,635900,-0.760999029314697,-0.806,0
2023,120,635900,-0.759106581246361,-0.724,0
2023,121,635900,-0.761202679091439,-0.542,0
2023,122,635900,-0.764129877693653,-0.34,0
2023,123,635900,-0.765184624344788,-0.242,0
2023,124,635900,-0.73521549213745,-0.176,0
2023,125,635900,-0.537929528246943,-0.118,0
2023,126,635900,-0.185506697728597,0.00800000000000001,0
2023,127,635900,-0.119562415065036,0.196,0
2023,128,635900,-0.0991621044457392,0.382,0
2023,129,635900,-0.0770209668025631,0.564,0
2023,130,635900,0.234541059988351,0.78,0
2023,131,635900,0.290254125412541,0.958,0
2023,132,635900,0.26978936128907,1.048,0
2023,133,635900,0.262268103280916,1.138,0
2023,134,635900,0.604214715589206,1.296,0
2023,135,635900,0.282078431372548,1.28,0
2023,136,635900,0.582429819452533,1.18,0
2023,137,635900,0.821246942341292,1.344,0
2023,138,635900,0.808913609007959,1.502,0
2023,139,635900,0.810980974568044,1.596,0
2023,140,635900,0.905573286740438,1.858,0
2023,141,635900,1.24611667637352,2.244,0
2023,142,635900,1.59311395845467,2.402,0
2023,143,635900,1.87960201902543,2.574,0
2023,144,635900,1.83249077848961,2.766,0
2023,145,635900,1.66111745292176,2.932,0
2023,146,635900,1.64437274315667,3.008,0
2023,147,635900,1.53092913997282,3.004,0
2023,148,635900,1.79693457581052,2.988,0
2023,149,635900,2.0199044845661,3,0
2023,150,635900,2.02967423801204,3.066,0
2023,151,635900,2.04883634245778,3.174,0
2023,152,635900,2.18553135313531,3.324,0
2023,153,635900,2.3442642205397,3.434,0
2023,154,635900,2.67507901378373,3.61,0
2023,155,635900,3.08483304212774,3.832,0
2023,156,635900,3.29799029314696,4.062,0
2023,157,635900,3.27558415841584,4.298,0
2023,158,635900,3.24087070471753,4.528,0
2023,159,635900,2.70970549407882,4.32,0
2023,160,635900,3.66129237041351,4.37,0
2023,161,635900,3.44206833624538,4.284,0
2023,162,635900,3.54000038827412,4.248,0
2023,163,635900,3.71137390797903,4.344,0
2023,164,635900,3.99180450397981,4.776,0
2023,165,635900,4.01481556979227,4.874,0
2023,166,635900,4.26276373519705,5.06,0
2023,167,635900,4.46710522228693,5.192,0
2023,168,635900,4.562894583576,5.23,0
2023,169,635900,4.28727819840807,5.118,0
2023,170,635900,4.52759503009124,5.092,0
2023,171,635900,4.76771888953601,5.062,0
2023,172,635900,5.05269675791109,5.018,0
2023,173,635900,5.46735682391768,5.28,0
2023,174,635900,5.7442182100563,5.862,0
2023,175,635900,5.94656629780625,6.382,0
2023,176,635900,5.85023781789944,6.872,0
2023,177,635900,5.71596622015143,7.336,0
2023,178,635900,5.78903009124442,7.492,0
2023,179,635900,5.80672180159193,7.486,0
2023,180,635900,5.91712560667832,7.416,0
2023,181,635900,6.27677014172005,7.398,0
2023,182,635900,6.20327237429625,7.41,0
2024,61,635900,-1.79999999999999,-1.8,97.2
2024,62,635900,-1.79999999999999,-1.8,96
2024,63,635900,-1.788377014172,-1.8,93.5
2024,64,635900,-1.76301708406134,-1.8,88.1
2024,65,635900,-1.70966763735197,-1.8,80.1
2024,66,635900,-1.66637429625315,-1.8,73
2024,67,635900,-1.68974354494273,-1.8,66
2024,68,635900,-1.7820776548243,-1.8,77.6
2024,69,635900,-1.79999999999999,-1.8,90.5
2024,70,635900,-1.79999999999999,-1.8,94.5
2024,71,635900,-1.79999767035526,-1.8,99.2
2024,72,635900,-1.79991457969326,-1.8,98.2
2024,73,635900,-1.79953426519122,-1.798,95.8
2024,74,635900,-1.79882741215298,-1.796,94.8
2024,75,635900,-1.79930673655601,-1.794,92.1
2024,76,635900,-1.79891846243448,-1.792,93.7
2024,77,635900,-1.79872976121142,-1.79,94.2
2024,78,635900,-1.79994214715589,-1.792,92.4
2024,79,635900,-1.79999999999999,-1.794,74.7
2024,80,635900,-1.79999262279168,-1.796,76.8
2024,81,635900,-1.79802096680255,-1.798,77.2
2024,82,635900,-1.75874373907978,-1.8,57.6
2024,83,635900,-1.75667695593088,-1.8,55.2
2024,84,635900,-1.66379654436032,-1.798,0
2024,85,635900,-1.79999999999999,-1.798,27.1
2024,86,635900,-1.79999999999999,-1.798,71.4
2024,87,635900,-1.79999999999999,-1.796,71.4
2024,88,635900,-1.79999747621819,-1.794,40.5
2024,89,635900,-1.79999708794408,-1.796,27.9
2024,90,635900,-1.55471655989128,-1.788,21.6
2024,91,635900,-1.6019638905067,-1.784,16.9
2024,92,635900,-1.77313803145019,-1.786,43.4
2024,93,635900,-1.79999999999999,-1.788,79.6
2024,94,635900,-1.78022481071636,-1.788,66.3
2024,95,635900,-1.75689458357599,-1.796,59
2024,96,635900,-1.74699223451756,-1.8,42.6
2024,97,635900,-1.77258881770529,-1.798,42.9
2024,98,635900,-1.7177961560862,-1.788,31.4
2024,99,635900,-1.71926247330615,-1.776,33.7
2024,100,635900,-1.77695826053195,-1.768,61
2024,101,635900,-1.79788487672296,-1.766,86.2
2024,102,635900,-1.79999999999999,-1.768,91.5
2024,103,635900,-1.79965909532129,-1.778,69
2024,104,635900,-1.79999999999999,-1.79,77.4
2024,105,635900,-1.79999999999999,-1.798,70.9
2024,106,635900,-1.79999999999999,-1.8,65.2
2024,107,635900,-1.76583964278781,-1.8,58
2024,108,635900,-1.68870665890118,-1.8,51.9
2024,109,635900,-1.72135973597359,-1.8,58.4
2024,110,635900,-1.76225218404193,-1.8,57.8
2024,111,635900,-1.65064977674238,-1.8,50.8
2024,112,635900,-1.28951232770336,-1.678,43.4
2024,113,635900,-1.27593593476995,-1.54,46.1
2024,114,635900,-1.29293651718113,-1.406,19.2
2024,115,635900,-1.28115822170452,-1.272,0
2024,116,635900,-1.24218326538536,-1.14,0
2024,117,635900,-1.38858163463405,-1.216,0
2024,118,635900,-1.40608872063677,-1.3,0
2024,119,635900,-0.852782372354884,-1.328,0
2024,120,635900,-0.010429819452534,-1.286,0
2024,121,635900,0.257797515045622,-1.096,0
2024,122,635900,0.026286158027567,-0.872,0
2024,123,635900,-0.0688767229664148,-0.678,0
2024,124,635900,-0.0910446515239763,-0.536,0
2024,125,635900,-0.199712677150069,-0.468,0
2024,126,635900,-0.347119782566493,-0.526,0
2024,127,635900,-0.465577751892837,-0.5,0
2024,128,635900,-0.130920209668026,-0.422,0
2024,129,635900,-0.138752863521647,-0.312,0
2024,130,635900,-0.180960590176666,-0.174,0
2024,131,635900,-0.205832847990682,-0.06,0
2024,132,635900,0.208457775189283,0.02,0
2024,133,635900,0.478246554067171,0.174,0
2024,134,635900,0.458172393709958,0.298,0
2024,135,635900,0.424274703940982,0.392,0
2024,136,635900,0.503993399339933,0.508,0
2024,137,635900,0.528158998252767,0.608,0
2024,138,635900,0.565324597165598,0.614,0
2024,139,635900,0.680659677732478,0.69,0
2024,140,635900,0.889006794797126,0.838,0
2024,141,635900,1.00943020772665,0.976,0
2024,142,635900,0.974191613278974,1.112,0
2024,143,635900,0.910809939817511,1.114,0
2024,144,635900,0.883625703746845,1.004,0
2024,145,635900,0.95618792467482,0.82,0
2024,146,635900,1.16652572316055,0.632,0
2024,147,635900,1.36621937487866,0.48,0
2024,148,635900,1.60397553873034,0.598,0
2024,149,635900,1.67265773636187,0.844,0
2024,150,635900,1.72870316443409,1.184,0
2024,151,635900,1.61257173364395,1.416,0
2024,152,635900,1.69318132401475,1.674,0
2024,153,635900,2.0047456804504,1.866,0
2024,154,635900,2.10696175499903,2.086,0
2024,155,635900,2.27705241700641,2.316,0
2024,156,635900,2.31485342651912,2.654,0
2024,157,635900,2.16255853232382,2.92,0
2024,158,635900,2.16632401475441,3.082,0
2024,159,635900,2.38901184236071,3.166,0
2024,160,635900,2.86621840419336,3.26,0
2024,161,635900,3.59311395845467,3.498,0
2024,162,635900,3.9820910502815,3.868,0
2024,163,635900,3.94195243642011,4.296,0
2024,164,635900,4.02254436031838,4.724,0
2024,165,635900,3.96146107551931,5.074,0
2024,166,635900,4.30043409046787,5.32,0
2024,167,635900,4.81976606484178,5.512,0
2024,168,635900,4.98746437584935,5.674,0
2024,169,635900,5.2644220539701,5.934,0
2024,170,635900,5.80963308095515,6.238,0
2024,171,635900,6.5010875558144,6.568,0
2024,172,635900,5.87697825664919,6.75,0
2024,173,635900,5.78794078819647,7.04,0
2024,174,635900,5.78774898078043,7.238,0
2024,175,635900,5.86879926227916,7.416,0
2024,176,635900,5.98046049310813,7.52,0
2024,177,635900,6.23252999417589,7.76,0
2024,178,635900,6.42783692486896,7.896,0
2024,179,635900,6.49488526499709,7.938,0
2024,180,635900,6.44830110658125,7.898,0
2024,181,635900,6.39708949718501,7.908,0
2024,182,635900,6.3548955542613,7.85,0
2016,61,645931,1.43276159968938,-0.99,0
2016,62,645931,1.50039002135508,-1.035,0
2016,63,645931,1.51203455639682,-1.11333333333333,0
2016,64,645931,1.49099301106581,-1.1625,0
2016,65,645931,1.43554940788196,-1.194,0
2016,66,645931,1.32305629974762,-1.266,0
2016,67,645931,0.519818287711124,-1.278,0
2016,68,645931,0.480117647058823,-1.256,0
2016,69,645931,0.532569015725102,-1.302,0
2016,70,645931,0.672428654630168,-1.348,0
2016,71,645931,0.831996117258785,-1.392,0
2016,72,645931,0.975349252572315,-1.48,0
2016,73,645931,1.05566530770724,-1.56,0
2016,74,645931,0.913110269850514,-1.528,0
2016,75,645931,0.744465346534653,-1.422,0
2016,76,645931,0.68532479130266,-1.364,0
2016,77,645931,0.625511745292176,-1.33,0
2016,78,645931,0.582808969132207,-1.25,4.5
2016,79,645931,0.514671131819064,-1.236,5.1
2016,80,645931,0.38851271597748,-1.372,13.2
2016,81,645931,0.3956194913609,-1.462,15.8
2016,82,645931,-0.126406717142303,-1.47,7.2
2016,83,645931,-0.186756746262862,-1.48,0
2016,84,645931,0.173028344010871,-1.396,0
2016,85,645931,-0.222910696952049,-1.39,0
2016,86,645931,-0.253761793826442,-1.374,0
2016,87,645931,-0.108411570568822,-1.414,0
2016,88,645931,-0.0129052611143472,-1.498,0
2016,89,645931,0.153515628033391,-1.648,0
2016,90,645931,0.466847214133177,-1.596,0
2016,91,645931,0.584620656183265,-1.546,0
2016,92,645931,0.917551931663754,-1.434,0
2016,93,645931,1.03938885653271,-1.188,0
2016,94,645931,0.941469811687051,-0.94,0
2016,95,645931,0.874348864298195,-0.772,0
2016,96,645931,0.881157639293341,-0.616,0
2016,97,645931,2.02489768976898,-0.52,0
2016,98,645931,2.03137002523782,-0.532,0
2016,99,645931,2.07869792273345,-0.528,0
2016,100,645931,2.12085032032615,-0.482,0
2016,101,645931,2.12763346922928,-0.456,0
2016,102,645931,2.38184701999612,-0.338,0
2016,103,645931,2.66913550766842,-0.154,0
2016,104,645931,2.67766161910309,0.028,0
2016,105,645931,2.55137740244612,0.23,0
2016,106,645931,2.70334905843526,0.506,0
2016,107,645931,2.76881615220346,0.702,0
2016,108,645931,2.80137584934964,0.802,0
2016,109,645931,2.87344069112793,0.908,0
2016,110,645931,2.88810541642399,1.004,0
2016,111,645931,2.9692805280528,1.06,0
2016,112,645931,2.96896796738497,1.158,0
2016,113,645931,3.25986060959037,1.292,0
2016,114,645931,3.84650572704329,1.428,0
2016,115,645931,4.02335099980586,1.6,0
2016,116,645931,4.07422655794992,1.922,0
2016,117,645931,4.1175373713842,2.222,0
2016,118,645931,4.17928227528635,2.522,0
2016,119,645931,4.20665521258008,2.8,0
2016,120,645931,4.37667734420501,3.014,0
2016,121,645931,4.43536866627839,3.084,0
2016,122,645931,4.40832925645506,3.134,0
2016,123,645931,4.34753407105417,3.142,0
2016,124,645931,3.99485944476801,3.194,0
2016,125,645931,4.06979576781208,3.322,0
2016,126,645931,4.25903746845273,3.566,0
2016,127,645931,4.41051815181518,3.828,0
2016,128,645931,4.6591875364007,4.122,0
2016,129,645931,4.83710483401282,4.402,0
2016,130,645931,5.01966569598135,4.686,0
2016,131,645931,5.06380896913221,4.864,0
2016,132,645931,4.96960143661426,5.002,0
2016,133,645931,4.9721920015531,5.12,0
2016,134,645931,5.07277169481654,5.202,0
2016,135,645931,5.35551446321103,5.176,0
2016,136,645931,5.90925509609785,5.116,0
2016,137,645931,6.35209784507862,5.29,0
2016,138,645931,6.49287730537759,5.584,0
2016,139,645931,6.46114929139973,5.9,0
2016,140,645931,6.41427412152979,6.19,0
2016,141,645931,6.0392597553873,6.538,0
2016,142,645931,6.04949446709377,6.692,0
2016,143,645931,6.09118132401476,6.698,0
2016,144,645931,7.01070471753057,6.906,0
2016,145,645931,7.37592952824694,7.184,0
2016,146,645931,7.43415822170452,7.152,0
2016,147,645931,7.38078509027374,7.208,0
2016,148,645931,7.15096563774025,7.326,0
2016,149,645931,7.20555231993788,7.228,0
2016,150,645931,7.12775092215105,7.162,0
2016,151,645931,7.13952999417589,7.224,0
2016,152,645931,7.05711609396233,6.93,0
2016,153,645931,7.99735468841002,6.832,0
2016,154,645931,7.97150980392157,6.754,0
2016,155,645931,7.93896602601437,6.922,0
2016,156,645931,7.98488079984469,7.104,0
2016,157,645931,8.14362861580276,7.468,0
2016,158,645931,8.53926868569209,7.814,0
2016,159,645931,8.64375791108523,8.124,0
2016,160,645931,8.58833022714035,8.284,0
2016,161,645931,8.68486410405746,8.59,0
2016,162,645931,8.9664626286158,8.67,0
2016,163,645931,9.02386856920987,8.688,0
2016,164,645931,8.83243991457969,8.366,0
2016,165,645931,9.13101203649776,8.08,0
2016,166,645931,9.59139662201513,7.858,0
2016,167,645931,9.81169656377403,7.986,0
2016,168,645931,10.2447014172005,7.866,0
2016,169,645931,10.0405812463599,7.794,0
2016,170,645931,10.0000739662202,7.844,0
2016,171,645931,10.0506534653465,6.84,0
2016,172,645931,10.2026377402446,6.694,0
2016,173,645931,10.2297713065424,6.92,0
2016,174,645931,10.2505437779072,7.32,0
2016,175,645931,10.1209433119783,7.21,0
2016,176,645931,9.96301824888371,8,0
2016,177,645931,10.2873313919627,8.178,0
2016,178,645931,10.6388002329645,8.166,0
2016,179,645931,10.7160465928946,8.382,0
2016,180,645931,10.718977674238,8.74,0
2016,181,645931,10.8152341292953,9.38,0
2016,182,645931,11.2732032615026,9.408,0
2017,60,645931,-1.79971325956124,-1.8,91.1
2017,61,645931,-1.79999999999999,-1.8,93.3
2017,62,645931,-1.79992215103862,-1.8,96.5
2017,63,645931,-1.79997825664919,-1.8,96.4
2017,64,645931,-1.79984915550378,-1.8,90.4
2017,65,645931,-1.79953640069889,-1.8,97.3
2017,66,645931,-1.7995131042516,-1.8,100
2017,67,645931,-1.79955620267909,-1.8,99.6
2017,68,645931,-1.79958124635993,-1.8,100
2017,69,645931,-1.79973907979033,-1.796,100
2017,70,645931,-1.79935779460299,-1.786,100
2017,71,645931,-1.79752067559695,-1.768,91.9
2017,72,645931,-1.7961444379732,-1.752,88.7
2017,73,645931,-1.79924558338185,-1.746,99
2017,74,645931,-1.79997553873033,-1.75,91.8
2017,75,645931,-1.7999875752281,-1.76,86
2017,76,645931,-1.79995437779071,-1.778,90.7
2017,77,645931,-1.79987303436225,-1.794,89.6
2017,78,645931,-1.79996777324791,-1.8,90.3
2017,79,645931,-1.79990040768782,-1.8,88.6
2017,80,645931,-1.79960046592894,-1.8,90.3
2017,81,645931,-1.79932576198796,-1.798,90.7
2017,82,645931,-1.79956183265385,-1.798,89.4
2017,83,645931,-1.79969442826635,-1.798,90.5
2017,84,645931,-1.79938225587265,-1.798,94.8
2017,85,645931,-1.79894505921181,-1.798,91.4
2017,86,645931,-1.79983576004659,-1.8,85.5
2017,87,645931,-1.79997359735973,-1.8,75.7
2017,88,645931,-1.79993826441467,-1.8,86.3
2017,89,645931,-1.79999999999999,-1.8,80
2017,90,645931,-1.79374645699863,-1.8,64.4
2017,91,645931,-1.79793787614053,-1.8,59.2
2017,92,645931,-1.79999999999999,-1.8,73.5
2017,93,645931,-1.79999999999999,-1.8,84.3
2017,94,645931,-1.79999999999999,-1.8,75.7
2017,95,645931,-1.79999999999999,-1.8,67.4
2017,96,645931,-1.75846418171229,-1.8,60.3
2017,97,645931,-1.67775344593283,-1.798,54.2
2017,98,645931,-1.63900524170064,-1.794,48.9
2017,99,645931,-1.64231042516016,-1.778,42.3
2017,100,645931,-1.6421424966026,-1.752,36.2
2017,101,645931,-1.32543370219375,-1.72,26.9
2017,102,645931,-0.825518734226365,-1.662,0
2017,103,645931,-0.536303630363036,-1.61,0
2017,104,645931,-0.55618248883712,-1.578,0
2017,105,645931,-0.583688604154534,-1.492,0
2017,106,645931,-0.571045816346341,-1.266,0
2017,107,645931,-0.484035721219181,-1.128,0
2017,108,645931,-0.306735002912057,-0.852,0
2017,109,645931,-0.204866627839255,-0.54,0
2017,110,645931,-0.24914191419142,-0.276,0
2017,111,645931,-0.0561296835565914,-0.162,0
2017,112,645931,0.158465346534653,-0.018,0
2017,113,645931,0.26235294117647,-0.088,0
2017,114,645931,0.32001028926422,0.00200000000000001,0
2017,115,645931,0.358288487672296,0.098,0
2017,116,645931,0.451470976509415,0.216,0
2017,117,645931,0.681744515628032,0.362,0
2017,118,645931,0.821831489031255,0.598,0
2017,119,645931,0.86371850126189,0.728,0
2017,120,645931,0.882211221122112,0.986,0
2017,121,645931,0.93516501650165,1.284,0
2017,122,645931,1.3515437779072,1.546,0
2017,123,645931,1.27103125606678,1.88,0
2017,124,645931,1.22563696369637,2.19,0
2017,125,645931,1.2000405746457,2.378,0
2017,126,645931,1.23759134148709,2.52,0
2017,127,645931,1.61506212385944,2.724,0
2017,128,645931,2.14599048728402,2.878,0
2017,129,645931,2.13450960978451,2.95,0
2017,130,645931,2.15606212385944,2.954,0
2017,131,645931,2.34670879440885,2.746,0
2017,132,645931,2.27524189477771,2.606,0
2017,133,645931,1.94856940399922,2.476,0
2017,134,645931,1.81424597165599,2.444,0
2017,135,645931,1.76885129101146,2.498,0
2017,136,645931,1.85037720830906,2.736,0
2017,137,645931,2.47538031450204,2.74,0
2017,138,645931,2.63256086196855,2.746,0
2017,139,645931,2.69938516792856,2.75,0
2017,140,645931,2.78139487478159,2.734,0
2017,141,645931,2.89638749757329,2.718,0
2017,142,645931,3.1168476024073,3.052,0
2017,143,645931,3.11856629780625,3.33,0
2017,144,645931,3.21378664337022,3.53,0
2017,145,645931,3.22658163463405,3.6,0
2017,146,645931,3.038993593477,3.696,0
2017,147,645931,3.466741215298,4.056,0
2017,148,645931,3.75533372160745,4.556,0
2017,149,645931,3.90339856338575,5.032,0
2017,150,645931,4.00048767229664,5.54,0
2017,151,645931,4.08806270627062,5.978,0
2017,152,645931,4.52149077848961,6.02,0
2017,153,645931,4.52941487089886,5.992,0
2017,154,645931,4.73975033973986,6.088,0
2017,155,645931,4.94240535818288,6.292,0
2017,156,645931,4.760600660066,6.272,0
2017,157,645931,4.93438439138031,6.4,0
2017,158,645931,5.30907940205785,6.54,0
2017,159,645931,5.58008231411376,6.566,0
2017,160,645931,5.58721199767035,6.26,0
2017,161,645931,5.61777480100951,6.146,0
2017,162,645931,5.70423762376237,5.788,0
2017,163,645931,5.69222228693458,5.304,0
2017,164,645931,5.90518054746651,4.996,0
2017,165,645931,6.05961075519316,5.246,0
2017,166,645931,6.11210891089109,5.54,0
2017,167,645931,6.56647932440303,5.962,0
2017,168,645931,6.70923956513298,6.454,0
2017,169,645931,6.58883051834595,6.68,0
2017,170,645931,6.97586585129101,6.878,0
2017,171,645931,7.27985866821976,7.224,0
2017,172,645931,7.28262745098039,7.406,0
2017,173,645931,7.28231566686081,7.46,0
2017,174,645931,7.46303183847797,7.54,0
2017,175,645931,8.00603999223452,7.396,0
2017,176,645931,8.30105358182877,7.088,0
2017,177,645931,7.97708891477383,6.602,0
2017,178,645931,7.75633915744516,6.274,0
2017,179,645931,7.71179285575616,5.99,0
2017,180,645931,7.79446088138226,5.736,0
2017,181,645931,7.69977577169482,5.678,0
2017,182,645931,7.75427082119977,6.65,0
2018,60,645931,-0.525707241312367,-1.74,0
2018,61,645931,-0.412829935934771,-1.67,0
2018,62,645931,-0.457871287128713,-1.68,0
2018,63,645931,-0.713792661619104,-1.695,0
2018,64,645931,-0.972099592312172,-1.706,0
2018,65,645931,-1.00770588235294,-1.702,0
2018,66,645931,-0.993910308677927,-1.718,0
2018,67,645931,-1.01720811492914,-1.716,0
2018,68,645931,-1.05113667249078,-1.712,0
2018,69,645931,-1.12623820617356,-1.712,16.5
2018,70,645931,-1.31959697146185,-1.724,27.2
2018,71,645931,-1.55043156668608,-1.748,26.2
2018,72,645931,-1.37452572316055,-1.77,37.8
2018,73,645931,-1.31689147738303,-1.786,37.4
2018,74,645931,-1.36678567268492,-1.796,30
2018,75,645931,-1.39054261308484,-1.786,31.6
2018,76,645931,-1.37969442826636,-1.756,16.2
2018,77,645931,-1.49741894777713,-1.726,8.2
2018,78,645931,-1.46404562220927,-1.7,6.6
2018,79,645931,-1.27229139972821,-1.684,7.1
2018,80,645931,-0.936531935546496,-1.698,8
2018,81,645931,-0.793503009124443,-1.728,0
2018,82,645931,-0.855599689380704,-1.754,0
2018,83,645931,-0.90103766258979,-1.774,0
2018,84,645931,-0.89654804892254,-1.784,0
2018,85,645931,-0.868901960784314,-1.78,0
2018,86,645931,-0.830026208503204,-1.772,0
2018,87,645931,-0.759358377014173,-1.766,0
2018,88,645931,-0.644781207532519,-1.748,0
2018,89,645931,-0.586879829159387,-1.716,0
2018,90,645931,-0.57478916715201,-1.628,0
2018,91,645931,-0.543655406717143,-1.506,0
2018,92,645931,-0.444772471364784,-1.37,0
2018,93,645931,-0.210203649776743,-1.24,0
2018,94,645931,-0.206906814210833,-1.134,0
2018,95,645931,-0.419965055329063,-1.11,0
2018,96,645931,-0.506499708794409,-1.15,0
2018,97,645931,-0.303016307513105,-1.244,0
2018,98,645931,-0.342110852261697,-1.298,0
2018,99,645931,-0.286307707241313,-1.288,0
2018,100,645931,-0.138107746068725,-1.234,0
2018,101,645931,-0.229308872063677,-1.148,0
2018,102,645931,-0.229204426324986,-0.986,0
2018,103,645931,-0.0252380120364983,-0.824,0
2018,104,645931,0.256875558144049,-0.694,0
2018,105,645931,0.108503979809745,-0.602,0
2018,106,645931,0.191285187342263,-0.542,0
2018,107,645931,0.126887012230634,-0.528,0
2018,108,645931,0.593311784119588,-0.482,0
2018,109,645931,0.791786643370219,-0.314,0
2018,110,645931,0.933854979615608,-0.054,0
2018,111,645931,0.971755775577558,0.224,0
2018,112,645931,0.82245699864104,0.464,0
2018,113,645931,0.60647738303242,0.628,0
2018,114,645931,0.725145796932634,0.724,0
2018,115,645931,0.953458940011647,0.758,0
2018,116,645931,1.40808522616967,0.79,0
2018,117,645931,1.5401613278975,0.87,0
2018,118,645931,1.5721335662978,1.062,0
2018,119,645931,1.76239701028926,1.284,0
2018,120,645931,1.8012894583576,1.5,0
2018,121,645931,1.74393554649582,1.7,0
2018,122,645931,1.68330790137837,1.922,0
2018,123,645931,1.68108483789555,2.066,0
2018,124,645931,1.76890429042904,2.078,0
2018,125,645931,1.79988545913415,1.97,0
2018,126,645931,1.81599378761406,1.904,0
2018,127,645931,1.96663715783343,1.91,0
2018,128,645931,2.35150456222093,1.876,0
2018,129,645931,2.49637468452728,1.904,0
2018,130,645931,2.63956338575034,2.122,0
2018,131,645931,2.64480722189866,2.336,0
2018,132,645931,2.76784507862551,2.502,0
2018,133,645931,2.8780999805863,2.648,0
2018,134,645931,2.93785362065618,2.936,0
2018,135,645931,2.98287342263638,3.25,0
2018,136,645931,3.00336323044069,3.588,0
2018,137,645931,3.08064997087944,3.882,0
2018,138,645931,3.19051232770336,4.2,0
2018,139,645931,4.3433597359736,4.306,0
2018,140,645931,4.54534420500873,4.308,0
2018,141,645931,4.64053018831295,4.368,0
2018,142,645931,4.54462026790915,4.492,0
2018,143,645931,4.26450999805863,4.634,0
2018,144,645931,4.31912152980004,4.888,0
2018,145,645931,4.33528169287517,5.226,0
2018,146,645931,4.47105455251408,5.528,0
2018,147,645931,4.78429819452533,5.768,0
2018,148,645931,4.79633022714036,5.782,0
2018,149,645931,4.85556377402446,5.716,0
2018,150,645931,5.13422015142691,5.77,0
2018,151,645931,5.20621879246748,5.794,0
2018,152,645931,5.18692195690157,5.86,0
2018,153,645931,5.31181537565522,6.186,0
2018,154,645931,5.6082706270627,6.576,0
2018,155,645931,5.58296214327315,6.844,0
2018,156,645931,5.60558241118229,7.176,0
2018,157,645931,5.942594253543,7.496,0
2018,158,645931,6.39203145020384,7.842,0
2018,159,645931,6.48872859638905,8.162,0
2018,160,645931,6.58843409046787,8.45,0
2018,161,645931,6.75414773830325,8.706,0
2018,162,645931,6.95979965055329,8.938,0
2018,163,645931,7.21657503397399,9.182,0
2018,164,645931,7.25434692292758,9.404,0
2018,165,645931,7.54993069306931,9.614,0
2018,166,645931,7.52900368860416,9.72,0
2018,167,645931,7.54717782954766,9.68,0
2018,168,645931,7.55305765870705,9.506,0
2018,169,645931,7.44728111046398,9.316,0
2018,170,645931,7.4286249271986,9.152,0
2018,171,645931,7.41701145408658,9.066,0
2018,172,645931,7.53715065035916,9.186,0
2018,173,645931,7.98688079984469,9.466,0
2018,174,645931,8.00884934964084,9.852,0
2018,175,645931,8.0277619879635,10.214,0
2018,176,645931,7.99169811687051,10.566,0
2018,177,645931,8.15708949718501,10.78,0
2018,178,645931,8.7931162880994,10.854,0
2018,179,645931,9.0794814599107,10.762,0
2018,180,645931,9.26362783925452,10.376,0
2018,181,645931,9.52871850126189,9.908,0
2018,182,645931,9.66002795573674,9.644,0
2019,60,645931,0.924626674432149,-0.68,0
2019,61,645931,1.01370122306348,-0.51,0
2019,62,645931,1.19594797126771,-0.423333333333333,0
2019,63,645931,1.21652417006406,-0.38,0
2019,64,645931,1.07047214133178,-0.344,0
2019,65,645931,1.21240768782761,-0.266,0
2019,66,645931,1.35243370219375,-0.152,0
2019,67,645931,1.34551931663755,-0.05,0
2019,68,645931,1.36027975150456,0.018,0
2019,69,645931,1.21689885459134,0.054,0
2019,70,645931,0.783656571539506,0.024,0
2019,71,645931,0.800066006600659,-0.046,0
2019,72,645931,1.05844457386915,-0.078,0
2019,73,645931,1.27798621626869,-0.154,0
2019,74,645931,1.27722345175694,-0.206,0
2019,75,645931,1.2332894583576,-0.186,0
2019,76,645931,1.11964511745292,-0.25,0
2019,77,645931,1.09917549990293,-0.376,0
2019,78,645931,1.10492933410988,-0.436,0
2019,79,645931,1.16182372354883,-0.498,0
2019,80,645931,1.20489710735779,-0.55,0
2019,81,645931,1.13037293729373,-0.58,0
2019,82,645931,0.92589866045428,-0.512,0
2019,83,645931,0.803464375849349,-0.508,0
2019,84,645931,0.809948941953017,-0.554,0
2019,85,645931,0.858984469035139,-0.594,0
2019,86,645931,1.0439702970297,-0.6,0
2019,87,645931,1.04934381673461,-0.602,0
2019,88,645931,1.16001941370608,-0.474,0
2019,89,645931,1.33457328674044,-0.26,0
2019,90,645931,1.7115546495826,0,0
2019,91,645931,1.82677771306543,0.258,0
2019,92,645931,1.57403203261503,0.452,0
2019,93,645931,1.69560784313725,0.616,0
2019,94,645931,1.8396392933411,0.746,0
2019,95,645931,1.91780955154339,0.786,0
2019,96,645931,2.00201863715783,0.756,0
2019,97,645931,1.94064414676762,0.704,0
2019,98,645931,1.95460609590371,0.618,0
2019,99,645931,1.95114735002912,0.588,0
2019,100,645931,2.14474703940982,0.632,0
2019,101,645931,2.23571092991652,0.78,0
2019,102,645931,2.01339720442633,0.97,0
2019,103,645931,2.02071830712483,1.182,0
2019,104,645931,2.31580858085809,1.418,0
2019,105,645931,2.34802387885847,1.63,0
2019,106,645931,2.24561677344205,1.748,0
2019,107,645931,2.12709842748981,1.824,0
2019,108,645931,1.86241642399534,1.744,0
2019,109,645931,1.97503766258979,1.568,0
2019,110,645931,2.11249097262667,1.398,0
2019,111,645931,2.19996952048146,1.262,0
2019,112,645931,1.71603339157445,0.98,0
2019,113,645931,1.64759405940594,0.85,0
2019,114,645931,1.57585129101145,0.742,0
2019,115,645931,2.01752824694234,0.642,0
2019,116,645931,2.28326655018443,0.582,0
2019,117,645931,2.38855076684139,0.71,0
2019,118,645931,2.58120015530965,0.866,0
2019,119,645931,2.6586456998641,1.022,0
2019,120,645931,2.69379479712677,1.114,0
2019,121,645931,2.89466977285964,1.324,0
2019,122,645931,2.95033158609978,1.602,0
2019,123,645931,2.99598582799456,1.858,0
2019,124,645931,2.98602096680256,2.092,0
2019,125,645931,2.97978703164434,2.358,0
2019,126,645931,2.85895690157251,2.458,0
2019,127,645931,3.02006833624539,2.438,0
2019,128,645931,3.24261366724908,2.476,0
2019,129,645931,3.43860590176665,2.532,0
2019,130,645931,4.09466026014366,2.91,0
2019,131,645931,4.32006658901184,3.378,0
2019,132,645931,4.24353232382062,3.872,0
2019,133,645931,4.06269792273345,4.266,0
2019,134,645931,3.95202193748787,4.622,0
2019,135,645931,4.05055503785673,4.502,0
2019,136,645931,4.19604756357988,4.446,0
2019,137,645931,4.4544789361289,4.278,0
2019,138,645931,4.71094350611532,4.158,0
2019,139,645931,4.60750087361677,4.2,0
2019,140,645931,4.74773752669385,4.528,0
2019,141,645931,4.60681770529994,4.526,0
2019,142,645931,4.75002407299553,4.754,0
2019,143,645931,4.74882818870122,4.712,0
2019,144,645931,5.05691011454086,4.7,0
2019,145,645931,5.30529508833236,4.796,0
2019,146,645931,5.42887439332168,5.252,0
2019,147,645931,5.7687456804504,5.364,0
2019,148,645931,6.37874898078043,6.084,0
2019,149,645931,6.53025257231606,6.694,0
2019,150,645931,6.34205785284411,7.136,0
2019,151,645931,6.49113570180547,7.476,0
2019,152,645931,6.68821490972627,8.062,0
2019,153,645931,7.02959561250243,8.31,0
2019,154,645931,7.2009367113182,8.432,0
2019,155,645931,7.17852009318579,8.49,0
2019,156,645931,7.24987885847408,8.444,0
2019,157,645931,7.35207590759076,8.29,0
2019,158,645931,7.90001960784313,8.156,0
2019,159,645931,7.89033799262279,8.158,0
2019,160,645931,7.83632789749562,8.332,0
2019,161,645931,8.21120209668025,8.648,0
2019,162,645931,8.59454940788197,9.06,0
2019,163,645931,8.72211318190642,9.43,0
2019,164,645931,8.71151892836343,9.716,0
2019,165,645931,8.95877305377597,9.952,0
2019,166,645931,9.29324480683363,10.034,0
2019,167,645931,9.58755950300914,10.146,0
2019,168,645931,9.76006658901185,10.238,0
2019,169,645931,9.72946476412347,10.356,0
2019,170,645931,9.94154164239954,10.378,0
2019,171,645931,9.85925664919434,10.384,0
2019,172,645931,9.93063599301106,10.32,0
2019,173,645931,9.59936323044068,10.074,0
2019,174,645931,9.39064764123471,9.794,0
2019,175,645931,9.29241254125413,9.62,0
2019,176,645931,9.62135488254708,9.674,0
2019,177,645931,9.85181207532518,9.892,0
2019,178,645931,10.2083410988158,10.426,0
2019,179,645931,10.1046627839255,11.068,0
2019,180,645931,10.0892964472918,11.592,0
2019,181,645931,10.0743267326733,11.906,0
2019,182,645931,10.1278716754028,11.938,0
2020,61,645931,-1.7999722384003,-1.8,91.8
2020,62,645931,-1.79986196854979,-1.8,95.6
2020,63,645931,-1.79983090662007,-1.8,94.4
2020,64,645931,-1.79959949524363,-1.8,93.8
2020,65,645931,-1.79999048728401,-1.8,95
2020,66,645931,-1.79982372354881,-1.8,94.8
2020,67,645931,-1.79996447291787,-1.8,97.6
2020,68,645931,-1.79975150456222,-1.8,97.5
2020,69,645931,-1.79953911861774,-1.8,96.9
2020,70,645931,-1.79883517763541,-1.8,99.2
2020,71,645931,-1.79874587458744,-1.8,100
2020,72,645931,-1.79998233352746,-1.8,100
2020,73,645931,-1.79864317608229,-1.8,98.5
2020,74,645931,-1.79681498738107,-1.8,93
2020,75,645931,-1.79531993787612,-1.8,89.6
2020,76,645931,-1.78329819452533,-1.766,83.3
2020,77,645931,-1.75447369442827,-1.714,70.6
2020,78,645931,-1.51267482042322,-1.662,68
2020,79,645931,-1.28765152397593,-1.61,59.2
2020,80,645931,-1.23046748204232,-1.568,60.6
2020,81,645931,-1.25596660842555,-1.586,60.2
2020,82,645931,-1.48583711900602,-1.632,71.4
2020,83,645931,-1.79999999999999,-1.684,80.4
2020,84,645931,-1.78549136090078,-1.726,74.1
2020,85,645931,-1.74905552319938,-1.746,73.9
2020,86,645931,-1.69136400698893,-1.734,69
2020,87,645931,-1.68168200349447,-1.71,68.2
2020,88,645931,-1.74888410017472,-1.704,64
2020,89,645931,-1.79557561638516,-1.714,78.9
2020,90,645931,-1.79999999999999,-1.736,89.6
2020,91,645931,-1.79988390603765,-1.764,80
2020,92,645931,-1.79574121529799,-1.794,64.4
2020,93,645931,-1.79720792079207,-1.8,65.3
2020,94,645931,-1.79257076295864,-1.798,74.6
2020,95,645931,-1.78303106192971,-1.794,83.8
2020,96,645931,-1.69855989128325,-1.79,63.6
2020,97,645931,-1.71852980003883,-1.786,65
2020,98,645931,-1.7020469811687,-1.784,64.5
2020,99,645931,-1.7074111822947,-1.786,62.3
2020,100,645931,-1.6853443991458,-1.79,57.9
2020,101,645931,-1.65201164822365,-1.794,52.2
2020,102,645931,-1.66917899437003,-1.798,48.6
2020,103,645931,-1.34298136284217,-1.794,25.4
2020,104,645931,-1.29801339545719,-1.774,16.2
2020,105,645931,-1.24498427489808,-1.76,0
2020,106,645931,-1.07418171228888,-1.744,0
2020,107,645931,-0.84285517375267,-1.732,0
2020,108,645931,-0.980904484566104,-1.732,0
2020,109,645931,-0.96521063871093,-1.742,0
2020,110,645931,-0.0232453892448075,-1.748,0
2020,111,645931,0.10936575422248,-1.666,0
2020,112,645931,0.0731473500291201,-1.544,0
2020,113,645931,0.183777324791302,-1.376,0
2020,114,645931,0.199543972044263,-1.168,0
2020,115,645931,0.366664337021937,-0.864,0
2020,116,645931,0.159135895942535,-0.61,0
2020,117,645931,0.131286546301689,-0.406,0
2020,118,645931,0.393072801397786,-0.286,0
2020,119,645931,0.555629780625121,-0.226,0
2020,120,645931,0.543216851096874,-0.288,0
2020,121,645931,0.509900795961948,-0.392,0
2020,122,645931,0.448178800232964,-0.48,0
2020,123,645931,0.692425936711317,-0.442,0
2020,124,645931,0.900251795767812,-0.362,0
2020,125,645931,1.02431760823141,-0.252,0
2020,126,645931,1.03575694039992,-0.128,0
2020,127,645931,1.12947272374296,0.082,0
2020,128,645931,1.30536905455251,0.384,0
2020,129,645931,2.01010599883518,0.796,0
2020,130,645931,2.11239759270045,1.216,0
2020,131,645931,2.04323005241701,1.608,0
2020,132,645931,1.91524635993011,1.864,0
2020,133,645931,1.85932498543972,1.93,0
2020,134,645931,1.96215919238983,1.982,0
2020,135,645931,2.05985362065618,2.124,0
2020,136,645931,2.08022325761988,2.252,0
2020,137,645931,2.08439933993399,2.368,0
2020,138,645931,2.02029528246943,2.372,0
2020,139,645931,4.89443991457969,2.714,0
2020,140,645931,4.19360590176665,2.876,0
2020,141,645931,2.19172432537371,2.68,0
2020,142,645931,1.83601456027956,2.474,0
2020,143,645931,1.64872374296253,2.402,0
2020,144,645931,3.22620345563968,2.274,0
2020,145,645931,3.33708250825082,2.38,0
2020,146,645931,3.30670355270821,2.93,0
2020,147,645931,3.44519161327897,3.602,0
2020,148,645931,3.92252980003883,4.148,0
2020,149,645931,4.22261017278198,4.232,0
2020,150,645931,4.78252067559697,4.434,0
2020,151,645931,5.07026227916909,4.594,0
2020,152,645931,5.01632964472918,4.704,0
2020,153,645931,4.85414948553679,5.056,0
2020,154,645931,4.9100974568045,5.446,0
2020,155,645931,5.04339506891865,5.588,0
2020,156,645931,4.91054183653659,5.634,0
2020,157,645931,5.43216249271986,5.636,0
2020,158,645931,6.12709143855562,5.924,0
2020,159,645931,5.93394564162298,6.318,0
2020,160,645931,6.15920656183265,6.758,0
2020,161,645931,6.22905824111823,7.266,0
2020,162,645931,6.18050300912444,7.688,0
2020,163,645931,6.03613337216074,7.664,0
2020,164,645931,5.71250359153562,7.44,0
2020,165,645931,5.53893574063289,7.162,0
2020,166,645931,5.75233896330809,6.968,0
2020,167,645931,5.53967947971268,6.836,0
2020,168,645931,5.79472917880023,6.684,0
2020,169,645931,6.50766123082896,6.618,0
2020,170,645931,6.74388623568239,6.572,0
2020,171,645931,7.35526616191031,6.978,0
2020,172,645931,7.464329062318,7.584,0
2020,173,645931,7.56102096680257,8.286,0
2020,174,645931,7.5946041545331,8.996,0
2020,175,645931,7.53567035527082,9.502,0
2020,176,645931,7.28114133178024,9.396,0
2020,177,645931,7.88954921374492,9.248,0
2020,178,645931,7.44817996505532,9.07,0
2020,179,645931,7.38521685109688,8.866,0
2020,180,645931,7.24538536206561,8.63,0
2020,181,645931,8.17643583770142,8.696,0
2020,182,645931,8.87823412929529,8.732,0
2021,60,645931,-1.53952086973403,-1.8,60.4
2021,61,645931,-1.41775033973986,-1.8,46.6
2021,62,645931,-1.64032886818093,-1.8,87
2021,63,645931,-1.74420520287323,-1.8,89.8
2021,64,645931,-1.77428751698699,-1.8,91.1
2021,65,645931,-1.762629392351,-1.8,91.5
2021,66,645931,-1.63334867016113,-1.8,81.2
2021,67,645931,-1.49011842360707,-1.8,51.4
2021,68,645931,-1.45598349834984,-1.8,15
2021,69,645931,-1.43960434867016,-1.8,22.8
2021,70,645931,-1.4499450592118,-1.8,38.2
2021,71,645931,-1.5948674043875,-1.8,58.3
2021,72,645931,-1.60747621821006,-1.8,60.7
2021,73,645931,-1.60016191030868,-1.8,50.1
2021,74,645931,-1.59698757522811,-1.8,46.2
2021,75,645931,-1.64827004465152,-1.8,47.8
2021,76,645931,-1.73543642011259,-1.8,59
2021,77,645931,-1.76618578916714,-1.8,73.1
2021,78,645931,-1.77278392545136,-1.8,78.4
2021,79,645931,-1.7667223840031,-1.8,79.8
2021,80,645931,-1.77049543777907,-1.8,78.8
2021,81,645931,-1.78648476024073,-1.8,83.7
2021,82,645931,-1.7992345175694,-1.8,86
2021,83,645931,-1.79054960201902,-1.8,92.3
2021,84,645931,-1.79012560667831,-1.8,92
2021,85,645931,-1.79389768976897,-1.8,84.2
2021,86,645931,-1.7878396427878,-1.8,81.3
2021,87,645931,-1.77828771112405,-1.8,85.3
2021,88,645931,-1.66411337604349,-1.8,29.5
2021,89,645931,-1.73717957678121,-1.8,8.1
2021,90,645931,-1.78103145020383,-1.8,22.3
2021,91,645931,-1.78327470394096,-1.8,53.3
2021,92,645931,-1.78475635798873,-1.8,66.7
2021,93,645931,-1.75981712288875,-1.8,54.2
2021,94,645931,-1.52719471947195,-1.8,24.9
2021,95,645931,-1.48598621626869,-1.8,30.3
2021,96,645931,-1.53329974762182,-1.798,16.6
2021,97,645931,-1.58512929528247,-1.794,10.9
2021,98,645931,-1.60450029120559,-1.79,28.2
2021,99,645931,-1.7148619685498,-1.788,68.1
2021,100,645931,-1.71240069889342,-1.786,67.7
2021,101,645931,-1.70506988934187,-1.788,53
2021,102,645931,-1.75590060182488,-1.792,16.4
2021,103,645931,-1.76791360900795,-1.796,6
2021,104,645931,-1.76661230828963,-1.796,6.5
2021,105,645931,-1.34269171034751,-1.796,18
2021,106,645931,-1.09831760823141,-1.79,32.3
2021,107,645931,-1.02784876722967,-1.768,43.1
2021,108,645931,-1.01087303436226,-1.716,44.8
2021,109,645931,-0.711873616773442,-1.568,38.3
2021,110,645931,-0.357341487089886,-1.324,33.3
2021,111,645931,-0.238539506891866,-1.056,28.5
2021,112,645931,-0.24053038245001,-0.804,14.3
2021,113,645931,-0.399584352552903,-0.634,28.4
2021,114,645931,-0.649403999223452,-0.768,23.7
2021,115,645931,-0.713257814016696,-0.818,9.8
2021,116,645931,0.0958406134731115,-0.778,0
2021,117,645931,0.205752475247524,-0.69,6.8
2021,118,645931,0.188175888177052,-0.544,6.2
2021,119,645931,0.144729178800232,-0.198,13.7
2021,120,645931,0.178054164239953,-0.062,13.2
2021,121,645931,-0.503998835177636,-0.332,9.7
2021,122,645931,-0.120244612696564,-0.414,0
2021,123,645931,0.00846825859056443,-0.462,0
2021,124,645931,0.0522040380508634,-0.496,0
2021,125,645931,0.166803727431566,-0.466,0
2021,126,645931,0.363880605707629,-0.11,0
2021,127,645931,0.315809357406329,0.012,0
2021,128,645931,0.24813977868375,0.078,0
2021,129,645931,0.48188584740827,0.178,0
2021,130,645931,0.981783148903125,0.296,0
2021,131,645931,1.36793244030285,0.41,0
2021,132,645931,1.55063405164046,0.584,0
2021,133,645931,1.5814967967385,0.842,0
2021,134,645931,1.61052533488643,1.148,0
2021,135,645931,1.50112250048534,1.506,0
2021,136,645931,1.60155018443021,1.86,0
2021,137,645931,1.67298427489808,2.16,0
2021,138,645931,2.06968413900213,2.44,0
2021,139,645931,2.0008990487284,2.624,0
2021,140,645931,1.95212327703359,2.702,0
2021,141,645931,1.98451523975927,2.746,0
2021,142,645931,2.41793651718113,2.928,0
2021,143,645931,2.62880217433508,3.104,0
2021,144,645931,2.48510677538342,3.406,0
2021,145,645931,2.43220209668026,3.792,0
2021,146,645931,2.35033372160745,4.234,0
2021,147,645931,2.52731527858668,4.6,0
2021,148,645931,3.18401494855368,5.032,0
2021,149,645931,3.517964861192,5.428,0
2021,150,645931,3.5006095903708,5.742,0
2021,151,645931,3.5757709182683,6.004,0
2021,152,645931,4.22296156086197,6.226,0
2021,153,645931,4.30296622015143,6.422,0
2021,154,645931,4.08955387303436,6.43,0
2021,155,645931,4.05682022908173,6.196,0
2021,156,645931,4.45499922345175,5.986,0
2021,157,645931,4.53411687051058,5.714,0
2021,158,645931,4.53501727819841,5.366,0
2021,159,645931,4.59944224422442,5.23,0
2021,160,645931,4.55477460687245,5.318,0
2021,161,645931,4.5060460104834,5.258,0
2021,162,645931,5.0019079790332,5.316,0
2021,163,645931,5.56747447097651,5.124,0
2021,164,645931,5.49228887594642,4.854,0
2021,165,645931,5.45171830712483,4.704,0
2021,166,645931,5.98538109105028,5.392,0
2021,167,645931,5.91822345175694,6.018,0
2021,168,645931,6.09079790331974,6.906,0
2021,169,645931,6.33829528246942,7.79,0
2021,170,645931,6.86279324403028,8.636,0
2021,171,645931,7.89668472141331,8.818,0
2021,172,645931,8.36055775577557,9.038,0
2021,173,645931,8.50698874005048,9.354,0
2021,174,645931,9.02627276257038,9.746,0
2021,175,645931,9.20858823529412,10.07,0
2021,176,645931,8.42617782954767,9.93,0
2021,177,645931,7.74960279557367,9.564,0
2021,178,645931,7.62236536594836,8.956,0
2021,179,645931,7.40446107551931,8.082,0
2021,180,645931,7.55490293146962,7.222,0
2021,181,645931,7.14485070860027,6.842,0
2021,182,645931,7.00993438167346,6.704,0
2022,60,645931,-1.57898388662396,-1.8,25.4
2022,61,645931,-1.54997728596389,-1.8,25.8
2022,62,645931,-1.53373810910503,-1.8,13.6
2022,63,645931,-1.50640341681227,-1.8,19.2
2022,64,645931,-1.41139798097457,-1.796,11.4
2022,65,645931,-1.47909939817511,-1.792,19.1
2022,66,645931,-1.47077285963891,-1.788,16.1
2022,67,645931,-1.43201805474665,-1.784,28.4
2022,68,645931,-1.42013764317608,-1.78,17.9
2022,69,645931,-1.45952630557173,-1.76,0
2022,70,645931,-1.32064434090468,-1.722,25.1
2022,71,645931,-1.34426033779849,-1.68,31
2022,72,645931,-1.46838691516211,-1.638,28
2022,73,645931,-1.45549039021549,-1.6,4.4
2022,74,645931,-1.45580062123859,-1.594,23.3
2022,75,645931,-1.47763715783343,-1.636,59.8
2022,76,645931,-1.58707493690546,-1.682,91.4
2022,77,645931,-1.79995185400892,-1.728,96.6
2022,78,645931,-1.79982178217821,-1.77,86.9
2022,79,645931,-1.79962123859444,-1.8,80.2
2022,80,645931,-1.79888429431177,-1.8,81.7
2022,81,645931,-1.79872316055134,-1.8,79.8
2022,82,645931,-1.79899281692874,-1.8,79.2
2022,83,645931,-1.79934459328284,-1.8,78.3
2022,84,645931,-1.79851291011452,-1.8,79.3
2022,85,645931,-1.79882469423412,-1.8,93
2022,86,645931,-1.79726635604735,-1.8,68.2
2022,87,645931,-1.79148301300717,-1.8,46.2
2022,88,645931,-1.76365365948359,-1.8,42
2022,89,645931,-1.70385595030091,-1.8,38.4
2022,90,645931,-1.58545738691516,-1.762,30
2022,91,645931,-1.47223937099592,-1.716,7
2022,92,645931,-1.35945466899631,-1.668,0
2022,93,645931,-1.44422151038633,-1.62,0
2022,94,645931,-1.31919957289847,-1.578,0
2022,95,645931,-1.29565657153951,-1.604,0
2022,96,645931,-1.24142050087362,-1.638,0
2022,97,645931,-1.6306051252184,-1.678,5.2
2022,98,645931,-1.56905222286934,-1.686,43.3
2022,99,645931,-1.4959099204038,-1.67,72.2
2022,100,645931,-1.40903727431567,-1.62,65.5
2022,101,645931,-1.21379363230441,-1.566,0
2022,102,645931,-1.19253077072413,-1.502,0
2022,103,645931,-1.32269093379926,-1.52,0
2022,104,645931,-0.674304795185401,-1.414,0
2022,105,645931,-0.678955154338964,-1.304,0
2022,106,645931,-0.682689574839837,-1.15,0
2022,107,645931,-0.759760629004078,-1.032,0
2022,108,645931,-0.78867753834207,-0.622,0
2022,109,645931,-0.742280528052806,-0.288,0
2022,110,645931,-0.621820811492915,0.052,0
2022,111,645931,-0.483579304989323,0.344,0
2022,112,645931,-0.144625897883906,0.648,0
2022,113,645931,-0.0338945835760051,0.656,0
2022,114,645931,-0.352688992428655,0.664,0
2022,115,645931,0.709743350805668,0.702,0
2022,116,645931,0.843458940011647,0.766,0
2022,117,645931,0.813051058046981,0.896,0
2022,118,645931,0.764483013007182,1.092,0
2022,119,645931,0.727791885070859,1.232,0
2022,120,645931,0.830158027567462,1.336,0
2022,121,645931,1.41290001941371,1.578,0
2022,122,645931,1.4348693457581,1.772,0
2022,123,645931,1.49387458745875,1.938,0
2022,124,645931,1.53640302853815,2.088,0
2022,125,645931,1.43553329450592,2.254,0
2022,126,645931,1.41016385167929,2.264,0
2022,127,645931,1.39601028926422,2.274,0
2022,128,645931,1.93363754610755,2.312,0
2022,129,645931,1.98024150650359,2.358,0
2022,130,645931,1.93812327703359,2.37,0
2022,131,645931,1.89168569209862,2.392,0
2022,132,645931,2.18575946418171,2.524,0
2022,133,645931,2.55680683362454,2.71,0
2022,134,645931,2.60827625703747,2.91,0
2022,135,645931,2.69651621044457,3.132,0
2022,136,645931,2.83371228887594,3.354,0
2022,137,645931,3.07417045233935,3.496,0
2022,138,645931,3.20747738303242,3.608,0
2022,139,645931,3.37492506309454,3.794,0
2022,140,645931,3.34791923898272,3.99,0
2022,141,645931,3.49983731314307,4.226,0
2022,142,645931,3.69592933410988,4.492,0
2022,143,645931,4.11429877693652,4.792,0
2022,144,645931,4.14122558726461,5.048,0
2022,145,645931,4.09223587652883,5.324,0
2022,146,645931,4.00282450009707,5.576,0
2022,147,645931,4.74939409823335,5.802,0
2022,148,645931,4.98247738303242,5.984,0
2022,149,645931,4.96138109105028,6.126,0
2022,150,645931,4.97693884682586,6.218,0
2022,151,645931,6.49705979421472,6.472,0
2022,152,645931,6.71387478159581,6.76,0
2022,153,645931,6.50247815958067,6.982,0
2022,154,645931,6.62983110075714,7.26,0
2022,155,645931,6.48900232964473,7.466,0
2022,156,645931,6.69202814987381,7.66,0
2022,157,645931,8.10656435643564,8.01,0
2022,158,645931,8.02775771694817,8.43,0
2022,159,645931,8.01554863133372,8.824,0
2022,160,645931,8.14298485730926,9.316,0
2022,161,645931,8.36183090662008,9.656,0
2022,162,645931,8.45211570568822,9.746,0
2022,163,645931,8.20492797515046,9.594,0
2022,164,645931,7.83541098815763,9.128,0
2022,165,645931,7.71688875946419,8.704,0
2022,166,645931,7.07320811492914,7.892,0
2022,167,645931,7.00823471170647,7.062,0
2022,168,645931,6.84340264026403,6.45,0
2022,169,645931,7.64737080178607,6.25,0
2022,170,645931,8.37126635604738,6.276,0
2022,171,645931,8.41518132401475,6.674,0
2022,172,645931,8.42995476606485,6.996,0
2022,173,645931,8.03492681032811,7.212,0
2022,174,645931,7.46524480683363,7.246,0
2022,175,645931,7.27458551737526,6.94,0
2022,176,645931,7.53103572121918,6.61,0
2022,177,645931,7.36323665307707,6.422,0
2022,178,645931,8.12486779266162,6.396,0
2022,179,645931,8.0942642205397,6.43,0
2022,180,645931,9.00301708406135,7.08,0
2022,181,645931,9.44176392933411,7.954,0
2022,182,645931,9.75322500485343,8.814,0
2023,60,645931,-1.50257483983692,-1.8,33.6
2023,61,645931,-1.72367229664142,-1.8,82.2
2023,62,645931,-1.79281498738108,-1.8,88.9
2023,63,645931,-1.78849796156086,-1.8,88.2
2023,64,645931,-1.70575927004465,-1.8,72.4
2023,65,645931,-1.4612686856921,-1.798,41.2
2023,66,645931,-1.13352630557173,-1.776,0
2023,67,645931,-1.11692506309455,-1.76,7.1
2023,68,645931,-1.126741215298,-1.758,5.4
2023,69,645931,-1.13760240729955,-1.758,18.9
2023,70,645931,-1.38502135507669,-1.76,50.5
2023,71,645931,-1.6338980780431,-1.782,57
2023,72,645931,-1.78972646088136,-1.798,62.8
2023,73,645931,-1.79558881770529,-1.8,73.8
2023,74,645931,-1.79842962531546,-1.8,77.2
2023,75,645931,-1.79992894583575,-1.8,82.6
2023,76,645931,-1.79932770335856,-1.8,89.6
2023,77,645931,-1.79886546301687,-1.8,89.1
2023,78,645931,-1.75732770335857,-1.792,94.4
2023,79,645931,-1.70775150456222,-1.778,83.2
2023,80,645931,-1.69541622985828,-1.764,69.4
2023,81,645931,-1.70578955542613,-1.752,70.1
2023,82,645931,-1.75481382255873,-1.746,68.5
2023,83,645931,-1.79954183653658,-1.754,64.3
2023,84,645931,-1.79944593282857,-1.768,66.6
2023,85,645931,-1.78986623956513,-1.782,71.7
2023,86,645931,-1.72077654824306,-1.794,59.8
2023,87,645931,-1.72915511551155,-1.8,63.1
2023,88,645931,-1.69465618326538,-1.8,47.2
2023,89,645931,-1.60821995728985,-1.8,40.5
2023,90,645931,-1.66672063676956,-1.8,39.8
2023,91,645931,-1.72938575033974,-1.8,52.8
2023,92,645931,-1.73592273344981,-1.8,58.9
2023,93,645931,-1.74104465152397,-1.8,61.6
2023,94,645931,-1.79858998252765,-1.8,62.5
2023,95,645931,-1.799865851291,-1.8,69
2023,96,645931,-1.79999999999999,-1.8,84.1
2023,97,645931,-1.79999999999999,-1.8,94.7
2023,98,645931,-1.79976159968937,-1.8,87.4
2023,99,645931,-1.79999999999999,-1.8,89.5
2023,100,645931,-1.79504018637158,-1.8,82.6
2023,101,645931,-1.77101417200543,-1.8,80.8
2023,102,645931,-1.74834168122694,-1.8,74
2023,103,645931,-1.75677674238012,-1.8,70.1
2023,104,645931,-1.7893616773442,-1.8,76.8
2023,105,645931,-1.79999999999999,-1.8,82.6
2023,106,645931,-1.79999999999999,-1.794,81.2
2023,107,645931,-1.79930809551543,-1.788,85.3
2023,108,645931,-1.79676024072995,-1.78,87.6
2023,109,645931,-1.51156125024267,-1.746,83.4
2023,110,645931,-1.1104606872452,-1.64,85.9
2023,111,645931,-0.931392350999807,-1.488,56.8
2023,112,645931,-0.852155115511551,-1.306,32.1
2023,113,645931,-0.948048340128132,-1.148,0
2023,114,645931,-0.987184624344788,-1.032,0
2023,115,645931,-0.990976703552709,-1.03,0
2023,116,645931,-1.09742846049311,-1.156,0
2023,117,645931,-1.29333721607455,-1.284,0
2023,118,645931,-0.991752669384586,-1.288,0
2023,119,645931,-0.760999029314697,-1.234,0
2023,120,645931,-0.759106581246361,-1.116,0
2023,121,645931,-0.761202679091439,-0.894,0
2023,122,645931,-0.764129877693653,-0.662,0
2023,123,645931,-0.765184624344788,-0.544,0
2023,124,645931,-0.73521549213745,-0.492,0
2023,125,645931,-0.537929528246943,-0.464,0
2023,126,645931,-0.185506697728597,-0.46,0
2023,127,645931,-0.119562415065036,-0.472,0
2023,128,645931,-0.0991621044457392,-0.402,0
2023,129,645931,-0.0770209668025631,-0.264,0
2023,130,645931,0.234541059988351,-0.09,0
2023,131,645931,0.290254125412541,0.072,0
2023,132,645931,0.26978936128907,0.218,0
2023,133,645931,0.262268103280916,0.284,0
2023,134,645931,0.604214715589206,0.404,0
2023,135,645931,0.282078431372548,0.48,0
2023,136,645931,0.582429819452533,0.482,0
2023,137,645931,0.821246942341292,0.818,0
2023,138,645931,0.808913609007959,1.168,0
2023,139,645931,0.810980974568044,1.422,0
2023,140,645931,0.905573286740438,1.698,0
2023,141,645931,1.24611667637352,2.098,0
2023,142,645931,1.59311395845467,2.202,0
2023,143,645931,1.87960201902543,2.294,0
2023,144,645931,1.83249077848961,2.256,0
2023,145,645931,1.66111745292176,2.354,0
2023,146,645931,1.64437274315667,2.434,0
2023,147,645931,1.53092913997282,2.454,0
2023,148,645931,1.79693457581052,2.47,0
2023,149,645931,2.0199044845661,2.614,0
2023,150,645931,2.02967423801204,2.702,0
2023,151,645931,2.04883634245778,2.78,0
2023,152,645931,2.18553135313531,2.874,0
2023,153,645931,2.3442642205397,2.908,0
2023,154,645931,2.67507901378373,3.14,0
2023,155,645931,3.08483304212774,3.328,0
2023,156,645931,3.29799029314696,3.486,0
2023,157,645931,3.27558415841584,3.594,0
2023,158,645931,3.24087070471753,3.732,0
2023,159,645931,2.70970549407882,3.474,0
2023,160,645931,3.66129237041351,3.512,0
2023,161,645931,3.44206833624538,3.51,0
2023,162,645931,3.54000038827412,3.578,0
2023,163,645931,3.71137390797903,3.884,0
2023,164,645931,3.99180450397981,4.382,0
2023,165,645931,4.01481556979227,4.586,0
2023,166,645931,4.26276373519705,4.764,0
2023,167,645931,4.46710522228693,4.908,0
2023,168,645931,4.562894583576,4.906,0
2023,169,645931,4.28727819840807,4.824,0
2023,170,645931,4.52759503009124,4.76,0
2023,171,645931,4.76771888953601,4.728,0
2023,172,645931,5.05269675791109,4.644,0
2023,173,645931,5.46735682391768,4.768,0
2023,174,645931,5.7442182100563,5.152,0
2023,175,645931,5.94656629780625,5.602,0
2023,176,645931,5.85023781789944,6.034,0
2023,177,645931,5.71596622015143,6.564,0
2023,178,645931,5.78903009124442,6.91,0
2023,179,645931,5.80672180159193,7.106,0
2023,180,645931,5.91712560667832,7.134,0
2023,181,645931,6.27677014172005,7.288,0
2023,182,645931,6.20327237429625,7.408,0
2024,61,645931,-1.79999999999999,-1.8,97.2
2024,62,645931,-1.79999999999999,-1.8,96
2024,63,645931,-1.788377014172,-1.8,93.5
2024,64,645931,-1.76301708406134,-1.8,88.1
2024,65,645931,-1.70966763735197,-1.8,80.1
2024,66,645931,-1.66637429625315,-1.8,73
2024,67,645931,-1.68974354494273,-1.8,66
2024,68,645931,-1.7820776548243,-1.8,77.6
2024,69,645931,-1.79999999999999,-1.8,90.5
2024,70,645931,-1.79999999999999,-1.8,94.5
2024,71,645931,-1.79999767035526,-1.8,99.2
2024,72,645931,-1.79991457969326,-1.8,98.2
2024,73,645931,-1.79953426519122,-1.8,95.8
2024,74,645931,-1.79882741215298,-1.8,94.8
2024,75,645931,-1.79930673655601,-1.8,92.1
2024,76,645931,-1.79891846243448,-1.8,93.7
2024,77,645931,-1.79872976121142,-1.8,94.2
2024,78,645931,-1.79994214715589,-1.8,92.4
2024,79,645931,-1.79999999999999,-1.8,74.7
2024,80,645931,-1.79999262279168,-1.8,76.8
2024,81,645931,-1.79802096680255,-1.8,77.2
2024,82,645931,-1.75874373907978,-1.8,57.6
2024,83,645931,-1.75667695593088,-1.8,55.2
2024,84,645931,-1.66379654436032,-1.8,0
2024,85,645931,-1.79999999999999,-1.8,27.1
2024,86,645931,-1.79999999999999,-1.798,71.4
2024,87,645931,-1.79999999999999,-1.796,71.4
2024,88,645931,-1.79999747621819,-1.794,40.5
2024,89,645931,-1.79999708794408,-1.794,27.9
2024,90,645931,-1.55471655989128,-1.794,21.6
2024,91,645931,-1.6019638905067,-1.796,16.9
2024,92,645931,-1.77313803145019,-1.798,43.4
2024,93,645931,-1.79999999999999,-1.8,79.6
2024,94,645931,-1.78022481071636,-1.8,66.3
2024,95,645931,-1.75689458357599,-1.8,59
2024,96,645931,-1.74699223451756,-1.8,42.6
2024,97,645931,-1.77258881770529,-1.8,42.9
2024,98,645931,-1.7177961560862,-1.796,31.4
2024,99,645931,-1.71926247330615,-1.792,33.7
2024,100,645931,-1.77695826053195,-1.79,61
2024,101,645931,-1.79788487672296,-1.79,86.2
2024,102,645931,-1.79999999999999,-1.786,91.5
2024,103,645931,-1.79965909532129,-1.782,69
2024,104,645931,-1.79999999999999,-1.774,77.4
2024,105,645931,-1.79999999999999,-1.766,70.9
2024,106,645931,-1.79999999999999,-1.76,65.2
2024,107,645931,-1.76583964278781,-1.764,58
2024,108,645931,-1.68870665890118,-1.772,51.9
2024,109,645931,-1.72135973597359,-1.784,58.4
2024,110,645931,-1.76225218404193,-1.794,57.8
2024,111,645931,-1.65064977674238,-1.8,50.8
2024,112,645931,-1.28951232770336,-1.69,43.4
2024,113,645931,-1.27593593476995,-1.552,46.1
2024,114,645931,-1.29293651718113,-1.41,19.2
2024,115,645931,-1.28115822170452,-1.274,0
2024,116,645931,-1.24218326538536,-1.164,0
2024,117,645931,-1.38858163463405,-1.268,0
2024,118,645931,-1.40608872063677,-1.398,0
2024,119,645931,-0.852782372354884,-1.512,0
2024,120,645931,-0.010429819452534,-1.576,0
2024,121,645931,0.257797515045622,-1.414,0
2024,122,645931,0.026286158027567,-1.156,0
2024,123,645931,-0.0688767229664148,-0.91,0
2024,124,645931,-0.0910446515239763,-0.674,0
2024,125,645931,-0.199712677150069,-0.474,0
2024,126,645931,-0.347119782566493,-0.474,0
2024,127,645931,-0.465577751892837,-0.526,0
2024,128,645931,-0.130920209668026,-0.536,0
2024,129,645931,-0.138752863521647,-0.496,0
2024,130,645931,-0.180960590176666,-0.454,0
2024,131,645931,-0.205832847990682,-0.408,0
2024,132,645931,0.208457775189283,-0.314,0
2024,133,645931,0.478246554067171,-0.24,0
2024,134,645931,0.458172393709958,-0.178,0
2024,135,645931,0.424274703940982,-0.096,0
2024,136,645931,0.503993399339933,0.01,0
2024,137,645931,0.528158998252767,0.142,0
2024,138,645931,0.565324597165598,0.272,0
2024,139,645931,0.680659677732478,0.38,0
2024,140,645931,0.889006794797126,0.498,0
2024,141,645931,1.00943020772665,0.584,0
2024,142,645931,0.974191613278974,0.65,0
2024,143,645931,0.910809939817511,0.62,0
2024,144,645931,0.883625703746845,0.486,0
2024,145,645931,0.95618792467482,0.362,0
2024,146,645931,1.16652572316055,0.232,0
2024,147,645931,1.36621937487866,0.152,0
2024,148,645931,1.60397553873034,0.198,0
2024,149,645931,1.67265773636187,0.338,0
2024,150,645931,1.72870316443409,0.526,0
2024,151,645931,1.61257173364395,0.704,0
2024,152,645931,1.69318132401475,0.846,0
2024,153,645931,2.0047456804504,1.05,0
2024,154,645931,2.10696175499903,1.374,0
2024,155,645931,2.27705241700641,1.666,0
2024,156,645931,2.31485342651912,2,0
2024,157,645931,2.16255853232382,2.438,0
2024,158,645931,2.16632401475441,2.79,0
2024,159,645931,2.38901184236071,3.044,0
2024,160,645931,2.86621840419336,3.372,0
2024,161,645931,3.59311395845467,3.704,0
2024,162,645931,3.9820910502815,3.996,0
2024,163,645931,3.94195243642011,4.306,0
2024,164,645931,4.02254436031838,4.644,0
2024,165,645931,3.96146107551931,4.848,0
2024,166,645931,4.30043409046787,5.018,0
2024,167,645931,4.81976606484178,5.12,0
2024,168,645931,4.98746437584935,5.146,0
2024,169,645931,5.2644220539701,5.17,0
2024,170,645931,5.80963308095515,5.298,0
2024,171,645931,6.5010875558144,5.628,0
2024,172,645931,5.87697825664919,5.864,0
2024,173,645931,5.78794078819647,6.274,0
2024,174,645931,5.78774898078043,6.636,0
2024,175,645931,5.86879926227916,7.03,0
2024,176,645931,5.98046049310813,7.202,0
2024,177,645931,6.23252999417589,7.5,0
2024,178,645931,6.42783692486896,7.644,0
2024,179,645931,6.49488526499709,7.694,0
2024,180,645931,6.44830110658125,7.55,0
2024,181,645931,6.39708949718501,7.584,0
2024,182,645931,6.3548955542613,7.58,0
2016,61,625831,1.43276159968938,1.01,0
2016,62,625831,1.50039002135508,0.765,0
2016,63,625831,1.51203455639682,0.783333333333333,0
2016,64,625831,1.49099301106581,0.87,0
2016,65,625831,1.43554940788196,0.914,0
2016,66,625831,1.32305629974762,0.904,0
2016,67,625831,0.519818287711124,0.876,0
2016,68,625831,0.480117647058823,0.826,0
2016,69,625831,0.532569015725102,0.73,0
2016,70,625831,0.672428654630168,0.674,0
2016,71,625831,0.831996117258785,0.668,0
2016,72,625831,0.975349252572315,0.79,0
2016,73,625831,1.05566530770724,0.878,0
2016,74,625831,0.913110269850514,0.91,0
2016,75,625831,0.744465346534653,0.932,0
2016,76,625831,0.68532479130266,0.932,0
2016,77,625831,0.625511745292176,0.904,0
2016,78,625831,0.582808969132207,0.824,4.5
2016,79,625831,0.514671131819064,0.82,5.1
2016,80,625831,0.38851271597748,0.804,13.2
2016,81,625831,0.3956194913609,0.792,15.8
2016,82,625831,-0.126406717142303,0.622,7.2
2016,83,625831,-0.186756746262862,0.522,0
2016,84,625831,0.173028344010871,0.414,0
2016,85,625831,-0.222910696952049,0.278,0
2016,86,625831,-0.253761793826442,0.142,0
2016,87,625831,-0.108411570568822,0.2,0
2016,88,625831,-0.0129052611143472,0.262,0
2016,89,625831,0.153515628033391,0.32,0
2016,90,625831,0.466847214133177,0.486,0
2016,91,625831,0.584620656183265,0.67,0
2016,92,625831,0.917551931663754,0.906,0
2016,93,625831,1.03938885653271,1.138,0
2016,94,625831,0.941469811687051,1.35,0
2016,95,625831,0.874348864298195,1.48,0
2016,96,625831,0.881157639293341,1.572,0
2016,97,625831,2.02489768976898,1.738,0
2016,98,625831,2.03137002523782,1.868,0
2016,99,625831,2.07869792273345,1.998,0
2016,100,625831,2.12085032032615,2.124,0
2016,101,625831,2.12763346922928,2.252,0
2016,102,625831,2.38184701999612,2.266,0
2016,103,625831,2.66913550766842,2.348,0
2016,104,625831,2.67766161910309,2.43,0
2016,105,625831,2.55137740244612,2.498,0
2016,106,625831,2.70334905843526,2.622,0
2016,107,625831,2.76881615220346,2.734,0
2016,108,625831,2.80137584934964,2.776,0
2016,109,625831,2.87344069112793,2.798,0
2016,110,625831,2.88810541642399,2.884,0
2016,111,625831,2.9692805280528,2.914,0
2016,112,625831,2.96896796738497,2.93,0
2016,113,625831,3.25986060959037,3.002,0
2016,114,625831,3.84650572704329,3.25,0
2016,115,625831,4.02335099980586,3.462,0
2016,116,625831,4.07422655794992,3.692,0
2016,117,625831,4.1175373713842,3.924,0
2016,118,625831,4.17928227528635,4.136,0
2016,119,625831,4.20665521258008,4.194,0
2016,120,625831,4.37667734420501,4.238,0
2016,121,625831,4.43536866627839,4.286,0
2016,122,625831,4.40832925645506,4.324,0
2016,123,625831,4.34753407105417,4.33,0
2016,124,625831,3.99485944476801,4.34,0
2016,125,625831,4.06979576781208,4.374,0
2016,126,625831,4.25903746845273,4.44,0
2016,127,625831,4.41051815181518,4.522,0
2016,128,625831,4.6591875364007,4.68,0
2016,129,625831,4.83710483401282,4.846,0
2016,130,625831,5.01966569598135,5.004,0
2016,131,625831,5.06380896913221,5.12,0
2016,132,625831,4.96960143661426,5.21,0
2016,133,625831,4.9721920015531,5.228,0
2016,134,625831,5.07277169481654,5.25,0
2016,135,625831,5.35551446321103,5.288,0
2016,136,625831,5.90925509609785,5.46,0
2016,137,625831,6.35209784507862,5.694,0
2016,138,625831,6.49287730537759,5.964,0
2016,139,625831,6.46114929139973,6.202,0
2016,140,625831,6.41427412152979,6.404,0
2016,141,625831,6.0392597553873,6.438,0
2016,142,625831,6.04949446709377,6.44,0
2016,143,625831,6.09118132401476,6.414,0
2016,144,625831,7.01070471753057,6.504,0
2016,145,625831,7.37592952824694,6.738,0
2016,146,625831,7.43415822170452,6.694,0
2016,147,625831,7.38078509027374,6.792,0
2016,148,625831,7.15096563774025,6.978,0
2016,149,625831,7.20555231993788,7.078,0
2016,150,625831,7.12775092215105,7.018,0
2016,151,625831,7.13952999417589,7.236,0
2016,152,625831,7.05711609396233,7.196,0
2016,153,625831,7.99735468841002,7.256,0
2016,154,625831,7.97150980392157,7.336,0
2016,155,625831,7.93896602601437,7.48,0
2016,156,625831,7.98488079984469,7.66,0
2016,157,625831,8.14362861580276,7.966,0
2016,158,625831,8.53926868569209,8.18,0
2016,159,625831,8.64375791108523,8.374,0
2016,160,625831,8.58833022714035,8.522,0
2016,161,625831,8.68486410405746,8.682,0
2016,162,625831,8.9664626286158,8.788,0
2016,163,625831,9.02386856920987,8.824,0
2016,164,625831,8.83243991457969,8.788,0
2016,165,625831,9.13101203649776,8.858,0
2016,166,625831,9.59139662201513,8.918,0
2016,167,625831,9.81169656377403,8.994,0
2016,168,625831,10.2447014172005,9.114,0
2016,169,625831,10.0405812463599,9.218,0
2016,170,625831,10.0000739662202,9.184,0
2016,171,625831,10.0506534653465,9.044,0
2016,172,625831,10.2026377402446,9.162,0
2016,173,625831,10.2297713065424,9.312,0
2016,174,625831,10.2505437779072,9.532,0
2016,175,625831,10.1209433119783,9.712,0
2016,176,625831,9.96301824888371,9.966,0
2016,177,625831,10.2873313919627,10.044,0
2016,178,625831,10.6388002329645,10.104,0
2016,179,625831,10.7160465928946,10.198,0
2016,180,625831,10.718977674238,10.39,0
2016,181,625831,10.8152341292953,10.658,0
2016,182,625831,11.2732032615026,10.852,0
2017,60,625831,-1.79971325956124,-1.8,91.1
2017,61,625831,-1.79999999999999,-1.8,93.3
2017,62,625831,-1.79992215103862,-1.8,96.5
2017,63,625831,-1.79997825664919,-1.8,96.4
2017,64,625831,-1.79984915550378,-1.8,90.4
2017,65,625831,-1.79953640069889,-1.8,97.3
2017,66,625831,-1.7995131042516,-1.8,100
2017,67,625831,-1.79955620267909,-1.8,99.6
2017,68,625831,-1.79958124635993,-1.8,100
2017,69,625831,-1.79973907979033,-1.8,100
2017,70,625831,-1.79935779460299,-1.794,100
2017,71,625831,-1.79752067559695,-1.778,91.9
2017,72,625831,-1.7961444379732,-1.756,88.7
2017,73,625831,-1.79924558338185,-1.74,99
2017,74,625831,-1.79997553873033,-1.732,91.8
2017,75,625831,-1.7999875752281,-1.738,86
2017,76,625831,-1.79995437779071,-1.754,90.7
2017,77,625831,-1.79987303436225,-1.776,89.6
2017,78,625831,-1.79996777324791,-1.792,90.3
2017,79,625831,-1.79990040768782,-1.8,88.6
2017,80,625831,-1.79960046592894,-1.8,90.3
2017,81,625831,-1.79932576198796,-1.8,90.7
2017,82,625831,-1.79956183265385,-1.8,89.4
2017,83,625831,-1.79969442826635,-1.8,90.5
2017,84,625831,-1.79938225587265,-1.8,94.8
2017,85,625831,-1.79894505921181,-1.8,91.4
2017,86,625831,-1.79983576004659,-1.8,85.5
2017,87,625831,-1.79997359735973,-1.8,75.7
2017,88,625831,-1.79993826441467,-1.8,86.3
2017,89,625831,-1.79999999999999,-1.798,80
2017,90,625831,-1.79374645699863,-1.776,64.4
2017,91,625831,-1.79793787614053,-1.754,59.2
2017,92,625831,-1.79999999999999,-1.752,73.5
2017,93,625831,-1.79999999999999,-1.752,84.3
2017,94,625831,-1.79999999999999,-1.75,75.7
2017,95,625831,-1.79999999999999,-1.766,67.4
2017,96,625831,-1.75846418171229,-1.774,60.3
2017,97,625831,-1.67775344593283,-1.748,54.2
2017,98,625831,-1.63900524170064,-1.704,48.9
2017,99,625831,-1.64231042516016,-1.662,42.3
2017,100,625831,-1.6421424966026,-1.606,36.2
2017,101,625831,-1.32543370219375,-1.534,26.9
2017,102,625831,-0.825518734226365,-1.436,0
2017,103,625831,-0.536303630363036,-1.212,0
2017,104,625831,-0.55618248883712,-0.99,0
2017,105,625831,-0.583688604154534,-0.786,0
2017,106,625831,-0.571045816346341,-0.598,0
2017,107,625831,-0.484035721219181,-0.442,0
2017,108,625831,-0.306735002912057,-0.42,0
2017,109,625831,-0.204866627839255,-0.382,0
2017,110,625831,-0.24914191419142,-0.348,0
2017,111,625831,-0.0561296835565914,-0.314,0
2017,112,625831,0.158465346534653,-0.268,0
2017,113,625831,0.26235294117647,-0.208,0
2017,114,625831,0.32001028926422,-0.134,0
2017,115,625831,0.358288487672296,-0.042,0
2017,116,625831,0.451470976509415,0.046,0
2017,117,625831,0.681744515628032,0.122,0
2017,118,625831,0.821831489031255,0.194,0
2017,119,625831,0.86371850126189,0.24,0
2017,120,625831,0.882211221122112,0.276,0
2017,121,625831,0.93516501650165,0.362,0
2017,122,625831,1.3515437779072,0.626,0
2017,123,625831,1.27103125606678,0.858,0
2017,124,625831,1.22563696369637,1.062,0
2017,125,625831,1.2000405746457,1.278,0
2017,126,625831,1.23759134148709,1.462,0
2017,127,625831,1.61506212385944,1.492,0
2017,128,625831,2.14599048728402,1.614,0
2017,129,625831,2.13450960978451,1.798,0
2017,130,625831,2.15606212385944,2.004,0
2017,131,625831,2.34670879440885,2.232,0
2017,132,625831,2.27524189477771,2.442,0
2017,133,625831,1.94856940399922,2.596,0
2017,134,625831,1.81424597165599,2.712,0
2017,135,625831,1.76885129101146,2.81,0
2017,136,625831,1.85037720830906,2.842,0
2017,137,625831,2.47538031450204,2.902,0
2017,138,625831,2.63256086196855,2.846,0
2017,139,625831,2.69938516792856,2.932,0
2017,140,625831,2.78139487478159,2.99,0
2017,141,625831,2.89638749757329,3.026,0
2017,142,625831,3.1168476024073,3.046,0
2017,143,625831,3.11856629780625,3.144,0
2017,144,625831,3.21378664337022,3.118,0
2017,145,625831,3.22658163463405,3.232,0
2017,146,625831,3.038993593477,3.406,0
2017,147,625831,3.466741215298,3.576,0
2017,148,625831,3.75533372160745,3.834,0
2017,149,625831,3.90339856338575,4.078,0
2017,150,625831,4.00048767229664,4.052,0
2017,151,625831,4.08806270627062,4.092,0
2017,152,625831,4.52149077848961,4.098,0
2017,153,625831,4.52941487089886,3.968,0
2017,154,625831,4.73975033973986,4.238,0
2017,155,625831,4.94240535818288,4.698,0
2017,156,625831,4.760600660066,5.064,0
2017,157,625831,4.93438439138031,5.49,0
2017,158,625831,5.30907940205785,6.088,0
2017,159,625831,5.58008231411376,6.308,0
2017,160,625831,5.58721199767035,6.444,0
2017,161,625831,5.61777480100951,6.45,0
2017,162,625831,5.70423762376237,6.46,0
2017,163,625831,5.69222228693458,6.428,0
2017,164,625831,5.90518054746651,6.424,0
2017,165,625831,6.05961075519316,6.454,0
2017,166,625831,6.11210891089109,6.386,0
2017,167,625831,6.56647932440303,6.434,0
2017,168,625831,6.70923956513298,6.412,0
2017,169,625831,6.58883051834595,6.306,0
2017,170,625831,6.97586585129101,6.254,0
2017,171,625831,7.27985866821976,6.536,0
2017,172,625831,7.28262745098039,6.654,0
2017,173,625831,7.28231566686081,6.768,0
2017,174,625831,7.46303183847797,6.928,0
2017,175,625831,8.00603999223452,7.09,0
2017,176,625831,8.30105358182877,7.076,0
2017,177,625831,7.97708891477383,6.94,0
2017,178,625831,7.75633915744516,6.81,0
2017,179,625831,7.71179285575616,6.638,0
2017,180,625831,7.79446088138226,6.428,0
2017,181,625831,7.69977577169482,6.412,0
2017,182,625831,7.75427082119977,6.858,0
2018,60,625831,-0.525707241312367,-0.76,0
2018,61,625831,-0.412829935934771,-0.73,0
2018,62,625831,-0.457871287128713,-0.68,0
2018,63,625831,-0.713792661619104,-0.6,0
2018,64,625831,-0.972099592312172,-0.554,0
2018,65,625831,-1.00770588235294,-0.486,0
2018,66,625831,-0.993910308677927,-0.506,0
2018,67,625831,-1.01720811492914,-0.602,0
2018,68,625831,-1.05113667249078,-0.756,0
2018,69,625831,-1.12623820617356,-0.926,16.5
2018,70,625831,-1.31959697146185,-1.122,27.2
2018,71,625831,-1.55043156668608,-1.258,26.2
2018,72,625831,-1.37452572316055,-1.33,37.8
2018,73,625831,-1.31689147738303,-1.382,37.4
2018,74,625831,-1.36678567268492,-1.418,30
2018,75,625831,-1.39054261308484,-1.418,31.6
2018,76,625831,-1.37969442826636,-1.408,16.2
2018,77,625831,-1.49741894777713,-1.394,8.2
2018,78,625831,-1.46404562220927,-1.35,6.6
2018,79,625831,-1.27229139972821,-1.272,7.1
2018,80,625831,-0.936531935546496,-1.162,8
2018,81,625831,-0.793503009124443,-1.02,0
2018,82,625831,-0.855599689380704,-0.896,0
2018,83,625831,-0.90103766258979,-0.806,0
2018,84,625831,-0.89654804892254,-0.742,0
2018,85,625831,-0.868901960784314,-0.71,0
2018,86,625831,-0.830026208503204,-0.738,0
2018,87,625831,-0.759358377014173,-0.718,0
2018,88,625831,-0.644781207532519,-0.678,0
2018,89,625831,-0.586879829159387,-0.654,0
2018,90,625831,-0.57478916715201,-0.634,0
2018,91,625831,-0.543655406717143,-0.576,0
2018,92,625831,-0.444772471364784,-0.54,0
2018,93,625831,-0.210203649776743,-0.466,0
2018,94,625831,-0.206906814210833,-0.378,0
2018,95,625831,-0.419965055329063,-0.332,0
2018,96,625831,-0.506499708794409,-0.32,0
2018,97,625831,-0.303016307513105,-0.286,0
2018,98,625831,-0.342110852261697,-0.318,0
2018,99,625831,-0.286307707241313,-0.34,0
2018,100,625831,-0.138107746068725,-0.286,0
2018,101,625831,-0.229308872063677,-0.22,0
2018,102,625831,-0.229204426324986,-0.202,0
2018,103,625831,-0.0252380120364983,-0.162,0
2018,104,625831,0.256875558144049,-0.034,0
2018,105,625831,0.108503979809745,0.036,0
2018,106,625831,0.191285187342263,0.13,0
2018,107,625831,0.126887012230634,0.28,0
2018,108,625831,0.593311784119588,0.466,0
2018,109,625831,0.791786643370219,0.576,0
2018,110,625831,0.933854979615608,0.74,0
2018,111,625831,0.971755775577558,0.9,0
2018,112,625831,0.82245699864104,0.998,0
2018,113,625831,0.60647738303242,1.036,0
2018,114,625831,0.725145796932634,1.076,0
2018,115,625831,0.953458940011647,1.124,0
2018,116,625831,1.40808522616967,1.226,0
2018,117,625831,1.5401613278975,1.358,0
2018,118,625831,1.5721335662978,1.522,0
2018,119,625831,1.76239701028926,1.676,0
2018,120,625831,1.8012894583576,1.806,0
2018,121,625831,1.74393554649582,1.868,0
2018,122,625831,1.68330790137837,1.906,0
2018,123,625831,1.68108483789555,1.924,0
2018,124,625831,1.76890429042904,1.926,0
2018,125,625831,1.79988545913415,1.958,0
2018,126,625831,1.81599378761406,2.006,0
2018,127,625831,1.96663715783343,2.07,0
2018,128,625831,2.35150456222093,2.174,0
2018,129,625831,2.49637468452728,2.298,0
2018,130,625831,2.63956338575034,2.436,0
2018,131,625831,2.64480722189866,2.586,0
2018,132,625831,2.76784507862551,2.714,0
2018,133,625831,2.8780999805863,2.772,0
2018,134,625831,2.93785362065618,2.944,0
2018,135,625831,2.98287342263638,3.106,0
2018,136,625831,3.00336323044069,3.264,0
2018,137,625831,3.08064997087944,3.444,0
2018,138,625831,3.19051232770336,3.652,0
2018,139,625831,4.3433597359736,3.848,0
2018,140,625831,4.54534420500873,4.078,0
2018,141,625831,4.64053018831295,4.314,0
2018,142,625831,4.54462026790915,4.528,0
2018,143,625831,4.26450999805863,4.732,0
2018,144,625831,4.31912152980004,4.828,0
2018,145,625831,4.33528169287517,4.842,0
2018,146,625831,4.47105455251408,4.872,0
2018,147,625831,4.78429819452533,4.982,0
2018,148,625831,4.79633022714036,5.092,0
2018,149,625831,4.85556377402446,5.188,0
2018,150,625831,5.13422015142691,5.368,0
2018,151,625831,5.20621879246748,5.514,0
2018,152,625831,5.18692195690157,5.606,0
2018,153,625831,5.31181537565522,5.712,0
2018,154,625831,5.6082706270627,5.824,0
2018,155,625831,5.58296214327315,5.904,0
2018,156,625831,5.60558241118229,5.988,0
2018,157,625831,5.942594253543,6.112,0
2018,158,625831,6.39203145020384,6.306,0
2018,159,625831,6.48872859638905,6.524,0
2018,160,625831,6.58843409046787,6.776,0
2018,161,625831,6.75414773830325,7.088,0
2018,162,625831,6.95979965055329,7.352,0
2018,163,625831,7.21657503397399,7.588,0
2018,164,625831,7.25434692292758,7.83,0
2018,165,625831,7.54993069306931,8.05,0
2018,166,625831,7.52900368860416,8.184,0
2018,167,625831,7.54717782954766,8.27,0
2018,168,625831,7.55305765870705,8.262,0
2018,169,625831,7.44728111046398,8.258,0
2018,170,625831,7.4286249271986,8.204,0
2018,171,625831,7.41701145408658,8.166,0
2018,172,625831,7.53715065035916,8.238,0
2018,173,625831,7.98688079984469,8.4,0
2018,174,625831,8.00884934964084,8.528,0
2018,175,625831,8.0277619879635,8.656,0
2018,176,625831,7.99169811687051,8.8,0
2018,177,625831,8.15708949718501,8.906,0
2018,178,625831,8.7931162880994,9.032,0
2018,179,625831,9.0794814599107,9.19,0
2018,180,625831,9.26362783925452,9.358,0
2018,181,625831,9.52871850126189,9.558,0
2018,182,625831,9.66002795573674,9.74,0
2019,60,625831,0.924626674432149,0.37,0
2019,61,625831,1.01370122306348,0.225,0
2019,62,625831,1.19594797126771,0.133333333333333,0
2019,63,625831,1.21652417006406,0.095,0
2019,64,625831,1.07047214133178,0.098,0
2019,65,625831,1.21240768782761,0.11,0
2019,66,625831,1.35243370219375,0.184,0
2019,67,625831,1.34551931663755,0.278,0
2019,68,625831,1.36027975150456,0.368,0
2019,69,625831,1.21689885459134,0.404,0
2019,70,625831,0.783656571539506,0.342,0
2019,71,625831,0.800066006600659,0.28,0
2019,72,625831,1.05844457386915,0.216,0
2019,73,625831,1.27798621626869,0.19,0
2019,74,625831,1.27722345175694,0.228,0
2019,75,625831,1.2332894583576,0.294,0
2019,76,625831,1.11964511745292,0.348,0
2019,77,625831,1.09917549990293,0.4,0
2019,78,625831,1.10492933410988,0.412,0
2019,79,625831,1.16182372354883,0.394,0
2019,80,625831,1.20489710735779,0.37,0
2019,81,625831,1.13037293729373,0.358,0
2019,82,625831,0.92589866045428,0.366,0
2019,83,625831,0.803464375849349,0.388,0
2019,84,625831,0.809948941953017,0.442,0
2019,85,625831,0.858984469035139,0.516,0
2019,86,625831,1.0439702970297,0.596,0
2019,87,625831,1.04934381673461,0.61,0
2019,88,625831,1.16001941370608,0.64,0
2019,89,625831,1.33457328674044,0.662,0
2019,90,625831,1.7115546495826,0.736,0
2019,91,625831,1.82677771306543,0.85,0
2019,92,625831,1.57403203261503,1.004,0
2019,93,625831,1.69560784313725,1.154,0
2019,94,625831,1.8396392933411,1.264,0
2019,95,625831,1.91780955154339,1.36,0
2019,96,625831,2.00201863715783,1.418,0
2019,97,625831,1.94064414676762,1.48,0
2019,98,625831,1.95460609590371,1.508,0
2019,99,625831,1.95114735002912,1.544,0
2019,100,625831,2.14474703940982,1.582,0
2019,101,625831,2.23571092991652,1.64,0
2019,102,625831,2.01339720442633,1.754,0
2019,103,625831,2.02071830712483,1.878,0
2019,104,625831,2.31580858085809,2.052,0
2019,105,625831,2.34802387885847,2.212,0
2019,106,625831,2.24561677344205,2.336,0
2019,107,625831,2.12709842748981,2.416,0
2019,108,625831,1.86241642399534,2.378,0
2019,109,625831,1.97503766258979,2.282,0
2019,110,625831,2.11249097262667,2.164,0
2019,111,625831,2.19996952048146,2.086,0
2019,112,625831,1.71603339157445,1.924,0
2019,113,625831,1.64759405940594,1.884,0
2019,114,625831,1.57585129101145,1.844,0
2019,115,625831,2.01752824694234,1.85,0
2019,116,625831,2.28326655018443,1.868,0
2019,117,625831,2.38855076684139,1.992,0
2019,118,625831,2.58120015530965,2.17,0
2019,119,625831,2.6586456998641,2.366,0
2019,120,625831,2.69379479712677,2.468,0
2019,121,625831,2.89466977285964,2.66,0
2019,122,625831,2.95033158609978,2.846,0
2019,123,625831,2.99598582799456,2.986,0
2019,124,625831,2.98602096680256,3.108,0
2019,125,625831,2.97978703164434,3.246,0
2019,126,625831,2.85895690157251,3.24,0
2019,127,625831,3.02006833624539,3.268,0
2019,128,625831,3.24261366724908,3.382,0
2019,129,625831,3.43860590176665,3.464,0
2019,130,625831,4.09466026014366,3.678,0
2019,131,625831,4.32006658901184,3.932,0
2019,132,625831,4.24353232382062,4.128,0
2019,133,625831,4.06269792273345,4.212,0
2019,134,625831,3.95202193748787,4.346,0
2019,135,625831,4.05055503785673,4.402,0
2019,136,625831,4.19604756357988,4.456,0
2019,137,625831,4.4544789361289,4.518,0
2019,138,625831,4.71094350611532,4.636,0
2019,139,625831,4.60750087361677,4.72,0
2019,140,625831,4.74773752669385,4.818,0
2019,141,625831,4.60681770529994,4.718,0
2019,142,625831,4.75002407299553,4.588,0
2019,143,625831,4.74882818870122,4.422,0
2019,144,625831,5.05691011454086,4.486,0
2019,145,625831,5.30529508833236,4.584,0
2019,146,625831,5.42887439332168,4.906,0
2019,147,625831,5.7687456804504,5.296,0
2019,148,625831,6.37874898078043,5.782,0
2019,149,625831,6.53025257231606,6.15,0
2019,150,625831,6.34205785284411,6.412,0
2019,151,625831,6.49113570180547,6.664,0
2019,152,625831,6.68821490972627,6.91,0
2019,153,625831,7.02959561250243,7.112,0
2019,154,625831,7.2009367113182,7.348,0
2019,155,625831,7.17852009318579,7.65,0
2019,156,625831,7.24987885847408,7.914,0
2019,157,625831,7.35207590759076,8.162,0
2019,158,625831,7.90001960784313,8.382,0
2019,159,625831,7.89033799262279,8.478,0
2019,160,625831,7.83632789749562,8.532,0
2019,161,625831,8.21120209668025,8.674,0
2019,162,625831,8.59454940788197,8.848,0
2019,163,625831,8.72211318190642,8.988,0
2019,164,625831,8.71151892836343,9.102,0
2019,165,625831,8.95877305377597,9.214,0
2019,166,625831,9.29324480683363,9.266,0
2019,167,625831,9.58755950300914,9.332,0
2019,168,625831,9.76006658901185,9.478,0
2019,169,625831,9.72946476412347,9.67,0
2019,170,625831,9.94154164239954,9.904,0
2019,171,625831,9.85925664919434,10.088,0
2019,172,625831,9.93063599301106,10.234,0
2019,173,625831,9.59936323044068,10.296,0
2019,174,625831,9.39064764123471,10.294,0
2019,175,625831,9.29241254125413,10.204,0
2019,176,625831,9.62135488254708,10.154,0
2019,177,625831,9.85181207532518,10.192,0
2019,178,625831,10.2083410988158,10.308,0
2019,179,625831,10.1046627839255,10.47,0
2019,180,625831,10.0892964472918,10.678,0
2019,181,625831,10.0743267326733,10.872,0
2019,182,625831,10.1278716754028,10.952,0
2020,61,625831,-1.7999722384003,-1.8,91.8
2020,62,625831,-1.79986196854979,-1.8,95.6
2020,63,625831,-1.79983090662007,-1.8,94.4
2020,64,625831,-1.79959949524363,-1.8,93.8
2020,65,625831,-1.79999048728401,-1.8,95
2020,66,625831,-1.79982372354881,-1.8,94.8
2020,67,625831,-1.79996447291787,-1.8,97.6
2020,68,625831,-1.79975150456222,-1.8,97.5
2020,69,625831,-1.79953911861774,-1.8,96.9
2020,70,625831,-1.79883517763541,-1.8,99.2
2020,71,625831,-1.79874587458744,-1.8,100
2020,72,625831,-1.79998233352746,-1.774,100
2020,73,625831,-1.79864317608229,-1.72,98.5
2020,74,625831,-1.79681498738107,-1.662,93
2020,75,625831,-1.79531993787612,-1.608,89.6
2020,76,625831,-1.78329819452533,-1.564,83.3
2020,77,625831,-1.75447369442827,-1.49,70.6
2020,78,625831,-1.51267482042322,-1.434,68
2020,79,625831,-1.28765152397593,-1.374,59.2
2020,80,625831,-1.23046748204232,-1.328,60.6
2020,81,625831,-1.25596660842555,-1.302,60.2
2020,82,625831,-1.48583711900602,-1.354,71.4
2020,83,625831,-1.79999999999999,-1.464,80.4
2020,84,625831,-1.78549136090078,-1.564,74.1
2020,85,625831,-1.74905552319938,-1.628,73.9
2020,86,625831,-1.69136400698893,-1.628,69
2020,87,625831,-1.68168200349447,-1.608,68.2
2020,88,625831,-1.74888410017472,-1.576,64
2020,89,625831,-1.79557561638516,-1.584,78.9
2020,90,625831,-1.79999999999999,-1.62,89.6
2020,91,625831,-1.79988390603765,-1.686,80
2020,92,625831,-1.79574121529799,-1.746,64.4
2020,93,625831,-1.79720792079207,-1.774,65.3
2020,94,625831,-1.79257076295864,-1.778,74.6
2020,95,625831,-1.78303106192971,-1.756,83.8
2020,96,625831,-1.69855989128325,-1.71,63.6
2020,97,625831,-1.71852980003883,-1.682,65
2020,98,625831,-1.7020469811687,-1.652,64.5
2020,99,625831,-1.7074111822947,-1.63,62.3
2020,100,625831,-1.6853443991458,-1.626,57.9
2020,101,625831,-1.65201164822365,-1.646,52.2
2020,102,625831,-1.66917899437003,-1.652,48.6
2020,103,625831,-1.34298136284217,-1.558,25.4
2020,104,625831,-1.29801339545719,-1.514,16.2
2020,105,625831,-1.24498427489808,-1.402,0
2020,106,625831,-1.07418171228888,-1.286,0
2020,107,625831,-0.84285517375267,-1.15,0
2020,108,625831,-0.980904484566104,-1.148,0
2020,109,625831,-0.96521063871093,-1.09,0
2020,110,625831,-0.0232453892448075,-0.83,0
2020,111,625831,0.10936575422248,-0.572,0
2020,112,625831,0.0731473500291201,-0.316,0
2020,113,625831,0.183777324791302,0.004,0
2020,114,625831,0.199543972044263,0.31,0
2020,115,625831,0.366664337021937,0.362,0
2020,116,625831,0.159135895942535,0.408,0
2020,117,625831,0.131286546301689,0.442,0
2020,118,625831,0.393072801397786,0.476,0
2020,119,625831,0.555629780625121,0.606,0
2020,120,625831,0.543216851096874,0.734,0
2020,121,625831,0.509900795961948,0.864,0
2020,122,625831,0.448178800232964,0.96,0
2020,123,625831,0.692425936711317,1.046,0
2020,124,625831,0.900251795767812,1.12,0
2020,125,625831,1.02431760823141,1.23,0
2020,126,625831,1.03575694039992,1.348,0
2020,127,625831,1.12947272374296,1.516,0
2020,128,625831,1.30536905455251,1.684,0
2020,129,625831,2.01010599883518,1.902,0
2020,130,625831,2.11239759270045,2.13,0
2020,131,625831,2.04323005241701,2.336,0
2020,132,625831,1.91524635993011,2.494,0
2020,133,625831,1.85932498543972,2.658,0
2020,134,625831,1.96215919238983,2.718,0
2020,135,625831,2.05985362065618,2.74,0
2020,136,625831,2.08022325761988,2.79,0
2020,137,625831,2.08439933993399,2.85,0
2020,138,625831,2.02029528246943,2.752,0
2020,139,625831,4.89443991457969,3.23,0
2020,140,625831,4.19360590176665,3.562,0
2020,141,625831,2.19172432537371,3.482,0
2020,142,625831,1.83601456027956,3.39,0
2020,143,625831,1.64872374296253,3.248,0
2020,144,625831,3.22620345563968,2.886,0
2020,145,625831,3.33708250825082,2.742,0
2020,146,625831,3.30670355270821,3.012,0
2020,147,625831,3.44519161327897,3.324,0
2020,148,625831,3.92252980003883,3.846,0
2020,149,625831,4.22261017278198,4.036,0
2020,150,625831,4.78252067559697,4.298,0
2020,151,625831,5.07026227916909,4.602,0
2020,152,625831,5.01632964472918,4.926,0
2020,153,625831,4.85414948553679,5.2,0
2020,154,625831,4.9100974568045,5.42,0
2020,155,625831,5.04339506891865,5.462,0
2020,156,625831,4.91054183653659,5.456,0
2020,157,625831,5.43216249271986,5.648,0
2020,158,625831,6.12709143855562,5.862,0
2020,159,625831,5.93394564162298,6.05,0
2020,160,625831,6.15920656183265,6.288,0
2020,161,625831,6.22905824111823,6.534,0
2020,162,625831,6.18050300912444,6.56,0
2020,163,625831,6.03613337216074,6.568,0
2020,164,625831,5.71250359153562,6.554,0
2020,165,625831,5.53893574063289,6.506,0
2020,166,625831,5.75233896330809,6.482,0
2020,167,625831,5.53967947971268,6.38,0
2020,168,625831,5.79472917880023,6.32,0
2020,169,625831,6.50766123082896,6.396,0
2020,170,625831,6.74388623568239,6.564,0
2020,171,625831,7.35526616191031,6.836,0
2020,172,625831,7.464329062318,7.21,0
2020,173,625831,7.56102096680257,7.586,0
2020,174,625831,7.5946041545331,7.892,0
2020,175,625831,7.53567035527082,8.094,0
2020,176,625831,7.28114133178024,8.108,0
2020,177,625831,7.88954921374492,8.1,0
2020,178,625831,7.44817996505532,8.06,0
2020,179,625831,7.38521685109688,8.024,0
2020,180,625831,7.24538536206561,8.01,0
2020,181,625831,8.17643583770142,8.062,0
2020,182,625831,8.87823412929529,8.218,0
2021,60,625831,-1.53952086973403,-1.67,60.4
2021,61,625831,-1.41775033973986,-1.625,46.6
2021,62,625831,-1.64032886818093,-1.67,87
2021,63,625831,-1.74420520287323,-1.6975,89.8
2021,64,625831,-1.77428751698699,-1.714,91.1
2021,65,625831,-1.762629392351,-1.734,91.5
2021,66,625831,-1.63334867016113,-1.764,81.2
2021,67,625831,-1.49011842360707,-1.764,51.4
2021,68,625831,-1.45598349834984,-1.758,15
2021,69,625831,-1.43960434867016,-1.75,22.8
2021,70,625831,-1.4499450592118,-1.744,38.2
2021,71,625831,-1.5948674043875,-1.752,58.3
2021,72,625831,-1.60747621821006,-1.758,60.7
2021,73,625831,-1.60016191030868,-1.758,50.1
2021,74,625831,-1.59698757522811,-1.756,46.2
2021,75,625831,-1.64827004465152,-1.756,47.8
2021,76,625831,-1.73543642011259,-1.756,59
2021,77,625831,-1.76618578916714,-1.754,73.1
2021,78,625831,-1.77278392545136,-1.762,78.4
2021,79,625831,-1.7667223840031,-1.774,79.8
2021,80,625831,-1.77049543777907,-1.784,78.8
2021,81,625831,-1.78648476024073,-1.79,83.7
2021,82,625831,-1.7992345175694,-1.794,86
2021,83,625831,-1.79054960201902,-1.796,92.3
2021,84,625831,-1.79012560667831,-1.796,92
2021,85,625831,-1.79389768976897,-1.796,84.2
2021,86,625831,-1.7878396427878,-1.794,81.3
2021,87,625831,-1.77828771112405,-1.79,85.3
2021,88,625831,-1.66411337604349,-1.774,29.5
2021,89,625831,-1.73717957678121,-1.774,8.1
2021,90,625831,-1.78103145020383,-1.776,22.3
2021,91,625831,-1.78327470394096,-1.778,53.3
2021,92,625831,-1.78475635798873,-1.782,66.7
2021,93,625831,-1.75981712288875,-1.798,54.2
2021,94,625831,-1.52719471947195,-1.788,24.9
2021,95,625831,-1.48598621626869,-1.766,30.3
2021,96,625831,-1.53329974762182,-1.732,16.6
2021,97,625831,-1.58512929528247,-1.712,10.9
2021,98,625831,-1.60450029120559,-1.696,28.2
2021,99,625831,-1.7148619685498,-1.706,68.1
2021,100,625831,-1.71240069889342,-1.726,67.7
2021,101,625831,-1.70506988934187,-1.758,53
2021,102,625831,-1.75590060182488,-1.776,16.4
2021,103,625831,-1.76791360900795,-1.788,6
2021,104,625831,-1.76661230828963,-1.774,6.5
2021,105,625831,-1.34269171034751,-1.712,18
2021,106,625831,-1.09831760823141,-1.612,32.3
2021,107,625831,-1.02784876722967,-1.504,43.1
2021,108,625831,-1.01087303436226,-1.402,44.8
2021,109,625831,-0.711873616773442,-1.202,38.3
2021,110,625831,-0.357341487089886,-0.982,33.3
2021,111,625831,-0.238539506891866,-0.784,28.5
2021,112,625831,-0.24053038245001,-0.596,14.3
2021,113,625831,-0.399584352552903,-0.432,28.4
2021,114,625831,-0.649403999223452,-0.45,23.7
2021,115,625831,-0.713257814016696,-0.558,9.8
2021,116,625831,0.0958406134731115,-0.474,0
2021,117,625831,0.205752475247524,-0.35,6.8
2021,118,625831,0.188175888177052,-0.184,6.2
2021,119,625831,0.144729178800232,0.046,13.7
2021,120,625831,0.178054164239953,0.306,13.2
2021,121,625831,-0.503998835177636,0.264,9.7
2021,122,625831,-0.120244612696564,0.23,0
2021,123,625831,0.00846825859056443,0.236,0
2021,124,625831,0.0522040380508634,0.266,0
2021,125,625831,0.166803727431566,0.322,0
2021,126,625831,0.363880605707629,0.492,0
2021,127,625831,0.315809357406329,0.594,0
2021,128,625831,0.24813977868375,0.634,0
2021,129,625831,0.48188584740827,0.694,0
2021,130,625831,0.981783148903125,0.842,0
2021,131,625831,1.36793244030285,1.044,0
2021,132,625831,1.55063405164046,1.296,0
2021,133,625831,1.5814967967385,1.588,0
2021,134,625831,1.61052533488643,1.872,0
2021,135,625831,1.50112250048534,2.006,0
2021,136,625831,1.60155018443021,2.096,0
2021,137,625831,1.67298427489808,2.162,0
2021,138,625831,2.06968413900213,2.266,0
2021,139,625831,2.0008990487284,2.338,0
2021,140,625831,1.95212327703359,2.426,0
2021,141,625831,1.98451523975927,2.502,0
2021,142,625831,2.41793651718113,2.672,0
2021,143,625831,2.62880217433508,2.812,0
2021,144,625831,2.48510677538342,2.958,0
2021,145,625831,2.43220209668026,3.14,0
2021,146,625831,2.35033372160745,3.29,0
2021,147,625831,2.52731527858668,3.348,0
2021,148,625831,3.18401494855368,3.508,0
2021,149,625831,3.517964861192,3.714,0
2021,150,625831,3.5006095903708,3.908,0
2021,151,625831,3.5757709182683,4.164,0
2021,152,625831,4.22296156086197,4.474,0
2021,153,625831,4.30296622015143,4.646,0
2021,154,625831,4.08955387303436,4.75,0
2021,155,625831,4.05682022908173,4.876,0
2021,156,625831,4.45499922345175,4.918,0
2021,157,625831,4.53411687051058,4.918,0
2021,158,625831,4.53501727819841,4.9,0
2021,159,625831,4.59944224422442,5.008,0
2021,160,625831,4.55477460687245,5.11,0
2021,161,625831,4.5060460104834,5.25,0
2021,162,625831,5.0019079790332,5.494,0
2021,163,625831,5.56747447097651,5.94,0
2021,164,625831,5.49228887594642,6.274,0
2021,165,625831,5.45171830712483,6.454,0
2021,166,625831,5.98538109105028,6.7,0
2021,167,625831,5.91822345175694,6.78,0
2021,168,625831,6.09079790331974,6.692,0
2021,169,625831,6.33829528246942,6.682,0
2021,170,625831,6.86279324403028,6.988,0
2021,171,625831,7.89668472141331,7.308,0
2021,172,625831,8.36055775577557,7.724,0
2021,173,625831,8.50698874005048,8.144,0
2021,174,625831,9.02627276257038,8.56,0
2021,175,625831,9.20858823529412,8.822,0
2021,176,625831,8.42617782954767,8.81,0
2021,177,625831,7.74960279557367,8.7,0
2021,178,625831,7.62236536594836,8.572,0
2021,179,625831,7.40446107551931,8.378,0
2021,180,625831,7.55490293146962,8.156,0
2021,181,625831,7.14485070860027,8.008,0
2021,182,625831,7.00993438167346,7.942,0
2022,60,625831,-1.57898388662396,-1.64,25.4
2022,61,625831,-1.54997728596389,-1.61,25.8
2022,62,625831,-1.53373810910503,-1.6,13.6
2022,63,625831,-1.50640341681227,-1.59,19.2
2022,64,625831,-1.41139798097457,-1.596,11.4
2022,65,625831,-1.47909939817511,-1.6,19.1
2022,66,625831,-1.47077285963891,-1.62,16.1
2022,67,625831,-1.43201805474665,-1.626,28.4
2022,68,625831,-1.42013764317608,-1.63,17.9
2022,69,625831,-1.45952630557173,-1.578,0
2022,70,625831,-1.32064434090468,-1.45,25.1
2022,71,625831,-1.34426033779849,-1.31,31
2022,72,625831,-1.46838691516211,-1.254,28
2022,73,625831,-1.45549039021549,-1.214,4.4
2022,74,625831,-1.45580062123859,-1.222,23.3
2022,75,625831,-1.47763715783343,-1.302,59.8
2022,76,625831,-1.58707493690546,-1.412,91.4
2022,77,625831,-1.79995185400892,-1.504,96.6
2022,78,625831,-1.79982178217821,-1.586,86.9
2022,79,625831,-1.79962123859444,-1.664,80.2
2022,80,625831,-1.79888429431177,-1.736,81.7
2022,81,625831,-1.79872316055134,-1.786,79.8
2022,82,625831,-1.79899281692874,-1.782,79.2
2022,83,625831,-1.79934459328284,-1.774,78.3
2022,84,625831,-1.79851291011452,-1.762,79.3
2022,85,625831,-1.79882469423412,-1.758,93
2022,86,625831,-1.79726635604735,-1.75,68.2
2022,87,625831,-1.79148301300717,-1.74,46.2
2022,88,625831,-1.76365365948359,-1.708,42
2022,89,625831,-1.70385595030091,-1.664,38.4
2022,90,625831,-1.58545738691516,-1.6,30
2022,91,625831,-1.47223937099592,-1.516,7
2022,92,625831,-1.35945466899631,-1.41,0
2022,93,625831,-1.44422151038633,-1.344,0
2022,94,625831,-1.31919957289847,-1.268,0
2022,95,625831,-1.29565657153951,-1.206,0
2022,96,625831,-1.24142050087362,-1.166,0
2022,97,625831,-1.6306051252184,-1.26,5.2
2022,98,625831,-1.56905222286934,-1.318,43.3
2022,99,625831,-1.4959099204038,-1.368,72.2
2022,100,625831,-1.40903727431567,-1.396,65.5
2022,101,625831,-1.21379363230441,-1.408,0
2022,102,625831,-1.19253077072413,-1.292,0
2022,103,625831,-1.32269093379926,-1.198,0
2022,104,625831,-0.674304795185401,-1.006,0
2022,105,625831,-0.678955154338964,-0.832,0
2022,106,625831,-0.682689574839837,-0.668,0
2022,107,625831,-0.759760629004078,-0.52,0
2022,108,625831,-0.78867753834207,-0.378,0
2022,109,625831,-0.742280528052806,-0.35,0
2022,110,625831,-0.621820811492915,-0.292,0
2022,111,625831,-0.483579304989323,-0.234,0
2022,112,625831,-0.144625897883906,-0.15,0
2022,113,625831,-0.0338945835760051,-0.028,0
2022,114,625831,-0.352688992428655,0.072,0
2022,115,625831,0.709743350805668,0.206,0
2022,116,625831,0.843458940011647,0.356,0
2022,117,625831,0.813051058046981,0.534,0
2022,118,625831,0.764483013007182,0.672,0
2022,119,625831,0.727791885070859,0.804,0
2022,120,625831,0.830158027567462,0.876,0
2022,121,625831,1.41290001941371,1.072,0
2022,122,625831,1.4348693457581,1.21,0
2022,123,625831,1.49387458745875,1.364,0
2022,124,625831,1.53640302853815,1.556,0
2022,125,625831,1.43553329450592,1.74,0
2022,126,625831,1.41016385167929,1.766,0
2022,127,625831,1.39601028926422,1.78,0
2022,128,625831,1.93363754610755,1.824,0
2022,129,625831,1.98024150650359,1.824,0
2022,130,625831,1.93812327703359,1.796,0
2022,131,625831,1.89168569209862,1.816,0
2022,132,625831,2.18575946418171,1.998,0
2022,133,625831,2.55680683362454,2.166,0
2022,134,625831,2.60827625703747,2.362,0
2022,135,625831,2.69651621044457,2.612,0
2022,136,625831,2.83371228887594,2.866,0
2022,137,625831,3.07417045233935,3.016,0
2022,138,625831,3.20747738303242,3.184,0
2022,139,625831,3.37492506309454,3.386,0
2022,140,625831,3.34791923898272,3.548,0
2022,141,625831,3.49983731314307,3.714,0
2022,142,625831,3.69592933410988,3.898,0
2022,143,625831,4.11429877693652,4.092,0
2022,144,625831,4.14122558726461,4.23,0
2022,145,625831,4.09223587652883,4.376,0
2022,146,625831,4.00282450009707,4.492,0
2022,147,625831,4.74939409823335,4.622,0
2022,148,625831,4.98247738303242,4.81,0
2022,149,625831,4.96138109105028,5.014,0
2022,150,625831,4.97693884682586,5.22,0
2022,151,625831,6.49705979421472,5.442,0
2022,152,625831,6.71387478159581,5.844,0
2022,153,625831,6.50247815958067,6.21,0
2022,154,625831,6.62983110075714,6.626,0
2022,155,625831,6.48900232964473,7.022,0
2022,156,625831,6.69202814987381,7.424,0
2022,157,625831,8.10656435643564,7.832,0
2022,158,625831,8.02775771694817,8.164,0
2022,159,625831,8.01554863133372,8.384,0
2022,160,625831,8.14298485730926,8.6,0
2022,161,625831,8.36183090662008,8.744,0
2022,162,625831,8.45211570568822,8.596,0
2022,163,625831,8.20492797515046,8.408,0
2022,164,625831,7.83541098815763,8.278,0
2022,165,625831,7.71688875946419,8.234,0
2022,166,625831,7.07320811492914,7.968,0
2022,167,625831,7.00823471170647,7.822,0
2022,168,625831,6.84340264026403,7.676,0
2022,169,625831,7.64737080178607,7.768,0
2022,170,625831,8.37126635604738,7.882,0
2022,171,625831,8.41518132401475,8.246,0
2022,172,625831,8.42995476606485,8.534,0
2022,173,625831,8.03492681032811,8.824,0
2022,174,625831,7.46524480683363,8.814,0
2022,175,625831,7.27458551737526,8.694,0
2022,176,625831,7.53103572121918,8.496,0
2022,177,625831,7.36323665307707,8.25,0
2022,178,625831,8.12486779266162,8.222,0
2022,179,625831,8.0942642205397,8.236,0
2022,180,625831,9.00301708406135,8.42,0
2022,181,625831,9.44176392933411,8.814,0
2022,182,625831,9.75322500485343,9.302,0
2023,60,625831,-1.50257483983692,-1.53,33.6
2023,61,625831,-1.72367229664142,-1.615,82.2
2023,62,625831,-1.79281498738108,-1.67333333333333,88.9
2023,63,625831,-1.78849796156086,-1.7025,88.2
2023,64,625831,-1.70575927004465,-1.712,72.4
2023,65,625831,-1.4612686856921,-1.724,41.2
2023,66,625831,-1.13352630557173,-1.658,0
2023,67,625831,-1.11692506309455,-1.556,7.1
2023,68,625831,-1.126741215298,-1.444,5.4
2023,69,625831,-1.13760240729955,-1.33,18.9
2023,70,625831,-1.38502135507669,-1.282,50.5
2023,71,625831,-1.6338980780431,-1.296,57
2023,72,625831,-1.78972646088136,-1.352,62.8
2023,73,625831,-1.79558881770529,-1.458,73.8
2023,74,625831,-1.79842962531546,-1.574,77.2
2023,75,625831,-1.79992894583575,-1.66,82.6
2023,76,625831,-1.79932770335856,-1.714,89.6
2023,77,625831,-1.79886546301687,-1.736,89.1
2023,78,625831,-1.75732770335857,-1.718,94.4
2023,79,625831,-1.70775150456222,-1.7,83.2
2023,80,625831,-1.69541622985828,-1.682,69.4
2023,81,625831,-1.70578955542613,-1.684,70.1
2023,82,625831,-1.75481382255873,-1.696,68.5
2023,83,625831,-1.79954183653658,-1.702,64.3
2023,84,625831,-1.79944593282857,-1.71,66.6
2023,85,625831,-1.78986623956513,-1.714,71.7
2023,86,625831,-1.72077654824306,-1.7,59.8
2023,87,625831,-1.72915511551155,-1.686,63.1
2023,88,625831,-1.69465618326538,-1.676,47.2
2023,89,625831,-1.60821995728985,-1.65,40.5
2023,90,625831,-1.66672063676956,-1.642,39.8
2023,91,625831,-1.72938575033974,-1.652,52.8
2023,92,625831,-1.73592273344981,-1.664,58.9
2023,93,625831,-1.74104465152397,-1.672,61.6
2023,94,625831,-1.79858998252765,-1.704,62.5
2023,95,625831,-1.799865851291,-1.724,69
2023,96,625831,-1.79999999999999,-1.742,84.1
2023,97,625831,-1.79999999999999,-1.756,94.7
2023,98,625831,-1.79976159968937,-1.772,87.4
2023,99,625831,-1.79999999999999,-1.782,89.5
2023,100,625831,-1.79504018637158,-1.788,82.6
2023,101,625831,-1.77101417200543,-1.786,80.8
2023,102,625831,-1.74834168122694,-1.78,74
2023,103,625831,-1.75677674238012,-1.778,70.1
2023,104,625831,-1.7893616773442,-1.778,76.8
2023,105,625831,-1.79999999999999,-1.778,82.6
2023,106,625831,-1.79999999999999,-1.782,81.2
2023,107,625831,-1.79930809551543,-1.79,85.3
2023,108,625831,-1.79676024072995,-1.798,87.6
2023,109,625831,-1.51156125024267,-1.734,83.4
2023,110,625831,-1.1104606872452,-1.612,85.9
2023,111,625831,-0.931392350999807,-1.456,56.8
2023,112,625831,-0.852155115511551,-1.286,32.1
2023,113,625831,-0.948048340128132,-1.136,0
2023,114,625831,-0.987184624344788,-1.052,0
2023,115,625831,-0.990976703552709,-1.006,0
2023,116,625831,-1.09742846049311,-0.99,0
2023,117,625831,-1.29333721607455,-1.04,0
2023,118,625831,-0.991752669384586,-0.99,0
2023,119,625831,-0.760999029314697,-0.942,0
2023,120,625831,-0.759106581246361,-0.914,0
2023,121,625831,-0.761202679091439,-0.892,0
2023,122,625831,-0.764129877693653,-0.812,0
2023,123,625831,-0.765184624344788,-0.796,0
2023,124,625831,-0.73521549213745,-0.73,0
2023,125,625831,-0.537929528246943,-0.622,0
2023,126,625831,-0.185506697728597,-0.462,0
2023,127,625831,-0.119562415065036,-0.3,0
2023,128,625831,-0.0991621044457392,-0.146,0
2023,129,625831,-0.0770209668025631,-0.034,0
2023,130,625831,0.234541059988351,0.112,0
2023,131,625831,0.290254125412541,0.268,0
2023,132,625831,0.26978936128907,0.408,0
2023,133,625831,0.262268103280916,0.508,0
2023,134,625831,0.604214715589206,0.64,0
2023,135,625831,0.282078431372548,0.694,0
2023,136,625831,0.582429819452533,0.71,0
2023,137,625831,0.821246942341292,0.876,0
2023,138,625831,0.808913609007959,1.106,0
2023,139,625831,0.810980974568044,1.316,0
2023,140,625831,0.905573286740438,1.558,0
2023,141,625831,1.24611667637352,1.826,0
2023,142,625831,1.59311395845467,1.982,0
2023,143,625831,1.87960201902543,2.178,0
2023,144,625831,1.83249077848961,2.41,0
2023,145,625831,1.66111745292176,2.594,0
2023,146,625831,1.64437274315667,2.728,0
2023,147,625831,1.53092913997282,2.828,0
2023,148,625831,1.79693457581052,2.882,0
2023,149,625831,2.0199044845661,2.814,0
2023,150,625831,2.02967423801204,2.724,0
2023,151,625831,2.04883634245778,2.65,0
2023,152,625831,2.18553135313531,2.622,0
2023,153,625831,2.3442642205397,2.628,0
2023,154,625831,2.67507901378373,2.792,0
2023,155,625831,3.08483304212774,3.038,0
2023,156,625831,3.29799029314696,3.282,0
2023,157,625831,3.27558415841584,3.548,0
2023,158,625831,3.24087070471753,3.786,0
2023,159,625831,2.70970549407882,3.842,0
2023,160,625831,3.66129237041351,4.026,0
2023,161,625831,3.44206833624538,4.17,0
2023,162,625831,3.54000038827412,4.262,0
2023,163,625831,3.71137390797903,4.336,0
2023,164,625831,3.99180450397981,4.59,0
2023,165,625831,4.01481556979227,4.702,0
2023,166,625831,4.26276373519705,4.886,0
2023,167,625831,4.46710522228693,5.068,0
2023,168,625831,4.562894583576,5.21,0
2023,169,625831,4.28727819840807,5.188,0
2023,170,625831,4.52759503009124,5.192,0
2023,171,625831,4.76771888953601,5.182,0
2023,172,625831,5.05269675791109,5.188,0
2023,173,625831,5.46735682391768,5.314,0
2023,174,625831,5.7442182100563,5.608,0
2023,175,625831,5.94656629780625,5.876,0
2023,176,625831,5.85023781789944,6.098,0
2023,177,625831,5.71596622015143,6.302,0
2023,178,625831,5.78903009124442,6.416,0
2023,179,625831,5.80672180159193,6.408,0
2023,180,625831,5.91712560667832,6.382,0
2023,181,625831,6.27677014172005,6.428,0
2023,182,625831,6.20327237429625,6.514,0
2024,61,625831,-1.79999999999999,-1.8,97.2
2024,62,625831,-1.79999999999999,-1.8,96
2024,63,625831,-1.788377014172,-1.79333333333333,93.5
2024,64,625831,-1.76301708406134,-1.785,88.1
2024,65,625831,-1.70966763735197,-1.768,80.1
2024,66,625831,-1.66637429625315,-1.746,73
2024,67,625831,-1.68974354494273,-1.726,66
2024,68,625831,-1.7820776548243,-1.728,77.6
2024,69,625831,-1.79999999999999,-1.736,90.5
2024,70,625831,-1.79999999999999,-1.756,94.5
2024,71,625831,-1.79999767035526,-1.778,99.2
2024,72,625831,-1.79991457969326,-1.798,98.2
2024,73,625831,-1.79953426519122,-1.8,95.8
2024,74,625831,-1.79882741215298,-1.8,94.8
2024,75,625831,-1.79930673655601,-1.8,92.1
2024,76,625831,-1.79891846243448,-1.8,93.7
2024,77,625831,-1.79872976121142,-1.8,94.2
2024,78,625831,-1.79994214715589,-1.8,92.4
2024,79,625831,-1.79999999999999,-1.8,74.7
2024,80,625831,-1.79999262279168,-1.796,76.8
2024,81,625831,-1.79802096680255,-1.788,77.2
2024,82,625831,-1.75874373907978,-1.768,57.6
2024,83,625831,-1.75667695593088,-1.756,55.2
2024,84,625831,-1.66379654436032,-1.724,0
2024,85,625831,-1.79999999999999,-1.728,27.1
2024,86,625831,-1.79999999999999,-1.736,71.4
2024,87,625831,-1.79999999999999,-1.75,71.4
2024,88,625831,-1.79999747621819,-1.75,40.5
2024,89,625831,-1.79999708794408,-1.77,27.9
2024,90,625831,-1.55471655989128,-1.722,21.6
2024,91,625831,-1.6019638905067,-1.674,16.9
2024,92,625831,-1.77313803145019,-1.666,43.4
2024,93,625831,-1.79999999999999,-1.678,79.6
2024,94,625831,-1.78022481071636,-1.686,66.3
2024,95,625831,-1.75689458357599,-1.724,59
2024,96,625831,-1.74699223451756,-1.76,42.6
2024,97,625831,-1.77258881770529,-1.766,42.9
2024,98,625831,-1.7177961560862,-1.758,31.4
2024,99,625831,-1.71926247330615,-1.754,33.7
2024,100,625831,-1.77695826053195,-1.764,61
2024,101,625831,-1.79788487672296,-1.776,86.2
2024,102,625831,-1.79999999999999,-1.784,91.5
2024,103,625831,-1.79965909532129,-1.79,69
2024,104,625831,-1.79999999999999,-1.798,77.4
2024,105,625831,-1.79999999999999,-1.798,70.9
2024,106,625831,-1.79999999999999,-1.798,65.2
2024,107,625831,-1.76583964278781,-1.792,58
2024,108,625831,-1.68870665890118,-1.772,51.9
2024,109,625831,-1.72135973597359,-1.75,58.4
2024,110,625831,-1.76225218404193,-1.718,57.8
2024,111,625831,-1.65064977674238,-1.656,50.8
2024,112,625831,-1.28951232770336,-1.496,43.4
2024,113,625831,-1.27593593476995,-1.354,46.1
2024,114,625831,-1.29293651718113,-1.214,19.2
2024,115,625831,-1.28115822170452,-1.086,0
2024,116,625831,-1.24218326538536,-0.978,0
2024,117,625831,-1.38858163463405,-0.974,0
2024,118,625831,-1.40608872063677,-0.978,0
2024,119,625831,-0.852782372354884,-0.946,0
2024,120,625831,-0.010429819452534,-0.866,0
2024,121,625831,0.257797515045622,-0.748,0
2024,122,625831,0.026286158027567,-0.53,0
2024,123,625831,-0.0688767229664148,-0.294,0
2024,124,625831,-0.0910446515239763,-0.094,0
2024,125,625831,-0.199712677150069,0.048,0
2024,126,625831,-0.347119782566493,0.134,0
2024,127,625831,-0.465577751892837,0.136,0
2024,128,625831,-0.130920209668026,0.168,0
2024,129,625831,-0.138752863521647,0.196,0
2024,130,625831,-0.180960590176666,0.21,0
2024,131,625831,-0.205832847990682,0.228,0
2024,132,625831,0.208457775189283,0.298,0
2024,133,625831,0.478246554067171,0.366,0
2024,134,625831,0.458172393709958,0.444,0
2024,135,625831,0.424274703940982,0.544,0
2024,136,625831,0.503993399339933,0.684,0
2024,137,625831,0.528158998252767,0.816,0
2024,138,625831,0.565324597165598,0.906,0
2024,139,625831,0.680659677732478,1.002,0
2024,140,625831,0.889006794797126,1.124,0
2024,141,625831,1.00943020772665,1.202,0
2024,142,625831,0.974191613278974,1.226,0
2024,143,625831,0.910809939817511,1.234,0
2024,144,625831,0.883625703746845,1.248,0
2024,145,625831,0.95618792467482,1.266,0
2024,146,625831,1.16652572316055,1.31,0
2024,147,625831,1.36621937487866,1.346,0
2024,148,625831,1.60397553873034,1.492,0
2024,149,625831,1.67265773636187,1.654,0
2024,150,625831,1.72870316443409,1.808,0
2024,151,625831,1.61257173364395,1.878,0
2024,152,625831,1.69318132401475,2.052,0
2024,153,625831,2.0047456804504,2.168,0
2024,154,625831,2.10696175499903,2.272,0
2024,155,625831,2.27705241700641,2.374,0
2024,156,625831,2.31485342651912,2.562,0
2024,157,625831,2.16255853232382,2.632,0
2024,158,625831,2.16632401475441,2.682,0
2024,159,625831,2.38901184236071,2.732,0
2024,160,625831,2.86621840419336,2.812,0
2024,161,625831,3.59311395845467,2.99,0
2024,162,625831,3.9820910502815,3.226,0
2024,163,625831,3.94195243642011,3.448,0
2024,164,625831,4.02254436031838,3.668,0
2024,165,625831,3.96146107551931,3.82,0
2024,166,625831,4.30043409046787,3.902,0
2024,167,625831,4.81976606484178,4.192,0
2024,168,625831,4.98746437584935,4.566,0
2024,169,625831,5.2644220539701,4.942,0
2024,170,625831,5.80963308095515,5.436,0
2024,171,625831,6.5010875558144,5.95,0
2024,172,625831,5.87697825664919,6.04,0
2024,173,625831,5.78794078819647,6.104,0
2024,174,625831,5.78774898078043,6.194,0
2024,175,625831,5.86879926227916,6.248,0
2024,176,625831,5.98046049310813,6.24,0
2024,177,625831,6.23252999417589,6.45,0
2024,178,625831,6.42783692486896,6.644,0
2024,179,625831,6.49488526499709,6.764,0
2024,180,625831,6.44830110658125,6.84,0
2024,181,625831,6.39708949718501,6.976,0
2024,182,625831,6.3548955542613,7.048,0
