Time,Qnet
19910101,-3.64
19910102,-3.48
19910103,0.46
19910104,-0.23
19910105,-0.41
19910106,-1.95
19910107,-2.96
19910108,-3.92
19910109,-3.78
19910110,-8.36
19910111,-18.95
19910112,-21.56
19910113,-16.92
19910114,-10.61
19910115,-27.51
19910116,-33.27
19910117,-21.44
19910118,-3.9
19910119,-1.3
19910120,-5.51
19910121,1.91
19910122,2.35
19910123,-1.4
19910124,-0.22
19910125,0.2
19910126,1.32
19910127,-0.03
19910128,-2.72
19910129,-6.23
19910130,-10.69
19910131,-16.94
19910201,-28.17
19910202,-34.23
19910203,-26.98
19910204,-18.43
19910205,-20.98
19910206,-13.4
19910207,-5.93
19910208,-14.08
19910209,1.02
19910210,1.23
19910211,0.94
19910212,-1.83
19910213,-5.76
19910214,-11.96
19910215,-8.18
19910216,-5.85
19910217,-4.33
19910218,-7.63
19910219,-9.25
19910220,-8.1
19910221,-7.15
19910222,-7.14
19910223,-1.44
19910224,-4.21
19910225,0.38
19910226,4.94
19910227,4.73
19910228,3.01
19910301,1.22
19910302,-0.15
19910303,1.59
19910304,1.97
19910305,1.88
19910306,1.92
19910307,-4.26
19910308,-2.13
19910309,-2.2
19910310,2.33
19910311,-1
19910312,2.36
19910313,-1.46
19910314,-6.01
19910315,-5.01
19910316,4.47
19910317,-6.78
19910318,-17.22
19910319,-11.62
19910320,2.05
19910321,2.55
19910322,5.56
19910323,3.68
19910324,2.92
19910325,4.22
19910326,5.19
19910327,0.31
19910328,-2.05
19910329,-9.43
19910330,-2.78
19910331,-1.4
19910401,3.53
19910402,1.71
19910403,3.21
19910404,1.57
19910405,-1.22
19910406,0.41
19910407,2.36
19910408,1.26
19910409,-2.94
19910410,-1.42
19910411,-1.86
19910412,0.99
19910413,6.12
19910414,4.19
19910415,2.4
19910416,3.05
19910417,6.24
19910418,2.5
19910419,6.75
19910420,5.35
19910421,5.82
19910422,1.9
19910423,3.31
19910424,4.01
19910425,4.8
19910426,4.33
19910427,6.13
19910428,6.12
19910429,2.64
19910430,5.45
19910501,7.44
19910502,7.37
19910503,7.64
19910504,3.76
19910505,7.85
19910506,7.85
19910507,7.67
19910508,1.48
19910509,4.71
19910510,4.78
19910511,6.4
19910512,8.01
19910513,7.18
19910514,7.51
19910515,7.23
19910516,7.54
19910517,2.5
19910518,8.32
19910519,6.49
19910520,8.75
19910521,9.12
19910522,9.01
19910523,6.6
19910524,7.12
19910525,8.51
19910526,8.32
19910527,7.33
19910528,5.9
19910529,6.01
19910530,4.05
19910531,4.76
19910601,6.96
19910602,6.06
19910603,7.77
19910604,8.39
19910605,9.82
19910606,6.19
19910607,6.9
19910608,10.01
19910609,9.38
19910610,8.14
19910611,6.34
19910612,4.08
19910613,9.39
19910614,7.57
19910615,4.78
19910616,2.7
19910617,3.06
19910618,7.11
19910619,8.73
19910620,8.31
19910621,8.2
19910622,7.99
19910623,4.34
19910624,4.49
19910625,3.78
19910626,2.72
19910627,3.42
19910628,5.22
19910629,8.53
19910630,6.1
19910701,7.37
19910702,8.2
19910703,10.06
19910704,10.86
19910705,7.67
19910706,9.45
19910707,8.46
19910708,7.47
19910709,6.12
19910710,5.25
19910711,6.8
19910712,4.88
19910713,5.01
19910714,2.43
19910715,4.33
19910716,-0.11
19910717,4.04
19910718,5.07
19910719,4.86
19910720,3.12
19910721,6.34
19910722,8.4
19910723,8.25
19910724,5.42
19910725,7.82
19910726,4.03
19910727,3.65
19910728,2.62
19910729,3.93
19910730,5.29
19910731,5.17
19910801,4.95
19910802,6.41
19910803,4.76
19910804,3.41
19910805,8.17
19910806,7.26
19910807,2.08
19910808,0.22
19910809,3.12
19910810,6.15
19910811,5.95
19910812,3.8
19910813,2.58
19910814,1.41
19910815,4.93
19910816,4.25
19910817,5.73
19910818,1.21
19910819,4.66
19910820,2.88
19910821,4.16
19910822,3.75
19910823,1.14
19910824,6.15
19910825,1.35
19910826,2.12
19910827,3.62
19910828,0.49
19910829,1.61
19910830,2.03
19910831,1.42
19910901,0.34
19910902,3.62
19910903,2.07
19910904,2.21
19910905,3.39
19910906,2.29
19910907,2.3
19910908,2.19
19910909,3.4
19910910,2.05
19910911,2.99
19910912,-1.35
19910913,-0.85
19910914,1.61
19910915,1.43
19910916,1.78
19910917,1.41
19910918,1.19
19910919,0.2
19910920,-1.47
19910921,-0.44
19910922,-0.69
19910923,1.68
19910924,0.79
19910925,-2.4
19910926,-3.94
19910927,0.18
19910928,0.18
19910929,-0.68
19910930,-1.21
19911001,-1.83
19911002,0.48
19911003,0.31
19911004,-1.28
19911005,-3.02
19911006,-0.91
19911007,-2.54
19911008,-7.65
19911009,-8.7
19911010,-4.28
19911011,-1.2
19911012,-0.64
19911013,-8.01
19911014,-8.71
19911015,-4.41
19911016,0.27
19911017,0.78
19911018,-1.54
19911019,-5.04
19911020,-3.99
19911021,-3.34
19911022,-0.72
19911023,0.42
19911024,-1.51
19911025,-4.35
19911026,1.06
19911027,-0.26
19911028,-1.47
19911029,-0.41
19911030,-0.46
19911031,2.65
19911101,1.1
19911102,-0.72
19911103,-0.62
19911104,-1.09
19911105,-1.19
19911106,0.17
19911107,-1.2
19911108,-0.32
19911109,-8.23
19911110,-15.89
19911111,-8.27
19911112,-7.27
19911113,-4.34
19911114,-2.84
19911115,-3.09
19911116,-4.82
19911117,-10.47
19911118,-17.33
19911119,-14.8
19911120,-6.05
19911121,-2.56
19911122,-6.73
19911123,-19.27
19911124,-20.71
19911125,-14.13
19911126,-4.85
19911127,-4.2
19911128,-1.81
19911129,-2.59
19911130,-3.33
19911201,-3.49
19911202,-1.94
19911203,0.43
19911204,-1.22
19911205,-9.32
19911206,-4.08
19911207,-7.34
19911208,-6.83
19911209,-5.74
19911210,-6.54
19911211,-6.14
19911212,-7.61
19911213,-4.55
19911214,-4.92
19911215,-8.89
19911216,-10.18
19911217,-8.72
19911218,-7.76
19911219,-12.17
19911220,-11.24
19911221,-14.06
19911222,-4.07
19911223,-19.78
19911224,-26.51
19911225,-15.41
19911226,-7.51
19911227,-15.01
19911228,-9.73
19911229,-17.98
19911230,-9.47
19911231,-7.89
19920101,-4.14
19920102,-5.87
19920103,-6.5
19920104,-5.77
19920105,-3.37
19920106,-2.21
19920107,-7.52
19920108,-8.6
19920109,-9.14
19920110,-5.23
19920111,-5.12
19920112,-1.78
19920113,-4.05
19920114,-2.2
19920115,-3.01
19920116,-2.86
19920117,-3.39
19920118,-3.44
19920119,-1.65
19920120,-1.91
19920121,-2.2
19920122,-1.26
19920123,-0.48
19920124,-2.11
19920125,-4.4
19920126,-5.71
19920127,-15.92
19920128,-19.82
19920129,-20.51
19920130,-20.06
19920131,-12.88
19920201,-9.8
19920202,-12.38
19920203,-9.54
19920204,-7.96
19920205,-9.78
19920206,-10.37
19920207,-2.63
19920208,1.69
19920209,0.75
19920210,-1.72
19920211,1.23
19920212,-1.77
19920213,-1.92
19920214,-0.45
19920215,0.01
19920216,-0.76
19920217,-1.22
19920218,-1.34
19920219,-3.51
19920220,-5.08
19920221,-17.8
19920222,-17.61
19920223,-17.28
19920224,-15.65
19920225,-7.68
19920226,-5.18
19920227,-5.7
19920228,-7.86
19920229,-7.39
19920301,-2.42
19920302,-0.96
19920303,-0.53
19920304,-0.92
19920305,-4.47
19920306,-0.78
19920307,-1.94
19920308,-3.32
19920309,-0.38
19920310,-5.5
19920311,-4.81
19920312,-0.01
19920313,-1.68
19920314,1
19920315,1.46
19920316,1.42
19920317,1.14
19920318,3.37
19920319,0.8
19920320,-8.59
19920321,-5.09
19920322,-0.36
19920323,2.2
19920324,1.27
19920325,-4.99
19920326,0.08
19920327,0.27
19920328,3.14
19920329,1.64
19920330,0.4
19920331,-3.12
19920401,-7.66
19920402,-3.71
19920403,-0.78
19920404,0.31
19920405,2.22
19920406,2.41
19920407,1.6
19920408,2.59
19920409,2.27
19920410,1.1
19920411,-2.04
19920412,-5.12
19920413,-2.68
19920414,4.32
19920415,5.7
19920416,5.94
19920417,5.31
19920418,6.42
19920419,3.76
19920420,1.19
19920421,3.3
19920422,1.56
19920423,4.36
19920424,6.85
19920425,5.74
19920426,3.97
19920427,3.34
19920428,3.34
19920429,3.41
19920430,3.65
19920501,1.96
19920502,0.35
19920503,-1.04
19920504,-1.94
19920505,0.34
19920506,2.2
19920507,2.27
19920508,-0.09
19920509,3.47
19920510,6.03
19920511,3.69
19920512,4.54
19920513,6.22
19920514,6.89
19920515,4.06
19920516,6.09
19920517,7.47
19920518,8.24
19920519,8.38
19920520,8.73
19920521,8.89
19920522,9.41
19920523,9.48
19920524,8.56
19920525,9.84
19920526,7.36
19920527,7.74
19920528,9.18
19920529,9.1
19920530,9.47
19920531,6.54
19920601,7.39
19920602,9.7
19920603,5.99
19920604,8.51
19920605,8.45
19920606,8.79
19920607,8.32
19920608,9.45
19920609,6.3
19920610,10.13
19920611,8.27
19920612,4.32
19920613,10.69
19920614,8.04
19920615,9.48
19920616,4.16
19920617,3.35
19920618,9.4
19920619,9.69
19920620,8.11
19920621,9.2
19920622,10
19920623,9.23
19920624,9.15
19920625,3.12
19920626,4.74
19920627,5.41
19920628,7.68
19920629,5.41
19920630,5.52
19920701,2.25
19920702,7.17
19920703,6.07
19920704,3.31
19920705,1.53
19920706,1.89
19920707,5.78
19920708,6.73
19920709,5.19
19920710,3.59
19920711,2.89
19920712,2.53
19920713,2.69
19920714,3.08
19920715,6.68
19920716,6.61
19920717,6.2
19920718,6.16
19920719,3.52
19920720,4.02
19920721,4.48
19920722,8.13
19920723,6.83
19920724,5.18
19920725,2.88
19920726,4.33
19920727,2.04
19920728,5.53
19920729,6.71
19920730,5.24
19920731,5.04
19920801,7.76
19920802,7.41
19920803,5.75
19920804,5.24
19920805,0.45
19920806,1.31
19920807,2.93
19920808,3.37
19920809,5.54
19920810,1.29
19920811,3.71
19920812,-0.64
19920813,-1.65
19920814,0.78
19920815,4.93
19920816,1.34
19920817,2.42
19920818,3.7
19920819,1.65
19920820,1.88
19920821,1.87
19920822,3.41
19920823,2.31
19920824,3.69
19920825,1.51
19920826,3.54
19920827,1.51
19920828,4.66
19920829,0.35
19920830,2.85
19920831,0.26
19920901,1.48
19920902,1.45
19920903,1.76
19920904,0.83
19920905,-3.34
19920906,0.56
19920907,1.62
19920908,1.43
19920909,-0.19
19920910,1.13
19920911,1.3
19920912,1.17
19920913,1.74
19920914,2.45
19920915,0.9
19920916,-1.71
19920917,1.89
19920918,-4.93
19920919,-6.09
19920920,-4.87
19920921,-3.72
19920922,-4.56
19920923,-4.76
19920924,-6.19
19920925,-4.52
19920926,-4.41
19920927,-1.19
19920928,-10.36
19920929,-4.7
19920930,0.57
19921001,-0.24
19921002,-6.19
19921003,-5.11
19921004,-7.61
19921005,-6.56
19921006,0.52
19921007,-1.07
19921008,-2.7
19921009,-8.31
19921010,-6.83
19921011,-3.59
19921012,0.02
19921013,-0.8
19921014,-1.71
19921015,0.27
19921016,0.76
19921017,-1.55
19921018,-2
19921019,-5.48
19921020,-7.25
19921021,-12.18
19921022,-10.56
19921023,-6.18
19921024,0.21
19921025,-1.92
19921026,-4.46
19921027,-6.9
19921028,-4.62
19921029,-2.18
19921030,-3.59
19921031,-11.38
19921101,-10.81
19921102,-6.94
19921103,-5.31
19921104,-6.33
19921105,-6.71
19921106,-4.75
19921107,-1.82
19921108,-3.77
19921109,-5.96
19921110,-6.96
19921111,-5.96
19921112,-3.99
19921113,-3.49
19921114,-3.9
19921115,-4.53
19921116,-3.15
19921117,-4.13
19921118,-9.33
19921119,-5.37
19921120,-2.23
19921121,-0.11
19921122,-0.3
19921123,-14.22
19921124,-21.84
19921125,-11.59
19921126,-14.71
19921127,-5.19
19921128,-4.73
19921129,-8.77
19921130,-5.24
19921201,-1.83
19921202,-6.96
19921203,-4.82
19921204,-3.39
19921205,-9.21
19921206,-12.76
19921207,-11.17
19921208,-12.31
19921209,-11.93
19921210,-10.48
19921211,-8.18
19921212,-13.76
19921213,-22.91
19921214,-12.13
19921215,-5.63
19921216,0.92
19921217,-0.02
19921218,-2.45
19921219,-2.39
19921220,-3.14
19921221,-7.25
19921222,-1.02
19921223,0.37
19921224,-0.89
19921225,0.23
19921226,-1.14
19921227,1.05
19921228,-0.2
19921229,-2.69
19921230,0.16
19921231,-2.9
19930101,0.31
19930102,-5.03
19930103,-1.93
19930104,4.01
19930105,0.53
19930106,-1.56
19930107,2.2
19930108,0.21
19930109,-3.1
19930110,0.25
19930111,-1.2
19930112,-3.24
19930113,2.67
19930114,-2.21
19930115,-1.82
19930116,-2.71
19930117,-17.19
19930118,-19.21
19930119,-24.59
19930120,-18.71
19930121,-14.28
19930122,-12.15
19930123,-15.09
19930124,-11.11
19930125,-12.52
19930126,-23.06
19930127,-27.41
19930128,-23.24
19930129,-15.56
19930130,-9.13
19930131,-17.32
19930201,-6.49
19930202,-4.29
19930203,-7.59
19930204,-15.57
19930205,-19.45
19930206,-5.89
19930207,1.72
19930208,-1.68
19930209,-0.88
19930210,-0.6
19930211,2.02
19930212,-0.07
19930213,2.13
19930214,-1.46
19930215,-0.1
19930216,1.94
19930217,0.9
19930218,2.69
19930219,3.06
19930220,0.64
19930221,0.73
19930222,0.65
19930223,2.77
19930224,-0.77
19930225,0.94
19930226,0.5
19930227,-0.81
19930228,-7.49
19930301,-5.28
19930302,-1
19930303,0.24
19930304,-2.1
19930305,-5.45
19930306,-2.33
19930307,-3.59
19930308,-2.25
19930309,-0.32
19930310,-0.99
19930311,-2.93
19930312,-0.16
19930313,2.04
19930314,2.75
19930315,1.8
19930316,3.11
19930317,2.6
19930318,1.6
19930319,0.86
19930320,1.6
19930321,-0.23
19930322,-7.91
19930323,-5.66
19930324,-0.13
19930325,1.69
19930326,3.59
19930327,3.49
19930328,3
19930329,3.67
19930330,3.11
19930331,4.03
19930401,4.56
19930402,4.13
19930403,3.93
19930404,3.69
19930405,4.4
19930406,3.17
19930407,4.06
19930408,4.53
19930409,3.64
19930410,2.2
19930411,1.82
19930412,4.31
19930413,4.31
19930414,4.77
19930415,4.2
19930416,3.58
19930417,1.55
19930418,0.4
19930419,5.15
19930420,5.22
19930421,7.09
19930422,6.45
19930423,5.7
19930424,1.82
19930425,-0.65
19930426,3.86
19930427,5.38
19930428,7.44
19930429,7.07
19930430,7
19930501,3.89
19930502,2.98
19930503,5.69
19930504,7.33
19930505,6.94
19930506,4.74
19930507,0.68
19930508,3.79
19930509,3.44
19930510,2.71
19930511,6.78
19930512,7.21
19930513,6.89
19930514,7.28
19930515,5.31
19930516,7.42
19930517,8.35
19930518,3.43
19930519,7.44
19930520,6.79
19930521,4.23
19930522,7.58
19930523,8.74
19930524,4.37
19930525,3.92
19930526,3.33
19930527,8
19930528,8.89
19930529,7.01
19930530,7.46
19930531,8.57
19930601,8.87
19930602,7.4
19930603,9.39
19930604,9.05
19930605,5.65
19930606,6.72
19930607,9.21
19930608,9.28
19930609,5.17
19930610,4.73
19930611,6.66
19930612,7.66
19930613,5.68
19930614,2.31
19930615,5.88
19930616,5.58
19930617,-0.02
19930618,2.26
19930619,4.98
19930620,8.84
19930621,9.88
19930622,6.97
19930623,6.5
19930624,7.27
19930625,6.2
19930626,0.18
19930627,0.85
19930628,4
19930629,4.46
19930630,7.22
19930701,-0.37
19930702,6.57
19930703,4.17
19930704,7.82
19930705,3.35
19930706,6.4
19930707,7.63
19930708,8.06
19930709,6.18
19930710,8.52
19930711,4.07
19930712,2.91
19930713,5.72
19930714,5.43
19930715,4.78
19930716,8.94
19930717,7.12
19930718,7.32
19930719,9.42
19930720,5.67
19930721,6.33
19930722,8.72
19930723,8.42
19930724,4.34
19930725,5.96
19930726,7.95
19930727,2.45
19930728,5.48
19930729,3.55
19930730,4.81
19930731,5.06
19930801,4.74
19930802,2.02
19930803,0.89
19930804,1.42
19930805,3.06
19930806,3.32
19930807,3.96
19930808,4.75
19930809,4.34
19930810,2.9
19930811,2.27
19930812,3.93
19930813,0.47
19930814,2.33
19930815,-2.2
19930816,-1.14
19930817,2.7
19930818,-0.04
19930819,2.07
19930820,0.8
19930821,3.71
19930822,2.59
19930823,0.64
19930824,1.65
19930825,5.57
19930826,4.17
19930827,3.65
19930828,2.32
19930829,3.65
19930830,2.96
19930831,3.95
19930901,1.94
19930902,2.41
19930903,2.43
19930904,2.99
19930905,0.7
19930906,-0.2
19930907,-0.37
19930908,0.94
19930909,0.68
19930910,0.15
19930911,2.03
19930912,2.68
19930913,0.59
19930914,3.03
19930915,0.16
19930916,-7.61
19930917,-1.79
19930918,-2.68
19930919,-0.99
19930920,-1.9
19930921,-4.97
19930922,-2.77
19930923,-3.01
19930924,-1.77
19930925,-1.17
19930926,-1.4
19930927,-0.43
19930928,-1.25
19930929,1.22
19930930,-0.25
19931001,-7.79
19931002,-2.06
19931003,-1.73
19931004,-4.28
19931005,0.7
19931006,1.76
19931007,-4.94
19931008,-4.38
19931009,-3.24
19931010,-2.02
19931011,0.52
19931012,1.83
19931013,0.77
19931014,-0.49
19931015,-0.02
19931016,-3.24
19931017,-3.59
19931018,-3.75
19931019,-5.43
19931020,-4.36
19931021,-1.62
19931022,-3.81
19931023,-1.96
19931024,-3.11
19931025,-9.31
19931026,-4.93
19931027,-3.05
19931028,-0.13
19931029,-2.01
19931030,-2.03
19931031,-3.06
19931101,-5.74
19931102,-2.55
19931103,-0.88
19931104,-0.42
19931105,-1.28
19931106,-1.58
19931107,-2
19931108,-2.71
19931109,-3.86
19931110,-5.25
19931111,-3.56
19931112,-7.79
19931113,-7.87
19931114,-9.84
19931115,-4.1
19931116,-1.63
19931117,-0.49
19931118,-2.53
19931119,-7.32
19931120,-0.84
19931121,-1.3
19931122,-7.25
19931123,-4.64
19931124,-7.34
19931125,-7.46
19931126,-4.05
19931127,-5.67
19931128,-7.25
19931129,-4.81
19931130,-3.82
19931201,-9.56
19931202,-9.4
19931203,-7.15
19931204,-5.21
19931205,-4.51
19931206,-8.07
19931207,-8.5
19931208,-9.3
19931209,-14.43
19931210,-14.85
19931211,-9.87
19931212,-11.66
19931213,-6.84
19931214,-2.58
19931215,-3.17
19931216,-2.86
19931217,-2.48
19931218,-3.55
19931219,-6.45
19931220,-7.12
19931221,-8.49
19931222,-5.72
19931223,-7.89
19931224,-5.58
19931225,-2.25
19931226,-0.73
19931227,-0.7
19931228,-3.4
19931229,-2.85
19931230,-3.08
19931231,-5.76
19940101,-9.88
19940102,-9.27
19940103,-4.12
19940104,-2.7
19940105,-6.27
19940106,-5.3
19940107,-8.37
19940108,-12.56
19940109,-12.35
19940110,-10.13
19940111,-6.62
19940112,-3.67
19940113,-7.36
19940114,-8.56
19940115,-6.55
19940116,-14.13
19940117,-12.87
19940118,-7.8
19940119,-11.38
19940120,-2.16
19940121,-0.76
19940122,-5.08
19940123,-4.48
19940124,-0.43
19940125,-6.42
19940126,-3.86
19940127,-1.66
19940128,-2.2
19940129,0.03
19940130,2.41
19940131,2.7
19940201,1.08
19940202,-1.49
19940203,-1.47
19940204,-1.5
19940205,1.28
19940206,1.34
19940207,-2.64
19940208,-2.19
19940209,-2.71
19940210,0.12
19940211,-8.62
19940212,-13.14
19940213,-12.2
19940214,-11.41
19940215,-7.09
19940216,-3
19940217,0.81
19940218,-1.75
19940219,-3.25
19940220,-1.16
19940221,-3.21
19940222,-8.39
19940223,-9.67
19940224,-7.27
19940225,-5.69
19940226,-5.3
19940227,-7.39
19940228,-17.93
19940301,-23.03
19940302,-23.91
19940303,-26.81
19940304,-17.49
19940305,-13.56
19940306,-11.01
19940307,3.03
19940308,-0.14
19940309,2.97
19940310,2.86
19940311,2.34
19940312,0.37
19940313,-9.19
19940314,-6.78
19940315,-3.39
19940316,-5.99
19940317,-8.64
19940318,-7.56
19940319,-12.8
19940320,-6.1
19940321,-6.72
19940322,0.49
19940323,-0.21
19940324,-8.27
19940325,-12.76
19940326,-4.94
19940327,2.87
19940328,3.69
19940329,2.75
19940330,2.37
19940331,-0.86
19940401,2.54
19940402,5.11
19940403,2.41
19940404,5.83
19940405,4.57
19940406,3.66
19940407,2.64
19940408,-1.29
19940409,-5.78
19940410,-6.96
19940411,1.73
19940412,-0.56
19940413,1.1
19940414,-6.71
19940415,-4.51
19940416,3.8
19940417,3.01
19940418,3.6
19940419,2.17
19940420,2
19940421,-0.25
19940422,-3.21
19940423,-3.7
19940424,-2.24
19940425,0.79
19940426,3.49
19940427,3.24
19940428,4.9
19940429,5.77
19940430,5.87
19940501,5.19
19940502,5.53
19940503,3.49
19940504,3.34
19940505,5.31
19940506,5.01
19940507,5.45
19940508,5.59
19940509,4.85
19940510,5.02
19940511,0.49
19940512,6.57
19940513,7.13
19940514,6.03
19940515,7.29
19940516,8.03
19940517,3.94
19940518,7.04
19940519,3.87
19940520,6.8
19940521,4.66
19940522,9.58
19940523,3.95
19940524,3.96
19940525,4.35
19940526,2.93
19940527,6.68
19940528,8.36
19940529,3.52
19940530,2.19
19940531,3.8
19940601,5.53
19940602,5.72
19940603,7.91
19940604,7.63
19940605,4.15
19940606,6.14
19940607,6.82
19940608,9.79
19940609,10.42
19940610,9.7
19940611,7.29
19940612,10.09
19940613,8.5
19940614,5.36
19940615,5.28
19940616,8.06
19940617,8.1
19940618,6.69
19940619,3.83
19940620,3.67
19940621,5.28
19940622,5.16
19940623,7.97
19940624,5.81
19940625,7
19940626,8
19940627,8.26
19940628,5.94
19940629,8.08
19940630,3.04
19940701,3.74
19940702,4.71
19940703,3.04
19940704,3.54
19940705,3.27
19940706,7.47
19940707,4.16
19940708,4.59
19940709,3.33
19940710,8.31
19940711,6.64
19940712,6.45
19940713,4.57
19940714,8.73
19940715,6.84
19940716,8.34
19940717,2.97
19940718,8.23
19940719,6.73
19940720,3.32
19940721,1.58
19940722,4.18
19940723,2.45
19940724,2.89
19940725,3.13
19940726,6.78
19940727,4.39
19940728,3.1
19940729,2.63
19940730,5.89
19940731,8.77
19940801,5.96
19940802,2.84
19940803,4.82
19940804,1.57
19940805,2.23
19940806,5.01
19940807,3.48
19940808,3.34
19940809,6.46
19940810,4.03
19940811,5.49
19940812,3.57
19940813,1.99
19940814,4.21
19940815,4.55
19940816,5.68
19940817,2.38
19940818,3.29
19940819,5.72
19940820,0.45
19940821,2.24
19940822,0.55
19940823,0.12
19940824,2.96
19940825,4.28
19940826,2.7
19940827,-2.44
19940828,0.63
19940829,1.21
19940830,-0.11
19940831,1.73
19940901,0.46
19940902,0.44
19940903,0.6
19940904,-2.27
19940905,-0.16
19940906,-0.67
19940907,0.78
19940908,4.03
19940909,2.41
19940910,1.9
19940911,2.12
19940912,1.46
19940913,0.13
19940914,-0.35
19940915,-6.73
19940916,-4.21
19940917,-3.37
19940918,-2.32
19940919,0.19
19940920,-1.48
19940921,-0.8
19940922,0.62
19940923,1.44
19940924,-1.5
19940925,-4.5
19940926,-3.66
19940927,-1.39
19940928,-2.17
19940929,-3.72
19940930,0.74
19941001,1.27
19941002,1.23
19941003,1.19
19941004,0.1
19941005,-1.49
19941006,-4.7
19941007,-10.27
19941008,-5.11
19941009,-6.85
19941010,-0.97
19941011,-1.95
19941012,-5.42
19941013,-5.83
19941014,-3.28
19941015,-6.15
19941016,-5.95
19941017,-2.46
19941018,-0.69
19941019,-0.48
19941020,-4.98
19941021,-4.32
19941022,-0.31
19941023,-7.29
19941024,-6.34
19941025,-3.63
19941026,-6.66
19941027,-6.57
19941028,-8.7
19941029,-12.08
19941030,-4.23
19941031,-1.68
19941101,-0.08
19941102,-3.51
19941103,-16.54
19941104,-15.67
19941105,-0.12
19941106,-9.06
19941107,-11.29
19941108,-3.87
19941109,0.4
19941110,-5.09
19941111,-2.21
19941112,-8.53
19941113,-5.87
19941114,1.45
19941115,-4.46
19941116,0.76
19941117,-4.24
19941118,-4.92
19941119,-1.29
19941120,-1.08
19941121,-14.97
19941122,-9.18
19941123,-11.98
19941124,-6.3
19941125,0.3
19941126,-5.69
19941127,-6.28
19941128,-8.64
19941129,-12.95
19941130,-4.46
19941201,-4.29
19941202,-0.42
19941203,-6.96
19941204,-17.94
19941205,-6.98
19941206,-0.88
19941207,-8.43
19941208,0.27
19941209,-0.27
19941210,0.3
19941211,1.25
19941212,-1.85
19941213,-4.76
19941214,-6.94
19941215,-7.05
19941216,-11.73
19941217,-12.83
19941218,-13.89
19941219,-16.35
19941220,-16.3
19941221,-22.3
19941222,-21.96
19941223,-13.67
19941224,-3.44
19941225,-7.9
19941226,-7.36
19941227,-3.42
19941228,-7.37
19941229,-6.36
19941230,-4.72
19941231,-1.8
19950101,-4.03
19950102,-4.42
19950103,-3.81
19950104,0.09
19950105,-1.27
19950106,-1.57
19950107,-1.83
19950108,-0.6
19950109,-2.78
19950110,-6.25
19950111,-6.97
19950112,-6.52
19950113,-4.9
19950114,-3.81
19950115,-1.12
19950116,-0.45
19950117,-1.93
19950118,-3.06
19950119,-9.9
19950120,-8.63
19950121,-6.99
19950122,-9.64
19950123,-8.24
19950124,-15.34
19950125,-22.04
19950126,-21.56
19950127,-26.75
19950128,-25.51
19950129,-6.83
19950130,-5.36
19950131,-6.41
19950201,-6.03
19950202,0.19
19950203,-0
19950204,-2.78
19950205,0.99
19950206,-2.91
19950207,-2.19
19950208,-4.3
19950209,0.28
19950210,0.8
19950211,1.03
19950212,2.24
19950213,0.29
19950214,-4.52
19950215,-4.84
19950216,-4.88
19950217,-9.47
19950218,-21.66
19950219,-20.84
19950220,-15.4
19950221,-13.35
19950222,-8.17
19950223,-2.43
19950224,-0.11
19950225,1.41
19950226,2.33
19950227,2.07
19950228,1.96
19950301,2.73
19950302,4.06
19950303,1.24
19950304,2.12
19950305,0.96
19950306,-1.21
19950307,0.6
19950308,-0.63
19950309,-1.14
19950310,-4.74
19950311,-5.44
19950312,-13.93
19950313,-8.94
19950314,-12.8
19950315,-10.48
19950316,-19.41
19950317,-18.17
19950318,-7.9
19950319,1.38
19950320,0.13
19950321,-5.05
19950322,-2.41
19950323,-4.13
19950324,-8.01
19950325,-4.06
19950326,-2.87
19950327,1.92
19950328,1.44
19950329,-0.06
19950330,-0.81
19950331,-1.89
19950401,-0.78
19950402,-1.57
19950403,0.09
19950404,1.64
19950405,0.6
19950406,0.65
19950407,0.45
19950408,0.71
19950409,0.77
19950410,1.46
19950411,-0.31
19950412,0.92
19950413,4.09
19950414,1.84
19950415,5.11
19950416,3.99
19950417,1.63
19950418,4.27
19950419,2.89
19950420,0.36
19950421,1.77
19950422,5.73
19950423,5.46
19950424,3.85
19950425,8.66
19950426,6.44
19950427,6.12
19950428,5.9
19950429,5.6
19950430,6.94
19950501,4.64
19950502,4.88
19950503,7.59
19950504,6.54
19950505,4.95
19950506,4.24
19950507,4.24
19950508,7.02
19950509,5.96
19950510,7.7
19950511,8.31
19950512,5.49
19950513,4.51
19950514,7.09
19950515,4.53
19950516,5.43
19950517,6.21
19950518,8.17
19950519,6.57
19950520,8.53
19950521,6.37
19950522,6.1
19950523,5.27
19950524,5
19950525,5.97
19950526,7.44
19950527,6.23
19950528,6.3
19950529,6.73
19950530,8.51
19950531,8.69
19950601,8.71
19950602,5.73
19950603,7.33
19950604,8.53
19950605,8.11
19950606,8.37
19950607,10.46
19950608,6.79
19950609,5.36
19950610,5.51
19950611,8.49
19950612,10.67
19950613,9.73
19950614,6.86
19950615,9.66
19950616,7.83
19950617,8.25
19950618,5.25
19950619,5.57
19950620,9.44
19950621,9.68
19950622,2.37
19950623,5.86
19950624,6.9
19950625,8.18
19950626,7.7
19950627,6.75
19950628,5.95
19950629,8.96
19950630,4.81
19950701,4.86
19950702,5.68
19950703,7.08
19950704,7.64
19950705,3.76
19950706,2.36
19950707,5.06
19950708,6.75
19950709,3.26
19950710,4.18
19950711,5.69
19950712,6.61
19950713,5.07
19950714,6.5
19950715,8.59
19950716,9.98
19950717,7.95
19950718,9.34
19950719,7.22
19950720,7.65
19950721,5.19
19950722,1.77
19950723,5.82
19950724,3.12
19950725,3.54
19950726,2.98
19950727,4.65
19950728,1.66
19950729,1.29
19950730,3.68
19950731,2.58
19950801,2.99
19950802,2.82
19950803,2.12
19950804,3.92
19950805,6.79
19950806,2.99
19950807,4.87
19950808,0.72
19950809,3.64
19950810,3.77
19950811,1.97
19950812,4.46
19950813,4.38
19950814,4.02
19950815,5.4
19950816,2.57
19950817,6.91
19950818,4.83
19950819,5.1
19950820,4.17
19950821,3.92
19950822,4.66
19950823,4.15
19950824,3.41
19950825,4.8
19950826,3.85
19950827,3.15
19950828,4.72
19950829,6.56
19950830,2.76
19950831,3.47
19950901,4.11
19950902,2.24
19950903,3.64
19950904,0.56
19950905,4.92
19950906,2.86
19950907,2
19950908,1.71
19950909,0.31
19950910,2.81
19950911,1.94
19950912,2.86
19950913,2.4
19950914,3.02
19950915,2.63
19950916,1.21
19950917,2.47
19950918,1.68
19950919,0.96
19950920,0.88
19950921,2.11
19950922,2.19
19950923,0.08
19950924,0.62
19950925,0.47
19950926,-0.45
19950927,2.07
19950928,-1.63
19950929,-0.92
19950930,-1.98
19951001,1.71
19951002,-1.31
19951003,-1.01
19951004,-1.29
19951005,-0.77
19951006,0.35
19951007,-3.86
19951008,-0.35
19951009,-7.44
19951010,-6.48
19951011,-7.09
19951012,-4.24
19951013,-0.98
19951014,-1.83
19951015,-4.26
19951016,0.24
19951017,-3.58
19951018,-11.14
19951019,-10.32
19951020,-1.65
19951021,-1.31
19951022,-1.88
19951023,-3.3
19951024,-7.49
19951025,-9.35
19951026,-4.33
19951027,-1.66
19951028,1.29
19951029,3.27
19951030,-3.19
19951031,-2.92
19951101,-2.19
19951102,-2.48
19951103,-4.17
19951104,-1.27
19951105,0.25
19951106,-6.71
19951107,-6.94
19951108,-3.73
19951109,-5.28
19951110,-5.15
19951111,-6.85
19951112,-5.44
19951113,-5.02
19951114,-4.58
19951115,-8.15
19951116,-12.91
19951117,-6.73
19951118,-6.2
19951119,-6.57
19951120,-1.37
19951121,-2.52
19951122,-8.31
19951123,-2.49
19951124,-10.41
19951125,-12.68
19951126,-14.95
19951127,-9.72
19951128,-9.02
19951129,-4.78
19951130,-5.76
19951201,-7.3
19951202,-6.83
19951203,-4.34
19951204,-7.53
19951205,-11.2
19951206,-7.33
19951207,-4.73
19951208,-3.83
19951209,-4.5
19951210,-6.74
19951211,-5.61
19951212,-2.94
19951213,-2.13
19951214,-1.7
19951215,-0.03
19951216,0.17
19951217,-2.05
19951218,-0.6
19951219,-1.91
19951220,-2.69
19951221,-4.77
19951222,-4.63
19951223,-4.18
19951224,-0.97
19951225,-1.01
19951226,-1.99
19951227,-2.81
19951228,-0.19
19951229,-0.25
19951230,-1.89
19951231,-3.33
19960101,-3.95
19960102,-1.78
19960103,-1.7
19960104,-1.94
19960105,-4.63
19960106,-11.64
19960107,-18.98
19960108,-29.15
19960109,-25.7
19960110,-26.32
19960111,-15.6
19960112,-12.07
19960113,-9.81
19960114,-5.63
19960115,-4.14
19960116,-4.24
19960117,-2.69
19960118,-4.46
19960119,-2.46
19960120,-1.75
19960121,-0.81
19960122,-4.47
19960123,-2.85
19960124,-2.03
19960125,0.27
19960126,0.01
19960127,0.01
19960128,2.4
19960129,-1.53
19960130,-1.65
19960131,-0.85
19960201,-1.37
19960202,0.2
19960203,-8.35
19960204,-22.72
19960205,-25.67
19960206,-22.81
19960207,-13.61
19960208,-19.83
19960209,-25.74
19960210,-27.18
19960211,-11.8
19960212,-2.61
19960213,1.14
19960214,0.16
19960215,-1.2
19960216,-2.83
19960217,2.8
19960218,1.31
19960219,-10.47
19960220,-3.04
19960221,1.56
19960222,-5.73
19960223,-1.12
19960224,1.66
19960225,0.26
19960226,-1.08
19960227,3.08
19960228,4.42
19960229,2.1
19960301,2.35
19960302,2.96
19960303,2.7
19960304,-0.07
19960305,1.2
19960306,0.64
19960307,-0.48
19960308,3.28
19960309,-1.89
19960310,-4.77
19960311,-6.59
19960312,2.04
19960313,2.05
19960314,2.45
19960315,2.2
19960316,1.32
19960317,2.11
19960318,2.78
19960319,2.3
19960320,1.46
19960321,2.85
19960322,2.24
19960323,2.44
19960324,0.22
19960325,3.2
19960326,4.69
19960327,3.19
19960328,3.89
19960329,5.04
19960330,2.77
19960331,2.31
19960401,1.61
19960402,-5.95
19960403,-8.14
19960404,-14.52
19960405,-12.01
19960406,-6.07
19960407,-1.42
19960408,0.37
19960409,4.06
19960410,5.45
19960411,3.83
19960412,3.17
19960413,6.08
19960414,5.41
19960415,3.31
19960416,4.88
19960417,1.23
19960418,-0.41
19960419,4.88
19960420,6.49
19960421,5.93
19960422,5.47
19960423,7.43
19960424,5.27
19960425,2.58
19960426,2.6
19960427,1.18
19960428,2.47
19960429,6.01
19960430,5.23
19960501,4.07
19960502,4.57
19960503,7.27
19960504,6.69
19960505,4.47
19960506,4.99
19960507,6.14
19960508,7.67
19960509,6.88
19960510,9.1
19960511,8.14
19960512,8.8
19960513,6.9
19960514,6.15
19960515,9.03
19960516,9.38
19960517,8.36
19960518,6.68
19960519,2.8
19960520,5.72
19960521,2.24
19960522,7.18
19960523,6.99
19960524,5.61
19960525,6.15
19960526,4.99
19960527,6.56
19960528,5.46
19960529,6.78
19960530,9.34
19960531,9.87
19960601,7.21
19960602,8.72
19960603,10.34
19960604,7.91
19960605,8.42
19960606,3.75
19960607,3.5
19960608,3.88
19960609,2.25
19960610,5.2
19960611,1.33
19960612,2.28
19960613,7.29
19960614,8.39
19960615,10.21
19960616,6.89
19960617,3.95
19960618,6.76
19960619,4.69
19960620,5.58
19960621,4.17
19960622,8.48
19960623,3.65
19960624,5.03
19960625,4.32
19960626,4.74
19960627,0.94
19960628,5.67
19960629,8.06
19960630,5.43
19960701,5.42
19960702,6.36
19960703,8.87
19960704,10.11
19960705,10.71
19960706,8.89
19960707,9.52
19960708,6.94
19960709,7.03
19960710,5.58
19960711,7.37
19960712,6.78
19960713,6.75
19960714,5.75
19960715,4.89
19960716,3.8
19960717,4.19
19960718,2.6
19960719,2.33
19960720,6.14
19960721,6.81
19960722,7.66
19960723,3.61
19960724,5.53
19960725,6.66
19960726,4.34
19960727,3.92
19960728,3.66
19960729,5.15
19960730,5.95
19960731,2.22
19960801,5.36
19960802,3.06
19960803,4.65
19960804,4.23
19960805,4.08
19960806,3.84
19960807,3.04
19960808,3.02
19960809,2.49
19960810,3.06
19960811,2.61
19960812,4.54
19960813,4.8
19960814,3.55
19960815,3.44
19960816,2.07
19960817,4.2
19960818,3.91
19960819,2.97
19960820,5.46
19960821,1.92
19960822,2.22
19960823,-1.01
19960824,2.51
19960825,3.02
19960826,0.53
19960827,3.5
19960828,2.23
19960829,1.66
19960830,3.25
19960831,2.68
19960901,2.51
19960902,1.89
19960903,3.69
19960904,2.52
19960905,3.15
19960906,0.43
19960907,-0.01
19960908,3.88
19960909,1.46
19960910,-0.77
19960911,-2.45
19960912,-3.31
19960913,-2.91
19960914,0.34
19960915,2.14
19960916,1.59
19960917,-0.8
19960918,-6.1
19960919,-0.21
19960920,1.22
19960921,0.12
19960922,-3
19960923,-3.51
19960924,-5.07
19960925,-9.41
19960926,-3.39
19960927,-2.67
19960928,-0.86
19960929,-0.15
19960930,-1.53
19961001,-2.52
19961002,-5.68
19961003,-6.75
19961004,-3.87
19961005,-2.2
19961006,-2.64
19961007,-2.11
19961008,-0.32
19961009,-4.78
19961010,-6.36
19961011,-5.07
19961012,-4.39
19961013,-5.64
19961014,-6.61
19961015,-3.31
19961016,-3.42
19961017,-2.4
19961018,0.86
19961019,0.18
19961020,-0.33
19961021,0.84
19961022,-0.05
19961023,-0.48
19961024,-3.77
19961025,-11.5
19961026,-11.49
19961027,-4.47
19961028,-0.56
19961029,-0.4
19961030,-7.46
19961031,-13.89
19961101,-7.35
19961102,-1.59
19961103,0.02
19961104,-4.1
19961105,-8.13
19961106,-7.92
19961107,-12.4
19961108,-2.96
19961109,0.02
19961110,-1.65
19961111,-7.55
19961112,-3.75
19961113,-1.13
19961114,-1.07
19961115,2.08
19961116,-2.51
19961117,-1.56
19961118,-1.11
19961119,0.09
19961120,-1.72
19961121,0.47
19961122,0.78
19961123,-1.12
19961124,-0.77
19961125,-1.38
19961126,-4.12
19961127,-8.92
19961128,-11.37
19961129,-11
19961130,-8
19961201,-8.89
19961202,-10.09
19961203,-2.83
19961204,-7.57
19961205,-14.02
19961206,-9.2
19961207,-4.1
19961208,-6.61
19961209,-11.31
19961210,-15.54
19961211,-9.81
19961212,-16.62
19961213,-14.01
19961214,-3.87
19961215,-3.39
19961216,-6.13
19961217,-15.37
19961218,-16.07
19961219,-8.6
19961220,-1.35
19961221,-2.09
19961222,-5.84
19961223,-7.64
19961224,-8.65
19961225,-4.53
19961226,-1.46
19961227,-2.91
19961228,-2.69
19961229,-3.65
19961230,-6.64
19961231,-5.2
19970101,-12.96
19970102,-12.91
19970103,-15.23
19970104,-23.72
19970105,-23.63
19970106,-25.71
19970107,-25.83
19970108,-10.53
19970109,-0.45
19970110,-1.86
19970111,-0.39
19970112,0.17
19970113,0.18
19970114,-1.47
19970115,-1.04
19970116,-2.62
19970117,-3.49
19970118,-2.75
19970119,-4.33
19970120,-0.72
19970121,1.46
19970122,0.1
19970123,-0.19
19970124,0.3
19970125,-5.25
19970126,-18.11
19970127,-16.54
19970128,-14.96
19970129,-8.42
19970130,-14.48
19970131,-10.35
19970201,-3.88
19970202,-3.77
19970203,1.26
19970204,0.92
19970205,-0.47
19970206,-5.08
19970207,-1.14
19970208,0.52
19970209,-0.35
19970210,1.02
19970211,0.45
19970212,0.87
19970213,-0.59
19970214,-1.67
19970215,0.65
19970216,-2.4
19970217,-1.68
19970218,-2.38
19970219,-11.15
19970220,-18.51
19970221,-22.26
19970222,-8.31
19970223,-3.32
19970224,2.39
19970225,2.45
19970226,3.15
19970227,1.08
19970228,-0.83
19970301,-3.66
19970302,-2.71
19970303,1.75
19970304,0.98
19970305,1.76
19970306,0.98
19970307,1.44
19970308,-4.04
19970309,-14.1
19970310,-5.96
19970311,-4.16
19970312,-1.59
19970313,-1.13
19970314,-0.74
19970315,-1.57
19970316,-6.25
19970317,-11.74
19970318,-9.85
19970319,-5.1
19970320,-3.17
19970321,-2.34
19970322,-1.06
19970323,-0.07
19970324,-3.22
19970325,-1
19970326,1.79
19970327,1.26
19970328,-2.77
19970329,-3.38
19970330,-1.55
19970331,-6.68
19970401,-6.8
19970402,0.42
19970403,3.92
19970404,4.04
19970405,1.86
19970406,2.35
19970407,-0.18
19970408,0.74
19970409,6.3
19970410,1.98
19970411,6.51
19970412,5.71
19970413,5.33
19970414,3.3
19970415,-0.81
19970416,0.1
19970417,1.85
19970418,4.64
19970419,5.27
19970420,-0.18
19970421,-0.45
19970422,5.1
19970423,4.27
19970424,2.44
19970425,2.88
19970426,3.87
19970427,4.94
19970428,7.02
19970429,6.34
19970430,6.67
19970501,5.58
19970502,4.69
19970503,6.8
19970504,5.79
19970505,6.78
19970506,7.82
19970507,5.86
19970508,6.91
19970509,6.6
19970510,4.57
19970511,2.94
19970512,7
19970513,2.91
19970514,7.74
19970515,2.84
19970516,7.04
19970517,10.26
19970518,6.34
19970519,11.35
19970520,8.7
19970521,3.75
19970522,5.25
19970523,8.86
19970524,8.05
19970525,9.76
19970526,10.68
19970527,10.5
19970528,4.64
19970529,10.17
19970530,9.82
19970531,9.69
19970601,8.95
19970602,6.49
19970603,5.18
19970604,8.31
19970605,8.1
19970606,6.09
19970607,6.48
19970608,9.05
19970609,9.59
19970610,8.34
19970611,8.66
19970612,7.1
19970613,8.97
19970614,6.39
19970615,7.91
19970616,9.62
19970617,5.79
19970618,6.87
19970619,7.87
19970620,9.15
19970621,4.27
19970622,3.27
19970623,3.31
19970624,9.33
19970625,9.41
19970626,6.93
19970627,7.71
19970628,8.87
19970629,5.73
19970630,2.06
19970701,5.75
19970702,8.41
19970703,8.81
19970704,9.79
19970705,7.26
19970706,8.36
19970707,7.15
19970708,4.34
19970709,4.94
19970710,3.64
19970711,7.55
19970712,5.48
19970713,4.48
19970714,5.05
19970715,2.99
19970716,2.09
19970717,6.08
19970718,5.17
19970719,4.06
19970720,2.34
19970721,1.93
19970722,3.41
19970723,4.19
19970724,2.81
19970725,3.11
19970726,5.68
19970727,4.66
19970728,4.28
19970729,3.09
19970730,3.95
19970731,5.66
19970801,5.68
19970802,2.44
19970803,5.89
19970804,7.41
19970805,5.26
19970806,7.45
19970807,7.23
19970808,3.1
19970809,1.94
19970810,1.53
19970811,2.26
19970812,4.86
19970813,4.24
19970814,3.7
19970815,-0.16
19970816,1.28
19970817,-0.18
19970818,0.8
19970819,0.26
19970820,1.19
19970821,3.13
19970822,1.57
19970823,0.58
19970824,-0.84
19970825,2.72
19970826,-1.9
19970827,2.07
19970828,0.38
19970829,5.13
19970830,-0.69
19970831,-1.83
19970901,-2.71
19970902,1.89
19970903,0.86
19970904,0.5
19970905,3.69
19970906,2.66
19970907,4.36
19970908,3.92
19970909,1.99
19970910,1.85
19970911,2.85
19970912,2.37
19970913,2.06
19970914,0.31
19970915,0.96
19970916,-2.88
19970917,0.64
19970918,-1.8
19970919,0.13
19970920,1.53
19970921,-1.77
19970922,-0.72
19970923,-0.45
19970924,-2.05
19970925,-2.5
19970926,-2.35
19970927,-2.5
19970928,0.51
19970929,0.9
19970930,-0.17
19971001,-0.22
19971002,-2.35
19971003,-1.24
19971004,-0.78
19971005,0.85
19971006,-0.28
19971007,-2.1
19971008,-0.34
19971009,-0.96
19971010,-0.45
19971011,0.11
19971012,-2.12
19971013,-1.68
19971014,-8.83
19971015,-8.78
19971016,-2.41
19971017,-3.3
19971018,0.1
19971019,-0.81
19971020,-4.38
19971021,-7.15
19971022,-4
19971023,-5.12
19971024,-5.91
19971025,-3.75
19971026,-7.17
19971027,-9.33
19971028,-6.87
19971029,-10.6
19971030,-8.69
19971031,-7.7
19971101,-5.67
19971102,-1.8
19971103,-6.16
19971104,-4.42
19971105,-5.24
19971106,-3.51
19971107,-3.32
19971108,-3.03
19971109,-0.2
19971110,-1.37
19971111,-2.2
19971112,-4.66
19971113,-4.96
19971114,-3.34
19971115,-2.69
19971116,-3.25
19971117,-2.86
19971118,-0.09
19971119,-2.58
19971120,-0.46
19971121,-6.66
19971122,-9.97
19971123,-5.49
19971124,-7.36
19971125,-2.2
19971126,-14.13
19971127,-23.35
19971128,-4.89
19971129,-8.49
19971130,-6.67
19971201,-11.99
19971202,-6.02
19971203,-3.23
19971204,1.34
19971205,-1.81
19971206,-7.68
19971207,-7.38
19971208,-4.96
19971209,-8.13
19971210,-12.43
19971211,-15.11
19971212,-8.41
19971213,-11.59
19971214,-13.05
19971215,-15.43
19971216,-14.17
19971217,-11.66
19971218,-16.46
19971219,-12.12
19971220,-7.69
19971221,-8.94
19971222,-9.6
19971223,-12.29
19971224,-9.24
19971225,-10.98
19971226,-6.99
19971227,-22.59
19971228,-18.29
19971229,-17.65
19971230,-5.76
19971231,-0.14
19980101,-9.95
19980102,-10.11
19980103,-4.57
19980104,-1.95
19980105,-5.4
19980106,-6.55
19980107,-0.75
19980108,-3.23
19980109,-0.7
19980110,0.02
19980111,1.53
19980112,-0.39
19980113,-5.62
19980114,-21.93
19980115,-21.78
19980116,-9.92
19980117,-12.31
19980118,-5.2
19980119,-7.36
19980120,-3.43
19980121,0.14
19980122,-0.01
19980123,-1.2
19980124,-3.03
19980125,-4.84
19980126,-8.24
19980127,-14.54
19980128,-21.14
19980129,-19.72
19980130,-11.44
19980131,-4.18
19980201,-5.14
19980202,-5.68
19980203,-0.22
19980204,0.19
19980205,0.04
19980206,0.76
19980207,0.12
19980208,-0.73
19980209,-1.93
19980210,-3.16
19980211,-1.09
19980212,-1.99
19980213,-4.41
19980214,-4.1
19980215,-4.08
19980216,-1.84
19980217,-0.95
19980218,-1.23
19980219,0.87
19980220,0.34
19980221,-3.44
19980222,-3.89
19980223,0.64
19980224,0.52
19980225,-2.82
19980226,-2.51
19980227,-3.27
19980228,-4.21
19980301,-0.58
19980302,-4.07
19980303,-0.38
19980304,3.04
19980305,3.08
19980306,3.64
19980307,2.28
19980308,2.58
19980309,1.76
19980310,0.09
19980311,1.96
19980312,0.99
19980313,4.05
19980314,2.88
19980315,2.07
19980316,1.31
19980317,2.49
19980318,3.34
19980319,0.11
19980320,-0.94
19980321,-0.18
19980322,-1.47
19980323,1.24
19980324,0.83
19980325,-2.95
19980326,-5.73
19980327,-3.48
19980328,1.83
19980329,-4.78
19980330,1
19980331,2.64
19980401,-3.27
19980402,4.02
19980403,1.2
19980404,-1.01
19980405,-3
19980406,2.48
19980407,3.1
19980408,0.05
19980409,6.41
19980410,3.12
19980411,2.16
19980412,3.35
19980413,6.4
19980414,3.72
19980415,4.25
19980416,2.09
19980417,1.96
19980418,-3.18
19980419,-4.15
19980420,4.1
19980421,1.38
19980422,4.23
19980423,3.17
19980424,4.84
19980425,6.35
19980426,2.2
19980427,3.66
19980428,-0.8
19980429,-0.81
19980430,4.67
19980501,2.22
19980502,6.65
19980503,6.91
19980504,3.29
19980505,7.64
19980506,2.82
19980507,1.04
19980508,6.57
19980509,3.28
19980510,1.28
19980511,2.44
19980512,4.61
19980513,4.43
19980514,3.9
19980515,3.8
19980516,5.32
19980517,8.99
19980518,7.36
19980519,7.42
19980520,7.42
19980521,7.87
19980522,4.22
19980523,6.54
19980524,7.7
19980525,2.98
19980526,8.01
19980527,6.64
19980528,7.41
19980529,5.33
19980530,6.66
19980531,8.97
19980601,9.43
19980602,8.71
19980603,7.65
19980604,6.24
19980605,7.91
19980606,8.53
19980607,5.24
19980608,3.97
19980609,5.86
19980610,3.78
19980611,7.18
19980612,8.71
19980613,5.71
19980614,7.88
19980615,8.81
19980616,6.55
19980617,6.86
19980618,2.28
19980619,0.44
19980620,7.11
19980621,9.26
19980622,3.12
19980623,6.89
19980624,5.43
19980625,7.54
19980626,4.25
19980627,6.53
19980628,5.73
19980629,6.48
19980630,7.42
19980701,4.81
19980702,6.4
19980703,6.15
19980704,8.62
19980705,3.37
19980706,5.73
19980707,5.77
19980708,2.19
19980709,1.96
19980710,0.8
19980711,8.39
19980712,4.35
19980713,5.78
19980714,9.2
19980715,2.54
19980716,4.73
19980717,4.15
19980718,1.66
19980719,7.53
19980720,9.76
19980721,9.7
19980722,8.07
19980723,5.05
19980724,4.41
19980725,3.34
19980726,5.04
19980727,5.98
19980728,4.68
19980729,4.97
19980730,4.49
19980731,5.53
19980801,3.47
19980802,3.18
19980803,5.88
19980804,6.38
19980805,4.05
19980806,4.93
19980807,2.48
19980808,3.46
19980809,2.75
19980810,5.33
19980811,6.04
19980812,3.34
19980813,2.58
19980814,4.94
19980815,2.44
19980816,7.21
19980817,3.7
19980818,6.03
19980819,3.99
19980820,4.95
19980821,5.52
19980822,2.33
19980823,4.37
19980824,-1.17
19980825,-2.03
19980826,-1.44
19980827,-0.08
19980828,1.34
19980829,1.29
19980830,3.06
19980831,2.39
19980901,1.77
19980902,-0.16
19980903,0.91
19980904,2.08
19980905,2.28
19980906,0.47
19980907,2.21
19980908,-2.71
19980909,-1.78
19980910,1.15
19980911,0.94
19980912,1.05
19980913,0.88
19980914,2.03
19980915,1.96
19980916,2.41
19980917,1.56
19980918,-2.46
19980919,0.24
19980920,-0.81
19980921,1.17
19980922,1.65
19980923,1.9
19980924,0.75
19980925,-1.81
19980926,-1.03
19980927,-0.42
19980928,-1.75
19980929,-2.97
19980930,-4.93
19981001,-1.59
19981002,-1.04
19981003,-2.78
19981004,-8.47
19981005,-8.16
19981006,-2.69
19981007,1.03
19981008,0.24
19981009,1.57
19981010,-3.67
19981011,0.61
19981012,-3.62
19981013,-0.96
19981014,-0.9
19981015,-1.81
19981016,-3.52
19981017,-2.06
19981018,-1.02
19981019,-5.98
19981020,-5.3
19981021,-3.61
19981022,-4.89
19981023,-5.53
19981024,-7.44
19981025,-7.09
19981026,-3.42
19981027,-2.31
19981028,-1.51
19981029,-2.58
19981030,-2.42
19981031,-1.21
19981101,-5.35
19981102,-5.38
19981103,-6.07
19981104,-4.65
19981105,-3.9
19981106,-0.13
19981107,-0.47
19981108,0.91
19981109,-1.56
19981110,-2.35
19981111,-1.64
19981112,-0.69
19981113,-3.3
19981114,-1.87
19981115,-2.13
19981116,-1.24
19981117,-3.23
19981118,-3.76
19981119,-3.55
19981120,-5.31
19981121,-10.75
19981122,-9.1
19981123,-7.39
19981124,-13.42
19981125,-15.81
19981126,-9.2
19981127,-12.12
19981128,-19.94
19981129,-12.11
19981130,-11.7
19981201,-10.57
19981202,-10.28
19981203,0.66
19981204,-9.07
19981205,-6.18
19981206,-8.42
19981207,-12.65
19981208,-18.92
19981209,-12.71
19981210,-7.63
19981211,-11.38
19981212,-10.52
19981213,-15.93
19981214,-19.35
19981215,-10.85
19981216,-8.12
19981217,-2.28
19981218,1.26
19981219,-0.79
19981220,-0.19
19981221,-2.84
19981222,-2.07
19981223,-2.05
19981224,-2.33
19981225,-3.32
19981226,-4.83
19981227,-7.37
19981228,-15.54
19981229,-17.29
19981230,-14.2
19981231,-12.98
19990101,-9.52
19990102,-5.65
19990103,-8.77
19990104,-5.64
19990105,-4.38
19990106,-1.1
19990107,-3.4
19990108,-10.8
19990109,-6.12
19990110,-6.15
19990111,-1.6
19990112,-2.03
19990113,-3.11
19990114,-10.78
19990115,-9.02
19990116,-9
19990117,-4.67
19990118,-3.68
19990119,-4.92
19990120,-3.7
19990121,-3.3
19990122,3.14
19990123,-1.13
19990124,-5.04
19990125,-3.25
19990126,-10.45
19990127,-14.52
19990128,-17.3
19990129,-11.04
19990130,-18.79
19990131,-26.43
19990201,-25.61
19990202,-19.21
19990203,-14.61
19990204,-24.14
19990205,-27.45
19990206,-26.28
19990207,-8.79
19990208,-9.04
19990209,-8.15
19990210,-4.36
19990211,-1.51
19990212,-1.85
19990213,-2.28
19990214,1.17
19990215,-1.1
19990216,-1.05
19990217,-1.03
19990218,-1.65
19990219,-2.51
19990220,-1.52
19990221,0.27
19990222,-0.91
19990223,-2.45
19990224,-2.63
19990225,-5.3
19990226,-14.13
19990227,-17.64
19990228,-12.35
19990301,-10.24
19990302,-6.57
19990303,-4.32
19990304,-4.68
19990305,-6.26
19990306,-0.67
19990307,1.09
19990308,0.82
19990309,-5.53
19990310,-15.64
19990311,-13.65
19990312,-8.11
19990313,-0.66
19990314,0.95
19990315,-6.23
19990316,-4.54
19990317,-5.88
19990318,-0.74
19990319,0.87
19990320,1.69
19990321,-1.37
19990322,1.45
19990323,1.42
19990324,3.18
19990325,2.1
19990326,2.22
19990327,1.56
19990328,-7.36
19990329,-5.08
19990330,-0.17
19990331,-0.95
19990401,-10.48
19990402,1.7
19990403,3.88
19990404,6.11
19990405,4.23
19990406,-1.83
19990407,1.55
19990408,2.45
19990409,0.98
19990410,4.76
19990411,-0.31
19990412,-2.48
19990413,-6.24
19990414,0.38
19990415,-1.57
19990416,4
19990417,2.86
19990418,4.03
19990419,2.68
19990420,4.93
19990421,5.32
19990422,4.62
19990423,-0.92
19990424,-2.37
19990425,4.38
19990426,5.51
19990427,5.49
19990428,6.21
19990429,4.39
19990430,4.55
19990501,3.94
19990502,2.44
19990503,-5.94
19990504,-7.65
19990505,-1.12
19990506,-3.65
19990507,0.07
19990508,5.38
19990509,1.24
19990510,2.17
19990511,2.56
19990512,6.56
19990513,8.46
19990514,7.66
19990515,3.73
19990516,6.98
19990517,4.23
19990518,7.75
19990519,6.09
19990520,8.81
19990521,9.18
19990522,9.05
19990523,7.4
19990524,6.44
19990525,4.36
19990526,3.4
19990527,6.43
19990528,8.84
19990529,4.34
19990530,5.21
19990531,4.32
19990601,4.16
19990602,5.05
19990603,7.27
19990604,5.64
19990605,6.95
19990606,3.26
19990607,6.71
19990608,9.82
19990609,8.22
19990610,3.12
19990611,6.87
19990612,6.04
19990613,6.41
19990614,11.1
19990615,9.94
19990616,9.07
19990617,10.1
19990618,9.14
19990619,10.47
19990620,9.9
19990621,6.72
19990622,4.21
19990623,7.01
19990624,6.67
19990625,6.72
19990626,5.56
19990627,3.59
19990628,8.9
19990629,4.31
19990630,2.66
19990701,7.6
19990702,7.34
19990703,6.4
19990704,4.57
19990705,2.17
19990706,2.56
19990707,8.05
19990708,8.6
19990709,6.83
19990710,6.08
19990711,9.4
19990712,8.23
19990713,5.84
19990714,4.61
19990715,3.7
19990716,6.09
19990717,4.92
19990718,4.28
19990719,5.1
19990720,5.31
19990721,6.35
19990722,4.1
19990723,6.68
19990724,2.96
19990725,4.41
19990726,4.97
19990727,1.72
19990728,5.81
19990729,4.95
19990730,6.38
19990731,5.84
19990801,5.45
19990802,1.54
19990803,3.48
19990804,1.21
19990805,4.04
19990806,3.63
19990807,3.4
19990808,6.88
19990809,2.47
19990810,2.97
19990811,4.03
19990812,6.39
19990813,5.01
19990814,5.48
19990815,4.12
19990816,5.58
19990817,4.56
19990818,2.27
19990819,3.76
19990820,4.52
19990821,4.5
19990822,3.27
19990823,3.2
19990824,4.1
19990825,4.17
19990826,-0.89
19990827,4.13
19990828,4.04
19990829,2.95
19990830,1.08
19990831,0.15
19990901,1.56
19990902,2.31
19990903,1.3
19990904,1.95
19990905,3.37
19990906,0.64
19990907,1.96
19990908,2.08
19990909,3.26
19990910,3.31
19990911,3.23
19990912,3.07
19990913,2.05
19990914,0.22
19990915,0.48
19990916,-1.82
19990917,-0.13
19990918,-0.75
19990919,0.79
19990920,2.23
19990921,0.69
19990922,-0.5
19990923,-0.35
19990924,-1.94
19990925,-0.99
19990926,0.02
19990927,-0.45
19990928,-3
19990929,1.55
19990930,0.98
19991001,-0.73
19991002,-4.58
19991003,-0.54
19991004,0.42
19991005,-0.15
19991006,-1.85
19991007,-3.16
19991008,-5.54
19991009,-4.5
19991010,-3.91
19991011,-3.07
19991012,-4.47
19991013,-2.75
19991014,-1.71
19991015,-7.71
19991016,-4.14
19991017,-7.23
19991018,-6.16
19991019,-3.1
19991020,-3.24
19991021,-14.22
19991022,-12.13
19991023,-10.36
19991024,-8.02
19991025,-8.41
19991026,-10.47
19991027,-7.67
19991028,-9.28
19991029,-8.05
19991030,-6.28
19991031,-6.73
19991101,-6.84
19991102,-7.38
19991103,-1.12
19991104,-1.36
19991105,-7.08
19991106,-7.82
19991107,-4.09
19991108,-4.34
19991109,-12.65
19991110,-3.51
19991111,-1.75
19991112,-0.37
19991113,-6.23
19991114,-12.56
19991115,-11.15
19991116,-8.65
19991117,-6.45
19991118,-3.29
19991119,-2.35
19991120,-7.11
19991121,-6.54
19991122,-7.56
19991123,-10.47
19991124,-5.2
19991125,-1.96
19991126,-5.98
19991127,-13.46
19991128,-5.13
19991129,-4.66
19991130,-1.72
19991201,-2.98
19991202,-4.04
19991203,-10.33
19991204,-9.01
19991205,-10.75
19991206,-10.33
19991207,-6.54
19991208,-5.83
19991209,-0.72
19991210,-1.42
19991211,-14.38
19991212,-22.99
19991213,-21.49
19991214,-19.03
19991215,-22.76
19991216,-14.36
19991217,-11.2
19991218,-18.47
19991219,-17.27
19991220,-11.85
19991221,-22.93
19991222,-18.41
19991223,-7.6
19991224,-8.13
19991225,-20.09
19991226,-23.09
19991227,-14.29
19991228,-6.99
19991229,-8.34
19991230,-9.5
19991231,-14.24
20000101,-11.44
20000102,-9.48
20000103,-10.19
20000104,-7.16
20000105,-8.54
20000106,-7.88
20000107,-5.31
20000108,-6.6
20000109,-6.28
20000110,-7.85
20000111,-5.62
20000112,-3.27
20000113,-0.11
20000114,0.97
20000115,-2.17
20000116,-0.01
20000117,3.31
20000118,2.6
20000119,0.97
20000120,-0.01
20000121,0.81
20000122,1.61
20000123,0.47
20000124,-3.51
20000125,-4.8
20000126,-4.04
20000127,-9.84
20000128,-8.23
20000129,-5.81
20000130,-3.68
20000131,-2.36
20000201,-0.5
20000202,-1.82
20000203,-1.38
20000204,-1.73
20000205,-0.79
20000206,-1.82
20000207,0.03
20000208,-0.6
20000209,-1.79
20000210,1.12
20000211,3.44
20000212,1.47
20000213,1.34
20000214,0.3
20000215,-1.49
20000216,0.61
20000217,-0.24
20000218,1.76
20000219,0.98
20000220,-0.1
20000221,-0.66
20000222,-0.21
20000223,-2.82
20000224,0.28
20000225,0.67
20000226,-3.37
20000227,1.24
20000228,1.03
20000229,-1.69
20000301,-0.3
20000302,-0.35
20000303,1.52
20000304,2.1
20000305,2.04
20000306,1.02
20000307,3.41
20000308,1.46
20000309,1.09
20000310,1.92
20000311,0.27
20000312,1.13
20000313,-0.03
20000314,0.68
20000315,1.91
20000316,2.43
20000317,1.73
20000318,1.26
20000319,2
20000320,2.66
20000321,2.55
20000322,-0.06
20000323,1.42
20000324,-4.15
20000325,-11.67
20000326,-9.33
20000327,-5.94
20000328,-5.5
20000329,-12.94
20000330,-6.59
20000331,-1.65
20000401,3.03
20000402,0.11
20000403,1.9
20000404,4.39
20000405,4.08
20000406,3.7
20000407,-1.18
20000408,0.17
20000409,4.65
20000410,1.91
20000411,6.27
20000412,3.34
20000413,3.27
20000414,5.78
20000415,3.12
20000416,1.85
20000417,3.67
20000418,4.09
20000419,-0.44
20000420,0.62
20000421,-0.19
20000422,-3.51
20000423,-1.12
20000424,0.47
20000425,3.49
20000426,3.95
20000427,1.69
20000428,4.8
20000429,6.1
20000430,6.8
20000501,4.05
20000502,4.03
20000503,5.83
20000504,5.6
20000505,4.2
20000506,6.56
20000507,4.23
20000508,6.37
20000509,3.51
20000510,5.63
20000511,6.46
20000512,4.59
20000513,3.49
20000514,9.35
20000515,8.06
20000516,8.69
20000517,8.48
20000518,9.27
20000519,7.22
20000520,5.71
20000521,5.89
20000522,6.09
20000523,5.15
20000524,7.39
20000525,7.35
20000526,7.47
20000527,6.19
20000528,6.2
20000529,3.17
20000530,5.15
20000531,8.44
20000601,5.59
20000602,7.62
20000603,3.88
20000604,4.79
20000605,8.7
20000606,3.52
20000607,4.21
20000608,7.22
20000609,6.76
20000610,4.35
20000611,8.46
20000612,8.2
20000613,6.23
20000614,10.08
20000615,8.33
20000616,8
20000617,3.37
20000618,7.55
20000619,5.02
20000620,1.07
20000621,5.35
20000622,10.36
20000623,10.23
20000624,9.39
20000625,10.16
20000626,9.6
20000627,7.05
20000628,8.91
20000629,2.7
20000630,1.08
20000701,1.81
20000702,6.49
20000703,5.03
20000704,8.16
20000705,3.34
20000706,6.77
20000707,4.73
20000708,7.57
20000709,8.78
20000710,4.93
20000711,2.8
20000712,3.76
20000713,6.86
20000714,3.41
20000715,1.46
20000716,2.08
20000717,3.58
20000718,5.26
20000719,3.79
20000720,3.94
20000721,6.5
20000722,5.78
20000723,3.2
20000724,3.23
20000725,5.37
20000726,3.96
20000727,2.83
20000728,2.65
20000729,4.58
20000730,0.67
20000731,6.05
20000801,6.15
20000802,4.93
20000803,2
20000804,4.14
20000805,8.13
20000806,5.89
20000807,3.74
20000808,5.24
20000809,5.73
20000810,5
20000811,4.58
20000812,5.12
20000813,5.91
20000814,4.36
20000815,5.07
20000816,5.27
20000817,4.46
20000818,2.79
20000819,3.65
20000820,3.49
20000821,2.37
20000822,0.87
20000823,-0.44
20000824,2.93
20000825,0.62
20000826,1.97
20000827,3.6
20000828,2.76
20000829,2.8
20000830,0
20000831,6.27
20000901,3.83
20000902,4.23
20000903,3.4
20000904,-0.2
20000905,1.33
20000906,1.3
20000907,1.09
20000908,1.9
20000909,1.09
20000910,2.1
20000911,2.34
20000912,0.8
20000913,0.8
20000914,1.45
20000915,1.14
20000916,1.09
20000917,-0.03
20000918,-2.01
20000919,-0.21
20000920,2.61
20000921,1.59
20000922,1.33
20000923,-0.98
20000924,-3.01
20000925,0.95
20000926,-0.11
20000927,-4.53
20000928,-5.6
20000929,-2.86
20000930,-3.16
20001001,-0.48
20001002,1.93
20001003,0.36
20001004,0.83
20001005,-3.82
20001006,-15.8
20001007,-15.26
20001008,-5.08
20001009,-1.91
20001010,-5.3
20001011,-5.49
20001012,-3.16
20001013,0.33
20001014,-0.47
20001015,-0.81
20001016,-0.61
20001017,-3.28
20001018,-4.03
20001019,-2.25
20001020,-3.51
20001021,-5.99
20001022,-9.91
20001023,-6.74
20001024,-0.15
20001025,-2.17
20001026,-3.81
20001027,-2.38
20001028,-0.32
20001029,-1.51
20001030,-2.68
20001031,-2.68
20001101,-2.7
20001102,-5.04
20001103,-3.01
20001104,-1.63
20001105,-3.9
20001106,-2.49
20001107,-2.85
20001108,-0.27
20001109,0.25
20001110,-1.27
20001111,-4.11
20001112,-3.74
20001113,-4.37
20001114,-6.71
20001115,-0.33
20001116,-3.68
20001117,-5.15
20001118,-5.49
20001119,-3.41
20001120,-6.65
20001121,-2.97
20001122,-1.9
20001123,-4.71
20001124,-4.9
20001125,-7.09
20001126,-5.43
20001127,-11.04
20001128,-15.8
20001129,-11.52
20001130,-8.64
20001201,-6.56
20001202,-6.57
20001203,-2.75
20001204,-3.96
20001205,-4.36
20001206,-3.17
20001207,-3.56
20001208,0.34
20001209,-0.01
20001210,-5.1
20001211,-5.72
20001212,-2.9
20001213,-4.2
20001214,-4.9
20001215,-5.96
20001216,-6.76
20001217,-5.71
20001218,-6.35
20001219,-5.35
20001220,-4.62
20001221,-5.04
20001222,-3.61
20001223,-2.8
20001224,-2.42
20001225,-1.33
20001226,-1.67
20001227,-3.47
20001228,-3.78
20001229,-2.91
20001230,-3.64
20001231,-4.7
20010101,-4.02
20010102,-5.65
20010103,-7.93
20010104,-7.37
20010105,-10.82
20010106,-20.32
20010107,-12.65
20010108,-13.86
20010109,-12.13
20010110,-11.42
20010111,-8.24
20010112,-0.26
20010113,-4.26
20010114,-4.97
20010115,-8.11
20010116,-4.46
20010117,-3.55
20010118,-2.03
20010119,-0.69
20010120,-2.85
20010121,-2.94
20010122,-5.28
20010123,-7.19
20010124,-4.68
20010125,-4.53
20010126,-3.62
20010127,-5.39
20010128,-4.63
20010129,-7.75
20010130,-5.59
20010131,-4.23
20010201,-5.45
20010202,-8.25
20010203,-6.84
20010204,-3.25
20010205,-0.94
20010206,-1.7
20010207,-1.56
20010208,-4.07
20010209,-6.63
20010210,1.9
20010211,-3.92
20010212,-5.83
20010213,-4.2
20010214,-2.87
20010215,-4.02
20010216,-0.63
20010217,-1.48
20010218,-3.03
20010219,-1.32
20010220,-1.84
20010221,-1.82
20010222,-0.4
20010223,-0.14
20010224,-0.37
20010225,-0.18
20010226,-1.96
20010227,-6.84
20010228,-7.42
20010301,-6.07
20010302,-6.77
20010303,-1.08
20010304,-2.25
20010305,1.23
20010306,-0.35
20010307,0.45
20010308,-1.97
20010309,1.53
20010310,-0.56
20010311,-1.43
20010312,-0.76
20010313,-1.39
20010314,-4.4
20010315,-12.53
20010316,-12.38
20010317,-10.67
20010318,-2.41
20010319,-3.87
20010320,-3.17
20010321,-2.93
20010322,-2.81
20010323,-14.78
20010324,-17.62
20010325,-20.48
20010326,-18.77
20010327,-14.08
20010328,-10.91
20010329,-6.17
20010330,-10.51
20010331,-1.63
20010401,-1.48
20010402,2.8
20010403,0.06
20010404,-5.84
20010405,1.11
20010406,2.29
20010407,3.46
20010408,3.75
20010409,1.78
20010410,-3.85
20010411,-11.09
20010412,-1.7
20010413,-2.74
20010414,1.01
20010415,5.55
20010416,2.14
20010417,2.64
20010418,1
20010419,1.1
20010420,2.94
20010421,6.28
20010422,7.05
20010423,2.31
20010424,-2.19
20010425,4.42
20010426,5.38
20010427,6.38
20010428,4.37
20010429,3.27
20010430,0.09
20010501,0.04
20010502,-4.49
20010503,-1.28
20010504,2.83
20010505,-5.76
20010506,-1.15
20010507,4.14
20010508,6.84
20010509,4.29
20010510,4.64
20010511,4.48
20010512,4.25
20010513,7.43
20010514,8.37
20010515,7.92
20010516,8.32
20010517,7.94
20010518,1.51
20010519,1.81
20010520,5.49
20010521,2.99
20010522,2.79
20010523,1.96
20010524,2.43
20010525,4.4
20010526,2.32
20010527,0.25
20010528,4.76
20010529,5.57
20010530,6.04
20010531,4.26
20010601,7.15
20010602,4.82
20010603,9.32
20010604,9.89
20010605,6.6
20010606,6.22
20010607,6.69
20010608,5.16
20010609,5.23
20010610,4.74
20010611,5.4
20010612,5.37
20010613,6.26
20010614,7.63
20010615,5.05
20010616,9.6
20010617,10.68
20010618,9.78
20010619,9.27
20010620,5.13
20010621,6.46
20010622,2.67
20010623,3.38
20010624,5.94
20010625,7.2
20010626,6.85
20010627,7.62
20010628,5.39
20010629,3.58
20010630,3.21
20010701,3.64
20010702,5.14
20010703,5.82
20010704,3.94
20010705,4.18
20010706,4.89
20010707,7.67
20010708,5.38
20010709,2.6
20010710,3.11
20010711,5.03
20010712,3.88
20010713,7.54
20010714,3.98
20010715,5.05
20010716,4.3
20010717,7.19
20010718,4.53
20010719,2.87
20010720,1.2
20010721,1.95
20010722,5.21
20010723,5.15
20010724,6.12
20010725,5.39
20010726,5.92
20010727,7.05
20010728,3.99
20010729,5.94
20010730,2.84
20010731,3.62
20010801,5.18
20010802,3.19
20010803,1.98
20010804,-0.39
20010805,3.78
20010806,4.09
20010807,4.37
20010808,0.61
20010809,6.25
20010810,6.27
20010811,5.03
20010812,4.27
20010813,3.57
20010814,3.48
20010815,4.69
20010816,3.44
20010817,3.44
20010818,2.09
20010819,1.72
20010820,-0.71
20010821,1.67
20010822,3.03
20010823,0.23
20010824,1.68
20010825,0.53
20010826,4.14
20010827,5.56
20010828,4.28
20010829,2.82
20010830,0.93
20010831,0.38
20010901,1.11
20010902,-0.69
20010903,-1.1
20010904,1.86
20010905,-0.62
20010906,0.28
20010907,1.22
20010908,1.52
20010909,2.66
20010910,1.89
20010911,0.49
20010912,0.92
20010913,0.4
20010914,-0.37
20010915,2.83
20010916,1.13
20010917,1.77
20010918,-1.14
20010919,2.79
20010920,-0.45
20010921,1.72
20010922,-0.76
20010923,-1.43
20010924,-3.07
20010925,-6.76
20010926,-1.94
20010927,-2.71
20010928,-0.72
20010929,-3.82
20010930,-2.53
20011001,-1.76
20011002,-1.67
20011003,2.39
20011004,-1.02
20011005,-3.2
20011006,-2.73
20011007,-3.96
20011008,-0.25
20011009,-4.39
20011010,-9.93
20011011,-8.97
20011012,-4.76
20011013,-1.35
20011014,-8.01
20011015,-5.12
20011016,-4.02
20011017,-4.16
20011018,-6.75
20011019,-2.62
20011020,-2.77
20011021,-6.52
20011022,-8.35
20011023,-8.35
20011024,-9.76
20011025,-9.12
20011026,-4.39
20011027,-4.03
20011028,-7.18
20011029,-7.8
20011030,-3.66
20011031,-2.55
20011101,-7
20011102,-12.8
20011103,-14.24
20011104,-12.59
20011105,-6.13
20011106,-5.08
20011107,-3.46
20011108,-4.2
20011109,-2.59
20011110,-7.26
20011111,-7.45
20011112,-10.17
20011113,-17.03
20011114,-16.42
20011115,-8.86
20011116,-8.69
20011117,-8.75
20011118,-0.61
20011119,-0.33
20011120,-0.8
20011121,-2.66
20011122,-2.57
20011123,-2.32
20011124,1.73
20011125,-1.37
20011126,-0.87
20011127,-1
20011128,-2.57
20011129,-2.19
20011130,-3.69
20011201,-5.58
20011202,-2.54
20011203,-3.56
20011204,-7.61
20011205,-12.82
20011206,-11.73
20011207,-10.55
20011208,-13.92
20011209,-6.53
20011210,-3.32
20011211,-6.13
20011212,-8.92
20011213,-10.52
20011214,-15.45
20011215,-19.38
20011216,-18.94
20011217,-16.12
20011218,-14.27
20011219,-18.47
20011220,-15.09
20011221,-17.4
20011222,-13.08
20011223,-8.98
20011224,-12.27
20011225,-4.74
20011226,-4
20011227,-13.42
20011228,-16.84
20011229,-28.32
20011230,-10.4
20011231,-0.44
20020101,-2.04
20020102,-2.28
20020103,-1.74
20020104,-2.78
20020105,-1.62
20020106,-11.02
20020107,-13.88
20020108,-9.29
20020109,-10.52
20020110,-23.87
20020111,-8.79
20020112,-5.71
20020113,0.12
20020114,2.41
20020115,-1.42
20020116,3.06
20020117,-1.01
20020118,-3.23
20020119,-4.73
20020120,-5.38
20020121,-2.47
20020122,-3.26
20020123,-22.95
20020124,-20.61
20020125,-4.18
20020126,2.61
20020127,-0.75
20020128,-4.69
20020129,-19.7
20020130,-12.4
20020131,-4.38
20020201,-0.07
20020202,-0.46
20020203,-0.65
20020204,-0.73
20020205,-5.7
20020206,-5.82
20020207,-10.87
20020208,-11.95
20020209,-18.04
20020210,-11.5
20020211,-14.37
20020212,-12.06
20020213,-8.74
20020214,-16.56
20020215,-12.23
20020216,-7.64
20020217,-13.25
20020218,-13.02
20020219,-4.57
20020220,-1.01
20020221,-1.23
20020222,2.49
20020223,1.97
20020224,0.07
20020225,0.46
20020226,1.59
20020227,-2.09
20020228,-1.59
20020301,-0.74
20020302,0.48
20020303,0.2
20020304,-2.05
20020305,-1.77
20020306,0.13
20020307,-1.12
20020308,0.24
20020309,-0.55
20020310,-1.29
20020311,-0.02
20020312,1.29
20020313,4
20020314,-0.06
20020315,2.9
20020316,1.94
20020317,2.22
20020318,3.39
20020319,-0.73
20020320,3.45
20020321,1.57
20020322,1.86
20020323,1.86
20020324,0.89
20020325,2.28
20020326,0.65
20020327,0.76
20020328,-1.49
20020329,-4.47
20020330,-2.36
20020331,-2.79
20020401,-0.9
20020402,2.72
20020403,2.41
20020404,2.42
20020405,1.8
20020406,1.22
20020407,2.69
20020408,2.72
20020409,0.92
20020410,-2.49
20020411,-3.38
20020412,1.21
20020413,4.59
20020414,3.86
20020415,4.61
20020416,4.74
20020417,1.32
20020418,0.5
20020419,2.2
20020420,5.03
20020421,2.85
20020422,4.34
20020423,2.04
20020424,3.14
20020425,3.94
20020426,6.97
20020427,1.79
20020428,6.77
20020429,6.7
20020430,7.21
20020501,3.38
20020502,4.48
20020503,6.96
20020504,3.54
20020505,8.23
20020506,3.38
20020507,7.58
20020508,6.24
20020509,7.05
20020510,5.97
20020511,6.83
20020512,2.36
20020513,6.89
20020514,8.56
20020515,8.36
20020516,8.45
20020517,7.06
20020518,5.97
20020519,4.33
20020520,3.43
20020521,9.63
20020522,9.37
20020523,3.83
20020524,4.09
20020525,4.39
20020526,7.21
20020527,5.28
20020528,9.21
20020529,6.64
20020530,4.17
20020531,5.63
20020601,6.22
20020602,8.52
20020603,9.38
20020604,7.06
20020605,5.47
20020606,7.52
20020607,5.03
20020608,9.1
20020609,5.03
20020610,4.99
20020611,6.24
20020612,6.47
20020613,9.36
20020614,8.76
20020615,5.59
20020616,8.01
20020617,8.63
20020618,5.33
20020619,8.24
20020620,5.38
20020621,7.35
20020622,7.18
20020623,9.44
20020624,7.31
20020625,3.12
20020626,4.11
20020627,3.75
20020628,8.52
20020629,9.52
20020630,5.83
20020701,3.63
20020702,5.61
20020703,5.81
20020704,4.21
20020705,5.59
20020706,6.28
20020707,3.72
20020708,5.45
20020709,3.34
20020710,7.89
20020711,7.3
20020712,0.88
20020713,0.57
20020714,0.12
20020715,2.17
20020716,6.07
20020717,4.15
20020718,5.15
20020719,7.15
20020720,4.59
20020721,4.69
20020722,5.13
20020723,5.42
20020724,6.34
20020725,2.43
20020726,2.5
20020727,2.6
20020728,3.09
20020729,5.29
20020730,6.69
20020731,6.73
20020801,6.92
20020802,7.57
20020803,2.57
20020804,6.54
20020805,6.04
20020806,7.32
20020807,4.32
20020808,4.81
20020809,3.06
20020810,-0.55
20020811,-0.41
20020812,5.6
20020813,3.95
20020814,0.56
20020815,5.72
20020816,3.93
20020817,3.31
20020818,1.85
20020819,2.56
20020820,2.02
20020821,2.39
20020822,2.34
20020823,0.09
20020824,-0.39
20020825,4.48
20020826,3.4
20020827,4.17
20020828,0.47
20020829,2.47
20020830,0.69
20020831,0.54
20020901,1.28
20020902,2.52
20020903,1.86
20020904,3.42
20020905,0.45
20020906,1.5
20020907,-1.66
20020908,-1.8
20020909,0.03
20020910,1.24
20020911,-0.6
20020912,0.99
20020913,0.03
20020914,-0.82
20020915,-1.82
20020916,-0.36
20020917,-0.04
20020918,0.19
20020919,-1
20020920,-2.7
20020921,-5.58
20020922,2.11
20020923,1.4
20020924,2.29
20020925,-0.91
20020926,-1.4
20020927,-1.07
20020928,-1.68
20020929,0.56
20020930,0.87
20021001,-1.93
20021002,-0.62
20021003,-0.92
20021004,-2.45
20021005,2.1
20021006,0.67
20021007,-2.41
20021008,-4.78
20021009,-4.18
20021010,1.81
20021011,-2.43
20021012,-2.44
20021013,0.27
20021014,-0.55
20021015,-0.18
20021016,-0.42
20021017,-3.27
20021018,1.36
20021019,-0.49
20021020,-10.8
20021021,-13.33
20021022,-2.08
20021023,-2.26
20021024,-5.28
20021025,-3.35
20021026,-2.61
20021027,-2.32
20021028,-3.11
20021029,0.29
20021030,0.05
20021031,-2.34
20021101,-1.37
20021102,-0.72
20021103,-2.25
20021104,1.2
20021105,-0.69
20021106,-0.88
20021107,-1.46
20021108,-0.8
20021109,-5.18
20021110,-7.08
20021111,-3.53
20021112,-10.64
20021113,-15.9
20021114,-9.43
20021115,-2.61
20021116,-2.94
20021117,-5.49
20021118,-3.4
20021119,-3.58
20021120,-4.35
20021121,-3.79
20021122,-4.4
20021123,-6.94
20021124,-5.43
20021125,-3.05
20021126,-0.94
20021127,-3.84
20021128,-5.28
20021129,-11.28
20021130,-9.25
20021201,-3.18
20021202,-0.3
20021203,-2.43
20021204,-3.54
20021205,-2.02
20021206,-3.22
20021207,-3.54
20021208,-4.54
20021209,-5.13
20021210,-4.77
20021211,-4.45
20021212,-4.94
20021213,-6.76
20021214,-6.7
20021215,-6.81
20021216,-5.97
20021217,-7.61
20021218,-5.85
20021219,-4.16
20021220,-6.05
20021221,-5.44
20021222,-7.43
20021223,-9.37
20021224,-6.88
20021225,-5.34
20021226,-10.17
20021227,-9.99
20021228,-3.97
20021229,-3.55
20021230,-8.88
20021231,-11.11
20030101,-14.91
20030102,-13.51
20030103,-14.29
20030104,-17.69
20030105,-13.57
20030106,-15.51
20030107,-17.77
20030108,-4.49
20030109,-1.98
20030110,-2.06
20030111,-1.62
20030112,-2.2
20030113,-2.62
20030114,-2.74
20030115,-2.03
20030116,-2.56
20030117,-2.23
20030118,-1.56
20030119,-3.43
20030120,-1.72
20030121,-0.4
20030122,-3.96
20030123,-3.39
20030124,-1.53
20030125,-4.7
20030126,-2.46
20030127,-2.39
20030128,-2.63
20030129,-1.35
20030130,-4.76
20030131,-3.08
20030201,-1.93
20030202,-0.79
20030203,-0.27
20030204,-5.74
20030205,-10.25
20030206,-6.32
20030207,-0.71
20030208,1.22
20030209,-0.21
20030210,-0.24
20030211,-3.21
20030212,-2.14
20030213,-8.13
20030214,-4.27
20030215,-3.46
20030216,-1.75
20030217,-3.79
20030218,-0.61
20030219,-1.05
20030220,-1.14
20030221,-1.61
20030222,-1.16
20030223,-1.76
20030224,0.22
20030225,-0.07
20030226,-0.97
20030227,-1.37
20030228,-0.06
20030301,1.23
20030302,2.68
20030303,-0.44
20030304,-3.76
20030305,-4.91
20030306,-5.69
20030307,-3.31
20030308,-2.56
20030309,-1.01
20030310,-5.04
20030311,-6.5
20030312,-5.07
20030313,-25.19
20030314,-32.37
20030315,-26.66
20030316,-16.21
20030317,-12.59
20030318,-10.12
20030319,-6.53
20030320,-8.6
20030321,-8.23
20030322,-5.66
20030323,-8.33
20030324,-11.78
20030325,-11.15
20030326,-6.15
20030327,-1.7
20030328,0.13
20030329,1.67
20030330,1.17
20030331,1.5
20030401,2.9
20030402,3.14
20030403,0.43
20030404,2.86
20030405,1.48
20030406,1.09
20030407,-4.6
20030408,-3.3
20030409,-0.24
20030410,2.32
20030411,-0.93
20030412,8.07
20030413,4.07
20030414,2.86
20030415,3.74
20030416,2.71
20030417,-0
20030418,1.31
20030419,-0.54
20030420,4.33
20030421,4.72
20030422,5.53
20030423,1.33
20030424,6.04
20030425,6.29
20030426,5.77
20030427,5.54
20030428,3.22
20030429,2.95
20030430,5.53
20030501,4.78
20030502,3.83
20030503,3.41
20030504,6.25
20030505,0.98
20030506,5.19
20030507,4.3
20030508,6.34
20030509,5.93
20030510,6.68
20030511,5.73
20030512,5.47
20030513,3.71
20030514,4.72
20030515,5.88
20030516,5.4
20030517,5.96
20030518,5.98
20030519,7.55
20030520,8.67
20030521,9
20030522,9.34
20030523,4.12
20030524,3.65
20030525,3.76
20030526,4.37
20030527,1.24
20030528,6.99
20030529,8.77
20030530,8.22
20030531,8.6
20030601,9.24
20030602,9.24
20030603,9.68
20030604,9.46
20030605,7.83
20030606,6.37
20030607,6.34
20030608,3.89
20030609,7.97
20030610,3.49
20030611,7.7
20030612,4.98
20030613,5.57
20030614,8.96
20030615,10.29
20030616,5.22
20030617,1.73
20030618,6.97
20030619,4.2
20030620,4.49
20030621,8.5
20030622,6.85
20030623,2.37
20030624,6.92
20030625,4.07
20030626,2.09
20030627,6.24
20030628,2.79
20030629,3.65
20030630,3.1
20030701,2.65
20030702,6.7
20030703,7.2
20030704,4.88
20030705,5.19
20030706,6.46
20030707,6.68
20030708,4.38
20030709,6.84
20030710,2.67
20030711,2.66
20030712,5.75
20030713,6.51
20030714,6.95
20030715,4.4
20030716,3.37
20030717,1.49
20030718,3.46
20030719,8.62
20030720,9.76
20030721,5.41
20030722,2.48
20030723,2.05
20030724,1.5
20030725,4.2
20030726,7.53
20030727,5.41
20030728,1.02
20030729,6.67
20030730,7.42
20030731,7.19
20030801,6.16
20030802,7.27
20030803,4.85
20030804,3.17
20030805,2.58
20030806,6.07
20030807,8.34
20030808,6.86
20030809,4.06
20030810,5.47
20030811,1.95
20030812,2.47
20030813,2
20030814,1.8
20030815,1.15
20030816,-0.3
20030817,0.93
20030818,0.79
20030819,-0.35
20030820,0.74
20030821,2.63
20030822,3.78
20030823,1.47
20030824,0.41
20030825,2.24
20030826,0.1
20030827,3.33
20030828,2.93
20030829,4.98
20030830,1.84
20030831,2.22
20030901,2.17
20030902,0.81
20030903,1.53
20030904,0.78
20030905,2.65
20030906,2.38
20030907,-0.32
20030908,2.97
20030909,1.32
20030910,1.05
20030911,0.4
20030912,0.68
20030913,-0.24
20030914,0.87
20030915,-5.36
20030916,-4.55
20030917,-0.88
20030918,-1.51
20030919,-6.13
20030920,-5.66
20030921,-2.3
20030922,-4.02
20030923,-4.69
20030924,-1.54
20030925,-1.73
20030926,0.15
20030927,0.31
20030928,0.57
20030929,-0.8
20030930,-0.11
20031001,0.96
20031002,1.15
20031003,0.06
20031004,0.56
20031005,-1.8
20031006,-7.4
20031007,-4.98
20031008,-5.79
20031009,-5.5
20031010,-3.37
20031011,-2.04
20031012,-1.84
20031013,-2.33
20031014,0.32
20031015,1.31
20031016,-1.94
20031017,-8.65
20031018,-9.29
20031019,-10.62
20031020,-7.7
20031021,-12.24
20031022,-11.27
20031023,-7.8
20031024,-4.74
20031025,-8.36
20031026,-7.62
20031027,-3.75
20031028,-1.26
20031029,-0.59
20031030,1.97
20031031,-1.01
20031101,1.57
20031102,1.71
20031103,1.98
20031104,-0.64
20031105,-0.89
20031106,-0.21
20031107,-2.44
20031108,-1.34
20031109,-2.56
20031110,-5.51
20031111,-3.27
20031112,-5.86
20031113,-9.49
20031114,-10.18
20031115,-10.36
20031116,-8.45
20031117,-13.42
20031118,-2.1
20031119,-1.01
20031120,1.77
20031121,-3.8
20031122,-8.78
20031123,-1.42
20031124,-5.96
20031125,-7.73
20031126,-16.78
20031127,-3.58
20031128,-9.98
20031129,-9.96
20031130,-14.07
20031201,-11.65
20031202,-8.22
20031203,-39.66
20031204,-14.79
20031205,-4.01
20031206,-3.47
20031207,-3.23
20031208,-6.78
20031209,-4.97
20031210,-4.55
20031211,-2.57
20031212,-4.42
20031213,-6.07
20031214,-10.13
20031215,-9.06
20031216,-11.57
20031217,-10.84
20031218,-8.69
20031219,-5.19
20031220,-8.35
20031221,-14.59
20031222,-14.12
20031223,-9.32
20031224,-9.12
20031225,-6.17
20031226,-1.61
20031227,-3.4
20031228,-3.7
20031229,-6.41
20031230,-7.15
20031231,-3.54
20040101,-1.34
20040102,-4.88
20040103,-5.83
20040104,-6.21
20040105,-6.49
20040106,-8.53
20040107,-20.95
20040108,-29.12
20040109,-14.77
20040110,-9.21
20040111,-5.55
20040112,-3.29
20040113,-8.04
20040114,-10.61
20040115,-9.97
20040116,-12.61
20040117,-11.38
20040118,-18.13
20040119,-19.48
20040120,-4.64
20040121,-5.04
20040122,-7.22
20040123,-0.9
20040124,0.96
20040125,0.16
20040126,-1.28
20040127,-0.86
20040128,-2.45
20040129,-2.27
20040130,-2.6
20040131,-1.63
20040201,-6.56
20040202,-6.32
20040203,-1.01
20040204,-8.59
20040205,-20.22
20040206,-18.66
20040207,-12.56
20040208,-2.71
20040209,-1.95
20040210,-2.69
20040211,-2.38
20040212,-0.48
20040213,-2.67
20040214,-1.66
20040215,-1.3
20040216,-1.03
20040217,-1.34
20040218,-6.36
20040219,-0.06
20040220,-0.23
20040221,-0.49
20040222,-1.11
20040223,-2.77
20040224,-2.32
20040225,-3.23
20040226,1.37
20040227,-2.52
20040228,-2.41
20040229,0.76
20040301,0.58
20040302,-1.4
20040303,-0.75
20040304,-1.9
20040305,-1.48
20040306,-3.6
20040307,-11.05
20040308,-8.87
20040309,-0.67
20040310,-0.46
20040311,-0.37
20040312,-1.19
20040313,-1.85
20040314,-0.71
20040315,-1.78
20040316,-2.62
20040317,-9.73
20040318,-10.59
20040319,-9.35
20040320,-5.2
20040321,-1.85
20040322,-2.42
20040323,-1.28
20040324,2.07
20040325,2.5
20040326,-3.73
20040327,-10.17
20040328,-11.71
20040329,-9.91
20040330,-10.39
20040331,-10
20040401,-13.89
20040402,-13.87
20040403,-6.33
20040404,-2.89
20040405,-3.97
20040406,2.94
20040407,4.19
20040408,4.81
20040409,3.36
20040410,6.42
20040411,4.8
20040412,3.62
20040413,4.98
20040414,7.62
20040415,8.82
20040416,4.5
20040417,5.76
20040418,5.91
20040419,2.84
20040420,3.82
20040421,5.06
20040422,6.42
20040423,5.14
20040424,5.05
20040425,3
20040426,6.08
20040427,6.44
20040428,5.97
20040429,0.78
20040430,6.29
20040501,4.75
20040502,8.07
20040503,7.34
20040504,4.37
20040505,8.55
20040506,5.7
20040507,7.42
20040508,7.18
20040509,2.73
20040510,6.11
20040511,5.6
20040512,5.55
20040513,5.75
20040514,4.72
20040515,5.45
20040516,4.76
20040517,8.32
20040518,8.67
20040519,4.5
20040520,3.13
20040521,6.32
20040522,3.51
20040523,9.32
20040524,5.07
20040525,6.72
20040526,6.78
20040527,2.18
20040528,4.71
20040529,2.23
20040530,3.78
20040531,2.12
20040601,6.63
20040602,9.86
20040603,6.91
20040604,6.39
20040605,5.09
20040606,4.18
20040607,7.85
20040608,4.42
20040609,8.11
20040610,6.61
20040611,7.2
20040612,8.19
20040613,3.58
20040614,5.18
20040615,8.13
20040616,4.76
20040617,6.89
20040618,4.13
20040619,6.57
20040620,3.82
20040621,3.08
20040622,2.47
20040623,2.7
20040624,6.61
20040625,7.07
20040626,8.05
20040627,8.03
20040628,9.05
20040629,2.71
20040630,3.08
20040701,7.53
20040702,7.89
20040703,9.83
20040704,7.22
20040705,4.62
20040706,6.04
20040707,6.85
20040708,8.37
20040709,10.62
20040710,10.28
20040711,9.11
20040712,2.34
20040713,4.08
20040714,5.13
20040715,8.55
20040716,0.86
20040717,3.39
20040718,7.34
20040719,3.8
20040720,3.86
20040721,5.88
20040722,6.22
20040723,1.78
20040724,1.4
20040725,2.6
20040726,4.63
20040727,0.77
20040728,2.7
20040729,2.98
20040730,1.32
20040731,5.01
20040801,5.34
20040802,5.73
20040803,3.25
20040804,0.43
20040805,3.47
20040806,6.24
20040807,0.74
20040808,0.85
20040809,2.67
20040810,4.71
20040811,0.88
20040812,2
20040813,2.26
20040814,3.39
20040815,3.32
20040816,1.38
20040817,4.92
20040818,5.32
20040819,6.01
20040820,4.85
20040821,2.18
20040822,3.05
20040823,1.72
20040824,3.8
20040825,1.93
20040826,1.82
20040827,2.04
20040828,0.5
20040829,0.5
20040830,2.12
20040831,0.21
20040901,0.67
20040902,2.63
20040903,1.46
20040904,0.17
20040905,1.92
20040906,0.95
20040907,-0.68
20040908,-0.42
20040909,0.15
20040910,-2.11
20040911,-0.08
20040912,-0.98
20040913,0.01
20040914,-1.32
20040915,-1.92
20040916,-4.24
20040917,-4.78
20040918,1.27
20040919,-0.93
20040920,-2.43
20040921,-0.91
20040922,-0.23
20040923,-5.33
20040924,-1.18
20040925,-10.97
20040926,-10.52
20040927,-2.08
20040928,-1.82
20040929,0.38
20040930,-6.63
20041001,-5.4
20041002,-3.36
20041003,-4.85
20041004,-2.29
20041005,-3.66
20041006,-4.01
20041007,-1.86
20041008,-0.89
20041009,-2.54
20041010,-2.93
20041011,-0.46
20041012,-1.29
20041013,0.5
20041014,-0.9
20041015,-3.36
20041016,-3.36
20041017,0.81
20041018,2.32
20041019,-3
20041020,-3.38
20041021,-6.12
20041022,-2.34
20041023,-3.51
20041024,-8.73
20041025,-3.85
20041026,-1.65
20041027,-4.26
20041028,-6.24
20041029,-7.96
20041030,-10.42
20041031,-14.6
20041101,-7.26
20041102,-5
20041103,-16.89
20041104,-8.99
20041105,-4.12
20041106,-7.02
20041107,-8.7
20041108,-8.23
20041109,-10.24
20041110,-1.47
20041111,-2.08
20041112,-4.68
20041113,-3.86
20041114,0.49
20041115,-10.05
20041116,-7.77
20041117,-3.63
20041118,-3.44
20041119,-3.57
20041120,-4.41
20041121,-1.89
20041122,-3.91
20041123,-4.39
20041124,-3.19
20041125,-5.37
20041126,-1.9
20041127,-3.24
20041128,-4.81
20041129,-3.5
20041130,-3.18
20041201,-4.63
20041202,-5.2
20041203,-6.14
20041204,-6.5
20041205,-4.46
20041206,-4.62
20041207,-7.28
20041208,-12.51
20041209,-14.9
20041210,-7.08
20041211,-10.9
20041212,-5.12
20041213,-4.74
20041214,-6.05
20041215,-3.67
20041216,-4.92
20041217,-4.48
20041218,-6.29
20041219,-7.54
20041220,-8.46
20041221,-10.81
20041222,-14.77
20041223,-16.28
20041224,-9.4
20041225,-2.71
20041226,-0.67
20041227,-6.96
20041228,-5.51
20041229,-6.85
20041230,-1.52
20041231,0.38
20050101,-0.24
20050102,-3.2
20050103,-2.44
20050104,-6.89
20050105,-2.39
20050106,-1.01
20050107,-2.34
20050108,-2.97
20050109,-2.87
20050110,-1.8
20050111,-2.38
20050112,-2.21
20050113,1.51
20050114,0.03
20050115,0.42
20050116,-0.75
20050117,-5.65
20050118,-6.92
20050119,-4.47
20050120,-0.76
20050121,-1.62
20050122,-2.37
20050123,-5.11
20050124,-2.9
20050125,-0.42
20050126,-2.04
20050127,-0.63
20050128,-1.79
20050129,-1.73
20050130,-1.25
20050131,-4.02
20050201,-8.86
20050202,-12.08
20050203,-8.85
20050204,-7.39
20050205,-5.72
20050206,1.8
20050207,1.22
20050208,-5.39
20050209,-15.12
20050210,-7.84
20050211,-4.48
20050212,-1.17
20050213,-0.99
20050214,-1.39
20050215,-2.3
20050216,-1.92
20050217,1.32
20050218,-1.42
20050219,-1.98
20050220,0.18
20050221,-0.3
20050222,-1.85
20050223,-3.2
20050224,-3.76
20050225,-2.89
20050226,-3.29
20050227,-3.45
20050228,-4.99
20050301,-7.48
20050302,-4.37
20050303,-0.16
20050304,-2.28
20050305,-0.98
20050306,-1.92
20050307,0.38
20050308,0.91
20050309,1.38
20050310,0.6
20050311,-1.26
20050312,1.12
20050313,1.34
20050314,-0.04
20050315,0.68
20050316,-0.55
20050317,-1.08
20050318,2.55
20050319,2.27
20050320,1.14
20050321,-11.9
20050322,-5.1
20050323,-1.32
20050324,-0.61
20050325,-2.2
20050326,-1.54
20050327,0.49
20050328,-3.06
20050329,-5.96
20050330,-14.48
20050331,-16.19
20050401,-5.79
20050402,-1.18
20050403,-4.98
20050404,-13.64
20050405,-10.59
20050406,-5.86
20050407,-1.54
20050408,-3.79
20050409,-4.49
20050410,-5.41
20050411,-2.56
20050412,1.68
20050413,2.81
20050414,4.37
20050415,4.81
20050416,2.84
20050417,-1.87
20050418,-5.07
20050419,-3.76
20050420,-1.19
20050421,-1.86
20050422,3.79
20050423,4.84
20050424,3.86
20050425,3.55
20050426,3.87
20050427,8.89
20050428,6.1
20050429,6.06
20050430,5.07
20050501,6.96
20050502,7.14
20050503,7.37
20050504,4.61
20050505,1.01
20050506,1.54
20050507,3.47
20050508,4.58
20050509,6.89
20050510,8.34
20050511,8.2
20050512,8.73
20050513,7.72
20050514,6.62
20050515,4.13
20050516,6.27
20050517,1.29
20050518,-4.32
20050519,-2.56
20050520,-0.63
20050521,2.97
20050522,4.53
20050523,7.97
20050524,5.8
20050525,5.8
20050526,3.23
20050527,7.59
20050528,9.14
20050529,9.51
20050530,9.05
20050531,7.72
20050601,7.86
20050602,7.98
20050603,9.75
20050604,9.22
20050605,4.2
20050606,7.15
20050607,8.58
20050608,8.61
20050609,8.21
20050610,5.14
20050611,5.15
20050612,-0.62
20050613,2.86
20050614,8.46
20050615,8.5
20050616,5.62
20050617,1.14
20050618,4.12
20050619,2.39
20050620,4.88
20050621,4.59
20050622,5.9
20050623,6.29
20050624,3.9
20050625,6.23
20050626,9.79
20050627,9.79
20050628,10.55
20050629,6.2
20050630,5.22
20050701,7.39
20050702,4.16
20050703,3.59
20050704,4.28
20050705,4
20050706,5.02
20050707,7.22
20050708,6.86
20050709,4.07
20050710,1.95
20050711,0.47
20050712,4.72
20050713,8.18
20050714,8.97
20050715,2.32
20050716,2
20050717,3.84
20050718,3.17
20050719,4.91
20050720,5.6
20050721,0.08
20050722,6.11
20050723,4.14
20050724,3.23
20050725,8.53
20050726,6.07
20050727,6.07
20050728,3.2
20050729,3.85
20050730,4.48
20050731,4.59
20050801,3.05
20050802,2.36
20050803,3.48
20050804,0.84
20050805,-0.58
20050806,2.02
20050807,4.97
20050808,6.48
20050809,1.57
20050810,0.52
20050811,5.58
20050812,5.36
20050813,3.44
20050814,6.22
20050815,5.19
20050816,4.79
20050817,3.4
20050818,1.72
20050819,1.24
20050820,-0
20050821,1.23
20050822,1.48
20050823,-2.2
20050824,1.27
20050825,-0.34
20050826,3.17
20050827,1.01
20050828,4.04
20050829,3.61
20050830,2.44
20050831,-0.02
20050901,-0.27
20050902,0.07
20050903,1.39
20050904,-1.73
20050905,3.89
20050906,2.93
20050907,0.09
20050908,-2.77
20050909,0.07
20050910,-0.31
20050911,2.21
20050912,-1.67
20050913,-1.02
20050914,2.08
20050915,2.58
20050916,-0.07
20050917,0.07
20050918,-0.79
20050919,-1.82
20050920,-1.23
20050921,-0.12
20050922,2.42
20050923,0.45
20050924,-1.79
20050925,-0.73
20050926,-0.63
20050927,-0.07
20050928,0.69
20050929,-3.22
20050930,-4.65
20051001,-4.98
20051002,-2.39
20051003,-4.32
20051004,-5.69
20051005,-0.08
20051006,-3.61
20051007,-2.27
20051008,-4.84
20051009,-2.52
20051010,-1.2
20051011,-4.64
20051012,-4.8
20051013,-5.47
20051014,-2.91
20051015,-2.77
20051016,-4.33
20051017,-3.92
20051018,-6.66
20051019,-3.15
20051020,-7.75
20051021,-6.38
20051022,-9.4
20051023,-9.9
20051024,-10.51
20051025,-7.88
20051026,-7.55
20051027,-3.39
20051028,-1.85
20051029,-7.53
20051030,-9.47
20051031,-5.22
20051101,-2.48
20051102,-2.37
20051103,-7.38
20051104,-4.5
20051105,-2.53
20051106,-2.4
20051107,-7.47
20051108,-21.27
20051109,-21.65
20051110,-16.94
20051111,-14.26
20051112,-15.06
20051113,-7.01
20051114,-7.75
20051115,-5.95
20051116,-9.96
20051117,-14.8
20051118,-18.32
20051119,-14.89
20051120,-9.91
20051121,-8.86
20051122,-15.3
20051123,-17.85
20051124,-13.76
20051125,-14.76
20051126,-7.42
20051127,-2.44
20051128,-1.02
20051129,-3.42
20051130,-2.86
20051201,-3.85
20051202,-12.44
20051203,-11.99
20051204,-11.53
20051205,0.81
20051206,0.83
20051207,2.2
20051208,-0.36
20051209,-3.98
20051210,-9.28
20051211,-8.81
20051212,-5.26
20051213,-6.45
20051214,-0.41
20051215,-0.86
20051216,-3.69
20051217,-4.99
20051218,-2.83
20051219,-1.9
20051220,-1.88
20051221,-0.88
20051222,-2.77
20051223,-3.83
20051224,-3.01
20051225,-2.58
20051226,-0.97
20051227,-2.05
20051228,-1.87
20051229,-1.77
20051230,-1.72
20051231,-2.97
20060101,-4.54
20060102,-3.82
20060103,-2.18
20060104,-4.89
20060105,-4.18
20060106,-5.36
20060107,-4.93
20060108,-7.86
20060109,-8.28
20060110,-6.09
20060111,-9.7
20060112,-11.82
20060113,-10.2
20060114,-5.99
20060115,-9.13
20060116,-11.74
20060117,-14.64
20060118,-16.19
20060119,-18.28
20060120,-20.21
20060121,-32.35
20060122,-25.1
20060123,-17.5
20060124,-9.58
20060125,-10.3
20060126,-8.89
20060127,-14.69
20060128,-14.66
20060129,-13.7
20060130,-9.17
20060131,-9.57
20060201,-9.26
20060202,-3.9
20060203,-4.56
20060204,0.41
20060205,-0.67
20060206,-4.18
20060207,-5.35
20060208,-1.33
20060209,-2.77
20060210,0.38
20060211,-1.63
20060212,-4.91
20060213,1.82
20060214,3.36
20060215,0.24
20060216,0.73
20060217,0.45
20060218,3.12
20060219,0.28
20060220,-1.08
20060221,-3.7
20060222,-1.11
20060223,-3.79
20060224,-0.23
20060225,1.51
20060226,0.91
20060227,-10.41
20060228,-12.62
20060301,-2.1
20060302,1.21
20060303,-1.94
20060304,1.44
20060305,-3.79
20060306,-1.41
20060307,-1.35
20060308,-4.85
20060309,-2.4
20060310,0.17
20060311,4.15
20060312,1.85
20060313,0.85
20060314,0.57
20060315,-0.09
20060316,2.6
20060317,2.34
20060318,2.55
20060319,2.17
20060320,-5.09
20060321,-9.89
20060322,-6.36
20060323,-2.29
20060324,-1.98
20060325,-4.7
20060326,-3.97
20060327,-2.7
20060328,2.28
20060329,0.64
20060330,4.78
20060331,2.21
20060401,2.19
20060402,1.6
20060403,3.08
20060404,-2.73
20060405,-1.32
20060406,0.99
20060407,2.23
20060408,5.04
20060409,3.34
20060410,3.11
20060411,0.54
20060412,3.67
20060413,-5.47
20060414,-9.87
20060415,-2.52
20060416,2.98
20060417,1.77
20060418,-4.76
20060419,-4.22
20060420,1.9
20060421,4.1
20060422,4.08
20060423,0.96
20060424,-3.55
20060425,2.93
20060426,-0.09
20060427,-2.55
20060428,-6.77
20060429,-3.52
20060430,-0.3
20060501,2.23
20060502,5.1
20060503,6.34
20060504,3.8
20060505,3.34
20060506,-0.78
20060507,3.27
20060508,6.64
20060509,7.49
20060510,6.25
20060511,0.05
20060512,5.31
20060513,5.42
20060514,5.2
20060515,3.3
20060516,5.38
20060517,8.64
20060518,8.06
20060519,4.76
20060520,8.19
20060521,5.53
20060522,5.9
20060523,8.8
20060524,10.17
20060525,10.23
20060526,10.41
20060527,10.95
20060528,10.69
20060529,10.66
20060530,8.48
20060531,9.14
20060601,9.18
20060602,4.74
20060603,4.15
20060604,8.62
20060605,9.05
20060606,9.54
20060607,7.92
20060608,4.83
20060609,4.5
20060610,6.83
20060611,6.75
20060612,4.72
20060613,8.04
20060614,7.71
20060615,4.03
20060616,4.2
20060617,1.75
20060618,4.68
20060619,5.6
20060620,4
20060621,8.05
20060622,5.89
20060623,3.89
20060624,5.87
20060625,7.52
20060626,4.35
20060627,5.3
20060628,6.61
20060629,3.23
20060630,7.38
20060701,5.74
20060702,7
20060703,8.45
20060704,8.76
20060705,9.62
20060706,9.16
20060707,8.3
20060708,4.85
20060709,7.93
20060710,2.14
20060711,7.39
20060712,5.45
20060713,5.09
20060714,4.55
20060715,6.54
20060716,5.64
20060717,6.91
20060718,2.86
20060719,7.21
20060720,9.11
20060721,7.67
20060722,6.22
20060723,7.69
20060724,6.54
20060725,7.07
20060726,2.94
20060727,2.61
20060728,5.5
20060729,3.9
20060730,3.72
20060731,2.65
20060801,4.27
20060802,5.79
20060803,6.86
20060804,3.18
20060805,3.39
20060806,5.94
20060807,4.67
20060808,2.07
20060809,3.06
20060810,1.65
20060811,2.21
20060812,2.27
20060813,3.17
20060814,2.12
20060815,6.9
20060816,4.38
20060817,2.86
20060818,0.52
20060819,0.62
20060820,2.72
20060821,2.26
20060822,4.85
20060823,2.86
20060824,0.96
20060825,2.01
20060826,3.45
20060827,-0.84
20060828,2.99
20060829,1.23
20060830,1.56
20060831,1.07
20060901,4.36
20060902,1.51
20060903,3.22
20060904,3.33
20060905,2.99
20060906,-1.29
20060907,1.01
20060908,-1.91
20060909,4.17
20060910,1.89
20060911,3.23
20060912,2.58
20060913,-0.65
20060914,2.72
20060915,0.93
20060916,0.43
20060917,0.28
20060918,0.81
20060919,1.14
20060920,-1.2
20060921,-0.98
20060922,-0.97
20060923,-0.01
20060924,-0.18
20060925,-0.7
20060926,-1.77
20060927,-1.11
20060928,-3.79
20060929,-3.7
20060930,-0.54
20061001,1.97
20061002,0.51
20061003,-1.38
20061004,-4.32
20061005,-4.28
20061006,-1.73
20061007,-4.71
20061008,-6.4
20061009,-9.71
20061010,-4.94
20061011,-2.15
20061012,-1.2
20061013,-1.25
20061014,2.73
20061015,3.2
20061016,-0.6
20061017,-1.9
20061018,0.14
20061019,-2.4
20061020,-2.65
20061021,-4.39
20061022,-1.59
20061023,-5.51
20061024,-2.33
20061025,-5.82
20061026,-8.07
20061027,-3.32
20061028,-1.75
20061029,-1.5
20061030,-1.68
20061031,-5.5
20061101,-6.89
20061102,-5.14
20061103,-6.76
20061104,-4.89
20061105,-4.6
20061106,-8.13
20061107,-7.19
20061108,-12.76
20061109,-9.85
20061110,-12.96
20061111,-10.44
20061112,-10.22
20061113,-7.2
20061114,-10.32
20061115,-14.38
20061116,-22.48
20061117,-15.97
20061118,-8.41
20061119,-11
20061120,-4.08
20061121,-2.78
20061122,-3.93
20061123,-2.95
20061124,0.14
20061125,-0.81
20061126,0.55
20061127,-0.75
20061128,-1.16
20061129,-1.69
20061130,-3.77
20061201,-5.06
20061202,-6.06
20061203,-2.87
20061204,-4.18
20061205,-4.74
20061206,-2.47
20061207,-2.2
20061208,-2.07
20061209,-3.48
20061210,-5.43
20061211,-10.51
20061212,-12.75
20061213,-7.69
20061214,-12.24
20061215,-5.76
20061216,-4.68
20061217,-4.59
20061218,-5.32
20061219,-7.18
20061220,-10.75
20061221,-8.28
20061222,-9.52
20061223,-7.73
20061224,-6.69
20061225,-7.94
20061226,-7.88
20061227,-3.61
20061228,-12.66
20061229,-18.27
20061230,-13.24
20061231,-15.13
20070101,-17.35
20070102,-19.18
20070103,-19.74
20070104,-15.94
20070105,-15.97
20070106,-13.58
20070107,-18.53
20070108,-6.76
20070109,-2.17
20070110,1.58
20070111,-1.41
20070112,-2.93
20070113,-2.77
20070114,-4.77
20070115,-4.36
20070116,-4.25
20070117,-1.34
20070118,-1.65
20070119,-2.05
20070120,-7.62
20070121,-7.72
20070122,-10.56
20070123,-10.69
20070124,-8.6
20070125,-21.84
20070126,-4.7
20070127,-0.73
20070128,-0.99
20070129,-0.47
20070130,1.15
20070131,0.05
20070201,-0.12
20070202,0.84
20070203,-0.69
20070204,-0.68
20070205,-1.04
20070206,0.51
20070207,0.02
20070208,-0.56
20070209,-0.26
20070210,-0.2
20070211,0.83
20070212,-1.09
20070213,-0.96
20070214,-1.99
20070215,-2.37
20070216,-0.63
20070217,0.66
20070218,-0.17
20070219,-0.47
20070220,-4.5
20070221,-2.27
20070222,-4.44
20070223,-7.42
20070224,-7.12
20070225,0.37
20070226,-0.25
20070227,-1.18
20070228,0.83
20070301,-10.32
20070302,-9.7
20070303,-9.75
20070304,-6.09
20070305,-11.25
20070306,-12.67
20070307,-13.23
20070308,-24.46
20070309,-23.12
20070310,-13.7
20070311,-10.45
20070312,-5.44
20070313,-3.58
20070314,-1.33
20070315,-6.87
20070316,-6.36
20070317,-3.87
20070318,-2.08
20070319,-2.7
20070320,-2.07
20070321,-3.37
20070322,-1.85
20070323,-1.19
20070324,-0.43
20070325,0.89
20070326,-6.93
20070327,-7.62
20070328,-0.57
20070329,2.94
20070330,2.22
20070331,3.25
20070401,3.71
20070402,3.57
20070403,3.63
20070404,2.56
20070405,2.03
20070406,5.31
20070407,3.75
20070408,3.48
20070409,2.97
20070410,3.98
20070411,4.67
20070412,3.88
20070413,2.97
20070414,0.71
20070415,2.52
20070416,1.05
20070417,6.03
20070418,-3.55
20070419,-1.25
20070420,1.38
20070421,3.83
20070422,4.31
20070423,5.85
20070424,7.48
20070425,6.7
20070426,4.69
20070427,2.83
20070428,3.75
20070429,6.88
20070430,7.6
20070501,4.95
20070502,2.79
20070503,1.85
20070504,0.09
20070505,1.32
20070506,3.9
20070507,2.55
20070508,1.99
20070509,3.32
20070510,1.68
20070511,5.85
20070512,8.29
20070513,1.86
20070514,0.6
20070515,7.06
20070516,6.32
20070517,8.81
20070518,8.39
20070519,7.25
20070520,6.39
20070521,6.79
20070522,3.87
20070523,2.56
20070524,4.13
20070525,3
20070526,4.8
20070527,5.77
20070528,7.83
20070529,8.73
20070530,9.09
20070531,6.14
20070601,7.89
20070602,9.03
20070603,9.12
20070604,9.92
20070605,9.62
20070606,7.65
20070607,6.17
20070608,1.41
20070609,3.45
20070610,6.14
20070611,6.52
20070612,3.39
20070613,8.04
20070614,6.12
20070615,8.15
20070616,6.22
20070617,3.82
20070618,1.79
20070619,5.24
20070620,4.54
20070621,4.76
20070622,3.83
20070623,5
20070624,3.21
20070625,2.38
20070626,7.8
20070627,3.58
20070628,4.62
20070629,6.06
20070630,2.82
20070701,5.89
20070702,7.39
20070703,6.53
20070704,6.77
20070705,7.45
20070706,8.89
20070707,7.49
20070708,6.74
20070709,5.28
20070710,6.45
20070711,4.87
20070712,5.66
20070713,5.41
20070714,6.22
20070715,6.85
20070716,6.95
20070717,6.68
20070718,6.79
20070719,5.16
20070720,4.11
20070721,2.86
20070722,4.4
20070723,2.02
20070724,5.01
20070725,8.4
20070726,6.95
20070727,4.94
20070728,3.29
20070729,4.62
20070730,6.02
20070731,1.9
20070801,3.59
20070802,4.46
20070803,2.44
20070804,2.65
20070805,7.57
20070806,5.97
20070807,5.07
20070808,4.68
20070809,2.53
20070810,2.1
20070811,5.04
20070812,7.43
20070813,6.18
20070814,2.23
20070815,3.39
20070816,1.4
20070817,3.13
20070818,3.24
20070819,4.02
20070820,1.84
20070821,2.33
20070822,3.58
20070823,2.75
20070824,3.1
20070825,-0.16
20070826,3.22
20070827,4.96
20070828,3.49
20070829,3.47
20070830,2.41
20070831,0.91
20070901,2.3
20070902,0.24
20070903,1.5
20070904,1.96
20070905,1.35
20070906,0.46
20070907,-1.95
20070908,1.89
20070909,0.53
20070910,-2.33
20070911,1.21
20070912,-0.31
20070913,-0.62
20070914,1.36
20070915,0.01
20070916,-2.27
20070917,1.75
20070918,4.65
20070919,-0.78
20070920,1.22
20070921,0.48
20070922,0.26
20070923,-1
20070924,1.16
20070925,1.1
20070926,0.33
20070927,-0.44
20070928,0.47
20070929,-4.7
20070930,2.08
20071001,0.19
20071002,-2.02
20071003,-3.71
20071004,1.03
20071005,-4.03
20071006,-4.47
20071007,-1.31
20071008,-1.69
20071009,-0.22
20071010,-1.82
20071011,1.72
20071012,0.68
20071013,-2.78
20071014,-5.01
20071015,-0.66
20071016,-2.7
20071017,-3.32
20071018,-2.83
20071019,-5.22
20071020,-1.8
20071021,-3.79
20071022,-2.92
20071023,-3.8
20071024,0.34
20071025,3.06
20071026,-0.79
20071027,-0.2
20071028,-2.13
20071029,-2.22
20071030,-5.78
20071031,-4.85
20071101,-6.07
20071102,-7.78
20071103,-3.45
20071104,-2.44
20071105,-2.25
20071106,-1.57
20071107,-2.33
20071108,-1.83
20071109,-2.12
20071110,-7.02
20071111,-3.76
20071112,-2.98
20071113,-4.98
20071114,-7.09
20071115,-8.37
20071116,-11.21
20071117,-6.67
20071118,-3.49
20071119,-6.35
20071120,-12.95
20071121,-8.31
20071122,-7.15
20071123,-6.49
20071124,-5.53
20071125,-0.78
20071126,-3.13
20071127,0.59
20071128,1.14
20071129,3.93
20071130,7.26
20071201,0.87
20071202,-1.29
20071203,-4.9
20071204,-5.12
20071205,-2.45
20071206,-4.5
20071207,-4.87
20071208,-3.53
20071209,-0.07
20071210,-5.72
20071211,-5.58
20071212,-3.08
20071213,-5.71
20071214,-6.28
20071215,-9.57
20071216,-10.51
20071217,-16.03
20071218,-11.39
20071219,-9.29
20071220,-6.73
20071221,-3.14
20071222,-15.24
20071223,-13.86
20071224,-11.91
20071225,-10.93
20071226,-10.28
20071227,-5.7
20071228,-6.64
20071229,-7.83
20071230,-14.75
20071231,-12.3
20080101,-14.95
20080102,-9.15
20080103,-12.74
20080104,-14.41
20080105,-19.71
20080106,-17.56
20080107,-19.99
20080108,-14.97
20080109,-15.59
20080110,-18.53
20080111,-19.71
20080112,-22.64
20080113,-10.69
20080114,-5.45
20080115,-1.12
20080116,-1.15
20080117,-0.45
20080118,-0.42
20080119,5.07
20080120,0.06
20080121,1.71
20080122,-1.06
20080123,-5.42
20080124,1.01
20080125,-1.42
20080126,-1.28
20080127,1.64
20080128,-2.7
20080129,-3.32
20080130,-2.66
20080131,-3.52
20080201,-5.03
20080202,-7.49
20080203,-12.25
20080204,-9.48
20080205,-11.63
20080206,-14.86
20080207,-11.54
20080208,-7.16
20080209,-5.24
20080210,-3.89
20080211,-10.49
20080212,-14.61
20080213,-23.78
20080214,-26.29
20080215,-8.56
20080216,-3.33
20080217,-0.46
20080218,1.32
20080219,-0.97
20080220,-2.16
20080221,-13.53
20080222,-21.67
20080223,-17.55
20080224,-6.83
20080225,-6.99
20080226,-4.19
20080227,-1.97
20080228,-3.64
20080229,-2.71
20080301,-5.32
20080302,-0.59
20080303,2.39
20080304,0.21
20080305,-1.38
20080306,2.39
20080307,0.31
20080308,0.73
20080309,-0.73
20080310,-4.07
20080311,-5.98
20080312,-5.32
20080313,-2.89
20080314,0.5
20080315,3.85
20080316,1.72
20080317,-12.17
20080318,-12.04
20080319,-17.83
20080320,-12.87
20080321,-11.57
20080322,-9.61
20080323,-8.43
20080324,-4.57
20080325,-3.82
20080326,-2.77
20080327,-0.95
20080328,-0.28
20080329,2.15
20080330,2.1
20080331,2.46
20080401,2.73
20080402,0.82
20080403,4.6
20080404,4.3
20080405,3
20080406,3.61
20080407,1.25
20080408,0.82
20080409,-1.49
20080410,-3.45
20080411,-0.43
20080412,2.39
20080413,6.46
20080414,4.31
20080415,-2.97
20080416,-0.33
20080417,6.46
20080418,4.55
20080419,5.63
20080420,7.4
20080421,6.17
20080422,5.84
20080423,6.94
20080424,6.16
20080425,-0.21
20080426,-3.1
20080427,0.13
20080428,3.48
20080429,1.7
20080430,-0.05
20080501,-1.27
20080502,-1.3
20080503,-0.09
20080504,3.12
20080505,5.97
20080506,3.59
20080507,5.83
20080508,6.81
20080509,6.94
20080510,9.23
20080511,3.8
20080512,6.09
20080513,9.05
20080514,7.25
20080515,8.03
20080516,7.85
20080517,8.16
20080518,8.64
20080519,9.65
20080520,6.71
20080521,7.75
20080522,9.56
20080523,6.65
20080524,7.21
20080525,6.22
20080526,8.95
20080527,7.85
20080528,6.6
20080529,6.22
20080530,4.96
20080531,7.71
20080601,6.62
20080602,8.9
20080603,6.6
20080604,6.15
20080605,3.44
20080606,5.89
20080607,7.37
20080608,5.72
20080609,5.19
20080610,6.86
20080611,5.57
20080612,5.09
20080613,2.63
20080614,4.23
20080615,3.39
20080616,4.02
20080617,3.53
20080618,3.12
20080619,3.24
20080620,4.46
20080621,7.82
20080622,6.44
20080623,4.01
20080624,5.14
20080625,3.39
20080626,7.93
20080627,4.07
20080628,6.25
20080629,8.15
20080630,8.19
20080701,3.76
20080702,8.88
20080703,8.19
20080704,5.7
20080705,7.13
20080706,9.87
20080707,8.98
20080708,7.9
20080709,5.33
20080710,7.77
20080711,8.55
20080712,3.55
20080713,6.37
20080714,5.26
20080715,2.8
20080716,4.88
20080717,5.88
20080718,1.97
20080719,6.67
20080720,2.79
20080721,3.42
20080722,3.88
20080723,2.32
20080724,7.67
20080725,6.49
20080726,4.95
20080727,6.67
20080728,4.77
20080729,6.67
20080730,5.6
20080731,4.25
20080801,5.56
20080802,4.22
20080803,7.51
20080804,5.41
20080805,5.79
20080806,7.02
20080807,4.82
20080808,3.58
20080809,5.22
20080810,2.37
20080811,5.55
20080812,4.52
20080813,1.06
20080814,1.28
20080815,1.65
20080816,3.84
20080817,1.76
20080818,3.27
20080819,5.5
20080820,3.32
20080821,1.13
20080822,2.38
20080823,4.99
20080824,3.23
20080825,3.99
20080826,3.16
20080827,3
20080828,1.74
20080829,1.78
20080830,1.61
20080831,1.41
20080901,4.02
20080902,2.87
20080903,2.19
20080904,2.36
20080905,-0.17
20080906,-0.98
20080907,0.51
20080908,3.94
20080909,-0.86
20080910,1.68
20080911,-0.77
20080912,2.8
20080913,1.68
20080914,0.85
20080915,3.08
20080916,1.41
20080917,0.12
20080918,-0.85
20080919,-2.88
20080920,0.13
20080921,0.25
20080922,1.14
20080923,0.19
20080924,0.99
20080925,-1.49
20080926,-1.53
20080927,-0.25
20080928,-2.37
20080929,0.37
20080930,0.86
20081001,-0.18
20081002,-3.38
20081003,-6.44
20081004,-8.69
20081005,-8.72
20081006,-7.76
20081007,-7.52
20081008,-5.04
20081009,1.26
20081010,0.24
20081011,-10.86
20081012,-5.57
20081013,-2.21
20081014,-0.73
20081015,-7.94
20081016,-7.57
20081017,-3.27
20081018,-4.04
20081019,-7.64
20081020,-3.12
20081021,-3.94
20081022,-10.44
20081023,-11.1
20081024,-4.34
20081025,-1.32
20081026,-6.36
20081027,-4.07
20081028,-0.59
20081029,-0
20081030,-0.86
20081031,-0.8
20081101,-1.52
20081102,-2.29
20081103,-3.53
20081104,-5.79
20081105,-9.14
20081106,-7.22
20081107,-3.99
20081108,-5.77
20081109,-11.31
20081110,-9.17
20081111,-7.28
20081112,-5.56
20081113,-4.77
20081114,-3.92
20081115,-3.23
20081116,-2.78
20081117,-2.55
20081118,-7.13
20081119,-9.62
20081120,-9.28
20081121,-5.54
20081122,-4.31
20081123,-10.1
20081124,-13.79
20081125,-7.33
20081126,-7.11
20081127,-14.9
20081128,-21.66
20081129,-11.25
20081130,-4.8
20081201,-1.39
20081202,-0.32
20081203,0.92
20081204,2.3
20081205,0.97
20081206,-1
20081207,-5.9
20081208,-5.61
20081209,-5.49
20081210,-7.05
20081211,-5.11
20081212,-1.22
20081213,-4.14
20081214,-2.04
20081215,-0.69
20081216,1.13
20081217,2.14
20081218,-0.44
20081219,-3.74
20081220,-4.04
20081221,-1.75
20081222,-2.46
20081223,-3.9
20081224,-3.07
20081225,-6.93
20081226,-11.36
20081227,-21.98
20081228,-18.03
20081229,-21.83
20081230,-17.89
20081231,-10.5
20090101,-6.41
20090102,-9.04
20090103,-15.57
20090104,-24.96
20090105,-17.53
20090106,-13.61
20090107,-16.17
20090108,-20.78
20090109,-13.76
20090110,-11.3
20090111,-7.35
20090112,-6.02
20090113,-3.11
20090114,1.74
20090115,0.69
20090116,-3.69
20090117,-10.31
20090118,-5.34
20090119,-4.81
20090120,-2.18
20090121,1.61
20090122,-0.15
20090123,0.07
20090124,0.79
20090125,-0.7
20090126,-2.45
20090127,-1.8
20090128,-7.76
20090129,-19.72
20090130,-17.94
20090131,-12.31
20090201,-14.09
20090202,-9.49
20090203,-2.48
20090204,-0.23
20090205,-1.28
20090206,-3.34
20090207,-18.79
20090208,-10.78
20090209,-8.95
20090210,-3.57
20090211,-0.48
20090212,1.32
20090213,0.11
20090214,-3.42
20090215,0.75
20090216,-12.33
20090217,-13.58
20090218,1.45
20090219,0.09
20090220,-0.74
20090221,-1.82
20090222,3.09
20090223,1.78
20090224,0.53
20090225,-0.3
20090226,-9.24
20090227,-0.57
20090228,0.38
20090301,-1.6
20090302,1.71
20090303,0.75
20090304,3.43
20090305,2.23
20090306,-1.27
20090307,0.25
20090308,5.68
20090309,2.41
20090310,1.33
20090311,0.93
20090312,-0.52
20090313,1.24
20090314,-3.76
20090315,-11.74
20090316,-19
20090317,-19.4
20090318,-15.33
20090319,-13.48
20090320,-9.81
20090321,-8.71
20090322,-8.93
20090323,-4.85
20090324,-3.19
20090325,-3.05
20090326,-2.99
20090327,-3.48
20090328,-2.2
20090329,-1.23
20090330,-1.79
20090331,-2.81
20090401,1.2
20090402,2.02
20090403,-4.33
20090404,-1.85
20090405,2.01
20090406,3.73
20090407,3.78
20090408,2.95
20090409,4.95
20090410,-4.24
20090411,-9.52
20090412,-4.66
20090413,-4.23
20090414,-4.7
20090415,1.83
20090416,0.11
20090417,-0.44
20090418,0.13
20090419,0.26
20090420,0.58
20090421,1.37
20090422,2.6
20090423,3.75
20090424,3.19
20090425,5.31
20090426,3.68
20090427,7.09
20090428,5.05
20090429,5.4
20090430,4.81
20090501,10.14
20090502,9.28
20090503,9.04
20090504,7.95
20090505,3.61
20090506,5.28
20090507,7.32
20090508,6.05
20090509,3.9
20090510,5.4
20090511,8.63
20090512,9.51
20090513,9.92
20090514,9.71
20090515,9.48
20090516,4.21
20090517,5.91
20090518,7.78
20090519,6.26
20090520,7.92
20090521,6.44
20090522,9.25
20090523,9.64
20090524,8.02
20090525,6.79
20090526,6.23
20090527,6.35
20090528,8.81
20090529,7.92
20090530,3.22
20090531,5.76
20090601,9.46
20090602,9.92
20090603,10.23
20090604,5.32
20090605,9.14
20090606,7.88
20090607,5.97
20090608,6.66
20090609,9.01
20090610,9.3
20090611,10.67
20090612,7.16
20090613,6.85
20090614,8.1
20090615,7.32
20090616,9.39
20090617,9.77
20090618,5.76
20090619,4.87
20090620,7.14
20090621,7.46
20090622,3.47
20090623,4.35
20090624,6.67
20090625,9.2
20090626,8.13
20090627,6.61
20090628,5.11
20090629,6.74
20090630,8.4
20090701,8.81
20090702,4.06
20090703,9.8
20090704,6.48
20090705,7.94
20090706,10.53
20090707,10.22
20090708,7.5
20090709,5.55
20090710,6.17
20090711,9.01
20090712,9.95
20090713,5.88
20090714,5.19
20090715,7.3
20090716,3.41
20090717,4.05
20090718,2.94
20090719,3.47
20090720,3.64
20090721,6
20090722,5.52
20090723,2.28
20090724,2.12
20090725,3.59
20090726,7.89
20090727,3.22
20090728,4.82
20090729,3.18
20090730,4.28
20090731,2.54
20090801,7.18
20090802,4.87
20090803,4.95
20090804,2.62
20090805,2.89
20090806,1.51
20090807,1.54
20090808,7.32
20090809,4.62
20090810,3.79
20090811,3.12
20090812,3.42
20090813,2.04
20090814,1.32
20090815,3.33
20090816,1.84
20090817,1.43
20090818,2.52
20090819,3.45
20090820,3.17
20090821,1.14
20090822,3.16
20090823,2.8
20090824,1.06
20090825,1.15
20090826,0.59
20090827,3.33
20090828,4.24
20090829,2.63
20090830,4.81
20090831,-0.72
20090901,1.75
20090902,2.17
20090903,3.06
20090904,4
20090905,2.97
20090906,1.27
20090907,1.19
20090908,0.78
20090909,-5.04
20090910,-0.53
20090911,2.7
20090912,0.89
20090913,3.74
20090914,2.66
20090915,2.98
20090916,3.92
20090917,4.2
20090918,1.25
20090919,0.25
20090920,2.81
20090921,1.06
20090922,-0.95
20090923,-2.99
20090924,-4.22
20090925,-4.97
20090926,-2.65
20090927,-5.05
20090928,0.57
20090929,-0.64
20090930,-0.56
20091001,-0.97
20091002,-0.62
20091003,1.4
20091004,1.31
20091005,0.48
20091006,-3.26
20091007,2.97
20091008,2.93
20091009,-1.55
20091010,2.17
20091011,0.17
20091012,0.4
20091013,-1.32
20091014,-1.87
20091015,-3.7
20091016,-2.1
20091017,-1.35
20091018,-2.05
20091019,-0.88
20091020,-1.79
20091021,-4.82
20091022,-9.36
20091023,-8.9
20091024,-6.39
20091025,-3
20091026,-2.43
20091027,-1.82
20091028,-3.54
20091029,-4.8
20091030,-6.16
20091031,-4.68
20091101,-4.21
20091102,-4.14
20091103,-1.33
20091104,-1.26
20091105,-8.03
20091106,-7.3
20091107,-8.65
20091108,-7.62
20091109,-0.64
20091110,0.8
20091111,-0.65
20091112,-5.25
20091113,-4.26
20091114,-13.6
20091115,-12.28
20091116,-11.28
20091117,-6.56
20091118,-14.89
20091119,-9.79
20091120,-4.01
20091121,-2.8
20091122,-1.2
20091123,-8.58
20091124,-8.71
20091125,-4.5
20091126,-3.05
20091127,-4.29
20091128,-10.61
20091129,-10.27
20091130,-4.57
20091201,-4.01
20091202,-12.6
20091203,-9.28
20091204,-2.8
20091205,0.49
20091206,1.7
20091207,1.62
20091208,-0.68
20091209,-1.9
20091210,0.15
20091211,-1.05
20091212,-0.7
20091213,-3.59
20091214,-4.28
20091215,-15.44
20091216,-18.84
20091217,-19.59
20091218,-6.71
20091219,-1.36
20091220,-2.58
20091221,1.83
20091222,-3.54
20091223,-3.81
20091224,-2.67
20091225,-4.16
20091226,-1.53
20091227,-1.08
20091228,-0.52
20091229,-0.68
20091230,-2.03
20091231,-2.82
20100101,-2.99
20100102,-7.02
20100103,-10.43
20100104,-0.58
20100105,0.3
20100106,-2.64
20100107,-2.25
20100108,-3.71
20100109,-2.41
20100110,-4.87
20100111,-8.67
20100112,-13.47
20100113,-13.05
20100114,-7.13
20100115,-5.79
20100116,-7.07
20100117,-15.37
20100118,-18.64
20100119,-21.7
20100120,-22.86
20100121,-13.79
20100122,-10.02
20100123,-8.6
20100124,-3.55
20100125,-3.75
20100126,-11.89
20100127,-12.18
20100128,-11.05
20100129,-7.83
20100130,-3.28
20100131,-1.61
20100201,0.26
20100202,-1.38
20100203,-2.81
20100204,-11.75
20100205,-21.52
20100206,-21.48
20100207,-11.77
20100208,-9.65
20100209,0.32
20100210,0.12
20100211,0.03
20100212,-1.95
20100213,-3.07
20100214,-3.99
20100215,-5.15
20100216,-4.58
20100217,-4.66
20100218,-0.79
20100219,-4.71
20100220,-1.65
20100221,-1.58
20100222,-0.42
20100223,-0.49
20100224,-4.26
20100225,-7.36
20100226,-10.19
20100227,-23.03
20100228,-22.54
20100301,-18.75
20100302,-3.94
20100303,-14.94
20100304,-12.13
20100305,-23.18
20100306,-5.29
20100307,-2.88
20100308,-9.08
20100309,-8.53
20100310,-9.99
20100311,-10.35
20100312,-7.45
20100313,-10.59
20100314,-9.03
20100315,-3.35
20100316,-0.25
20100317,0.12
20100318,0.88
20100319,1.43
20100320,-0.59
20100321,0.7
20100322,-1.1
20100323,-1.27
20100324,0.06
20100325,0.54
20100326,0.11
20100327,0.28
20100328,-3.49
20100329,-5.88
20100330,-3.76
20100331,-0.99
20100401,-1.61
20100402,-0.43
20100403,-1.94
20100404,1.29
20100405,-0.39
20100406,-3.34
20100407,-0.78
20100408,-0.5
20100409,0.25
20100410,5.19
20100411,4.41
20100412,7.95
20100413,5.66
20100414,4.08
20100415,1.63
20100416,5.11
20100417,4.7
20100418,4.19
20100419,4.96
20100420,6.16
20100421,4.64
20100422,3.54
20100423,4.87
20100424,4.81
20100425,6.17
20100426,2.4
20100427,-3.78
20100428,-2.89
20100429,-0.7
20100430,1.98
20100501,2.52
20100502,6.67
20100503,7.25
20100504,8.2
20100505,8.15
20100506,8.03
20100507,8.15
20100508,8.31
20100509,3.34
20100510,5.07
20100511,4.84
20100512,6.04
20100513,6.82
20100514,8.39
20100515,5.32
20100516,4.55
20100517,7.12
20100518,9.17
20100519,4.89
20100520,1.71
20100521,6.18
20100522,6.81
20100523,4.59
20100524,4.81
20100525,5.98
20100526,3.04
20100527,8.24
20100528,7.91
20100529,11.07
20100530,10.65
20100531,8.33
20100601,10.99
20100602,6.96
20100603,7.73
20100604,8.86
20100605,5.08
20100606,10.74
20100607,6.45
20100608,10.71
20100609,8.66
20100610,4.89
20100611,5.68
20100612,4.46
20100613,4.35
20100614,5.98
20100615,4.1
20100616,8.06
20100617,6.27
20100618,4.21
20100619,6.49
20100620,9.98
20100621,9.69
20100622,5.03
20100623,9.79
20100624,6.76
20100625,6.79
20100626,6.36
20100627,10.02
20100628,4.98
20100629,2.88
20100630,5.5
20100701,2.85
20100702,3.51
20100703,4.43
20100704,6.78
20100705,6.5
20100706,3.3
20100707,8.22
20100708,9.59
20100709,3.32
20100710,8.97
20100711,7.74
20100712,5.98
20100713,6.17
20100714,5.69
20100715,7.35
20100716,6.44
20100717,5.38
20100718,4.59
20100719,5.75
20100720,6.8
20100721,1.22
20100722,4.62
20100723,3.91
20100724,2.75
20100725,3.58
20100726,4.96
20100727,4.23
20100728,2.16
20100729,1.97
20100730,3.06
20100731,5.93
20100801,3.55
20100802,2.02
20100803,3.56
20100804,3.8
20100805,2.6
20100806,4.01
20100807,2.41
20100808,4.44
20100809,2.24
20100810,1.41
20100811,2.66
20100812,5.48
20100813,3.97
20100814,2.58
20100815,3.69
20100816,1.31
20100817,6.11
20100818,3.84
20100819,1.64
20100820,3.67
20100821,3.87
20100822,5.07
20100823,3.02
20100824,4.11
20100825,2.42
20100826,2.08
20100827,3.35
20100828,3.55
20100829,4.65
20100830,2.79
20100831,1.7
20100901,3.13
20100902,2.6
20100903,1.13
20100904,3.02
20100905,4.17
20100906,1.42
20100907,2.29
20100908,2.46
20100909,2.1
20100910,2.21
20100911,3.82
20100912,2.71
20100913,1.55
20100914,2.13
20100915,3.11
20100916,2.25
20100917,0.21
20100918,1.64
20100919,3.49
20100920,2.71
20100921,0.79
20100922,0.99
20100923,1.27
20100924,0.64
20100925,-6.11
20100926,-5.41
20100927,-5.49
20100928,-0.14
20100929,-8.49
20100930,-10.74
20101001,-8.78
20101002,-8.67
20101003,-2.13
20101004,-0.11
20101005,1.17
20101006,-0.36
20101007,-0.27
20101008,-1.4
20101009,-0.74
20101010,-2.02
20101011,-3.71
20101012,-5.5
20101013,-1.13
20101014,0.99
20101015,-0.31
20101016,1.39
20101017,-0.53
20101018,-3.18
20101019,-2.22
20101020,-2.99
20101021,-0.16
20101022,-2.24
20101023,-1.49
20101024,-1.21
20101025,-1.83
20101026,-2.82
20101027,-1.12
20101028,-3.83
20101029,-6.4
20101030,-2.73
20101031,-2.92
20101101,-6.45
20101102,-8.1
20101103,-7.24
20101104,-5.39
20101105,-5.79
20101106,-8.37
20101107,-3.97
20101108,-4.53
20101109,-2.95
20101110,-3.03
20101111,-3.56
20101112,-1.22
20101113,-1.95
20101114,-4.36
20101115,-5.82
20101116,-9.13
20101117,-7.2
20101118,-4.36
20101119,-1.8
20101120,1.81
20101121,3.08
20101122,2.02
20101123,1.04
20101124,-4.86
20101125,-5.66
20101126,-3
20101127,-0.11
20101128,-10.35
20101129,-4.91
20101130,-2.45
20101201,-1.42
20101202,-4.58
20101203,-3.93
20101204,-9.3
20101205,-12.98
20101206,-12.68
20101207,-10.42
20101208,-15.38
20101209,-12.64
20101210,-13.93
20101211,-16.41
20101212,-18.22
20101213,-6.89
20101214,-7.39
20101215,-17.02
20101216,-14.34
20101217,-3.93
20101218,-1.73
20101219,-0.04
20101220,-4.66
20101221,-11.99
20101222,-15.51
20101223,-7.09
20101224,-5.11
20101225,-14.78
20101226,-18.48
20101227,-13.18
20101228,-8.77
20101229,-10.78
20101230,-5.07
20101231,-5.38
20110101,0.59
20110102,-5.27
20110103,-4.01
20110104,-7.89
20110105,-8.55
20110106,-2.7
20110107,0.99
20110108,2.38
20110109,-0.21
20110110,-1.21
20110111,-1.62
20110112,-1.95
20110113,-3.93
20110114,-3.77
20110115,-4.47
20110116,-3.98
20110117,-4.7
20110118,-5.77
20110119,1.5
20110120,1.34
20110121,-0.74
20110122,-7
20110123,-10.42
20110124,-0.29
20110125,-4.53
20110126,-6.38
20110127,1.29
20110128,0.25
20110129,-1.38
20110130,-1.18
20110131,-3.73
20110201,-5.56
20110202,-5.2
20110203,-3.45
20110204,-1.97
20110205,-3.53
20110206,0.65
20110207,0.82
20110208,0.62
20110209,-3.37
20110210,-11.92
20110211,-9.27
20110212,-1.03
20110213,-20.42
20110214,-13.74
20110215,-1.84
20110216,-3.11
20110217,1.5
20110218,-1.01
20110219,-0.4
20110220,4.12
20110221,1.1
20110222,-0.43
20110223,3.71
20110224,3.6
20110225,2.67
20110226,-5.4
20110227,-5.66
20110228,-2.44
20110301,-2.03
20110302,-2.39
20110303,-5.45
20110304,-6.15
20110305,-1.85
20110306,-2.21
20110307,-1.43
20110308,0.34
20110309,-0.96
20110310,-0.76
20110311,-0.47
20110312,-2.36
20110313,-2.54
20110314,-3.54
20110315,-0.74
20110316,-3.96
20110317,-2.04
20110318,1.98
20110319,0.27
20110320,6.69
20110321,1.36
20110322,1.58
20110323,2.05
20110324,2.06
20110325,-0.01
20110326,-1.15
20110327,-0.99
20110328,-0.58
20110329,-2.52
20110330,-3.66
20110331,-4.15
20110401,-1.35
20110402,-0.88
20110403,-1.23
20110404,1.58
20110405,-1.4
20110406,-2.21
20110407,5.85
20110408,-1.51
20110409,-7.19
20110410,0.97
20110411,-10.38
20110412,-13.19
20110413,-12.07
20110414,-6.6
20110415,-0.28
20110416,3.8
20110417,5.45
20110418,4.08
20110419,3.44
20110420,3.36
20110421,0.2
20110422,2.94
20110423,0.03
20110424,-3.75
20110425,-2.2
20110426,4.04
20110427,2.49
20110428,6.76
20110429,7.77
20110430,7.53
20110501,7.56
20110502,6.94
20110503,7.33
20110504,5.27
20110505,7.91
20110506,2.87
20110507,4.67
20110508,8.15
20110509,6.67
20110510,5.34
20110511,7.73
20110512,6.26
20110513,3.36
20110514,5.12
20110515,5.35
20110516,6.36
20110517,7.28
20110518,9.09
20110519,9.26
20110520,9.33
20110521,9.8
20110522,9.56
20110523,9.14
20110524,5.97
20110525,8.46
20110526,9.57
20110527,7.55
20110528,9.23
20110529,7.97
20110530,3
20110531,8.01
20110601,8.54
20110602,4.01
20110603,3.56
20110604,8.34
20110605,8.64
20110606,10.03
20110607,3.24
20110608,8.44
20110609,8.75
20110610,5.13
20110611,6.33
20110612,4.26
20110613,8.22
20110614,8.38
20110615,8.79
20110616,3.11
20110617,4.96
20110618,6.58
20110619,6
20110620,8.66
20110621,3.86
20110622,4.43
20110623,3.51
20110624,6.56
20110625,8.49
20110626,4.76
20110627,4.74
20110628,3.1
20110629,3.52
20110630,2.28
20110701,4.78
20110702,5.87
20110703,5.67
20110704,8.29
20110705,5.08
20110706,2.3
20110707,6.38
20110708,2.56
20110709,8.72
20110710,4.23
20110711,5.26
20110712,7.47
20110713,6.58
20110714,5.58
20110715,5.14
20110716,4.05
20110717,3.79
20110718,4.86
20110719,3.7
20110720,4.05
20110721,3.33
20110722,3.32
20110723,3.11
20110724,2.11
20110725,2.39
20110726,1.39
20110727,4.37
20110728,5.38
20110729,5.85
20110730,2.81
20110731,2.71
20110801,2.15
20110802,6.68
20110803,2.2
20110804,4.87
20110805,5.58
20110806,3.84
20110807,4.05
20110808,1.89
20110809,1.91
20110810,3.64
20110811,2.6
20110812,5.34
20110813,4.55
20110814,4.3
20110815,4.51
20110816,5.74
20110817,2.19
20110818,2.4
20110819,3.77
20110820,6.74
20110821,2.99
20110822,3.49
20110823,1.48
20110824,2.61
20110825,2.05
20110826,-0.29
20110827,5
20110828,2.21
20110829,4.63
20110830,1.15
20110831,2.77
20110901,-1.37
20110902,3.76
20110903,0.34
20110904,-0.07
20110905,3.13
20110906,0.51
20110907,-1.28
20110908,-0.29
20110909,2.57
20110910,1.03
20110911,0.62
20110912,1.55
20110913,0.14
20110914,1.77
20110915,-1.14
20110916,1.25
20110917,1.55
20110918,1.43
20110919,-0.18
20110920,-3.31
20110921,-2.99
20110922,-3.66
20110923,-2.21
20110924,-1.83
20110925,-3.82
20110926,-3.58
20110927,-0.2
20110928,-1.54
20110929,-0.98
20110930,1.44
20111001,-2.47
20111002,-3.5
20111003,0.54
20111004,0.24
20111005,0.64
20111006,-0.55
20111007,-3.43
20111008,-3.78
20111009,-4.22
20111010,-3.75
20111011,-5.75
20111012,-1.97
20111013,0.1
20111014,0.8
20111015,-1.12
20111016,-0.83
20111017,-1
20111018,-2.06
20111019,-3.37
20111020,-2.11
20111021,-0.76
20111022,-2.01
20111023,-2.16
20111024,-4.26
20111025,-10.28
20111026,-3.29
20111027,-6.66
20111028,-1.49
20111029,-5.72
20111030,-3.71
20111031,-2.98
20111101,-9.22
20111102,-6.04
20111103,0.99
20111104,-4.39
20111105,0.74
20111106,-8.24
20111107,-5.28
20111108,-5.08
20111109,-0.29
20111110,-4.9
20111111,-0.65
20111112,-10.25
20111113,-10.59
20111114,-7.69
20111115,-12.83
20111116,-9.75
20111117,-9.4
20111118,-0.27
20111119,-0.2
20111120,-2.54
20111121,-14.53
20111122,-13.53
20111123,-9.65
20111124,-14.07
20111125,-13.41
20111126,-7.94
20111127,-7.25
20111128,-3.57
20111129,-2.48
20111130,-5.2
20111201,-4.06
20111202,-1.78
20111203,1.03
20111204,-6.06
20111205,-5.09
20111206,-0.64
20111207,1.43
20111208,-1.55
20111209,-3.91
20111210,-0.07
20111211,-4.88
20111212,-5.4
20111213,-5.21
20111214,-3.6
20111215,-4.44
20111216,-2.12
20111217,-3.16
20111218,-6.49
20111219,-7.12
20111220,-5.88
20111221,-6.89
20111222,-5.12
20111223,-10.15
20111224,-16.58
20111225,-20.25
20111226,-14.38
20111227,-11.56
20111228,-10.99
20111229,-15.8
20111230,-16.53
20111231,-13.62
20120101,-9.93
20120102,-18.44
20120103,-16.17
20120104,-11.27
20120105,-17.29
20120106,-11.72
20120107,-27.2
20120108,-10.04
20120109,-5.72
20120110,-15.79
20120111,-21.73
20120112,-11.85
20120113,-3.65
20120114,-2.8
20120115,-3.33
20120116,-7.94
20120117,-9.48
20120118,-12.24
20120119,-10.81
20120120,-10.25
20120121,-14.82
20120122,-28.77
20120123,-30.8
20120124,-24.9
20120125,-13.99
20120126,-14.42
20120127,-11.46
20120128,-16.48
20120129,-0.62
20120130,-3.11
20120131,-6.7
20120201,-11.52
20120202,-16.75
20120203,-5.87
20120204,2.23
20120205,1.19
20120206,-0.73
20120207,-2.29
20120208,1.02
20120209,0.24
20120210,1.04
20120211,-0.37
20120212,0.09
20120213,-0.64
20120214,0.17
20120215,1.62
20120216,-0.37
20120217,0.89
20120218,1.54
20120219,0.36
20120220,0.74
20120221,-0.11
20120222,-0.93
20120223,-0.56
20120224,-0.64
20120225,0.57
20120226,2.25
20120227,-17.04
20120228,-9.76
20120229,-10.35
20120301,-13.16
20120302,-15.44
20120303,-10.21
20120304,-5.76
20120305,3.72
20120306,0.93
20120307,-3.75
20120308,-4.68
20120309,-8.74
20120310,-11.27
20120311,-13.74
20120312,-9.47
20120313,-5.19
20120314,-5.1
20120315,-3.41
20120316,-4.52
20120317,-4.08
20120318,-4.03
20120319,-5.46
20120320,-5.92
20120321,-3.83
20120322,-2.48
20120323,2.81
20120324,0.31
20120325,0.49
20120326,1.81
20120327,2.21
20120328,1.54
20120329,1.06
20120330,-1.84
20120331,-1.98
20120401,-1.32
20120402,-4.6
20120403,0.19
20120404,0.89
20120405,-4.69
20120406,2.1
20120407,2.86
20120408,4.8
20120409,3.35
20120410,3.26
20120411,5.93
20120412,1.19
20120413,2.36
20120414,3.91
20120415,6.89
20120416,6.34
20120417,4.67
20120418,1.32
20120419,4.15
20120420,2.35
20120421,4.71
20120422,3.79
20120423,4.94
20120424,5.75
20120425,4.38
20120426,5.67
20120427,6.93
20120428,6.1
20120429,2.97
20120430,1.06
20120501,3.8
20120502,4.5
20120503,4.83
20120504,2.97
20120505,1.96
20120506,5.43
20120507,2.16
20120508,3.65
20120509,1.68
20120510,2.7
20120511,1.95
20120512,4.47
20120513,4.29
20120514,7.21
20120515,5.8
20120516,9.34
20120517,7.47
20120518,6.17
20120519,9.08
20120520,8.91
20120521,8.02
20120522,5.22
20120523,6.77
20120524,5.75
20120525,6.7
20120526,5.87
20120527,6.45
20120528,5.12
20120529,9.81
20120530,10.1
20120531,5.01
20120601,5.75
20120602,7.99
20120603,8.41
20120604,7.5
20120605,8.27
20120606,9.22
20120607,8.95
20120608,4.65
20120609,0.18
20120610,2.58
20120611,3.56
20120612,6.39
20120613,7.51
20120614,7.57
20120615,11.43
20120616,10.54
20120617,10.06
20120618,7.59
20120619,5.9
20120620,6.4
20120621,6.11
20120622,4.17
20120623,4.22
20120624,3.96
20120625,3.34
20120626,6.19
20120627,8.72
20120628,5.52
20120629,3.2
20120630,5.89
20120701,6.23
20120702,4.02
20120703,5.46
20120704,3.57
20120705,8.82
20120706,8.67
20120707,9.05
20120708,6.51
20120709,6.32
20120710,6.76
20120711,4.4
20120712,5.04
20120713,4.71
20120714,2.14
20120715,5.17
20120716,6.47
20120717,6.96
20120718,7.3
20120719,7.14
20120720,2.68
20120721,2.64
20120722,6.6
20120723,5.26
20120724,5.77
20120725,6.31
20120726,6.21
20120727,5.25
20120728,4.41
20120729,2.33
20120730,4.41
20120731,2.33
20120801,2.64
20120802,4.4
20120803,4.88
20120804,5.62
20120805,4.82
20120806,3.71
20120807,4.3
20120808,5.03
20120809,5.46
20120810,6.08
20120811,1.04
20120812,6.79
20120813,7.04
20120814,7.33
20120815,7.13
20120816,5.36
20120817,3.86
20120818,2.07
20120819,3.02
20120820,4.84
20120821,2.96
20120822,3.16
20120823,1.72
20120824,1.05
20120825,3.17
20120826,5.24
20120827,3.82
20120828,1.72
20120829,4.55
20120830,2.61
20120831,3.71
20120901,0.12
20120902,2.39
20120903,0.4
20120904,2.4
20120905,0.65
20120906,1.65
20120907,0.92
20120908,0.26
20120909,1
20120910,1.81
20120911,2.3
20120912,2.07
20120913,-1.5
20120914,1.7
20120915,-0.56
20120916,-0.91
20120917,-1.5
20120918,2.91
20120919,0.72
20120920,-0.95
20120921,1.23
20120922,-4.42
20120923,-1.64
20120924,-2.24
20120925,-0.26
20120926,3.13
20120927,-3.26
20120928,-5.54
20120929,-3.3
20120930,-0.42
20121001,1.79
20121002,3.57
20121003,1.91
20121004,2.43
20121005,0.63
20121006,0.12
20121007,2.11
20121008,4.08
20121009,3.82
20121010,0.67
20121011,1.46
20121012,0.63
20121013,-9.49
20121014,-8.69
20121015,-6.69
20121016,-9.16
20121017,-7.38
20121018,-6.39
20121019,-4.54
20121020,-1.83
20121021,-1.14
20121022,0.46
20121023,-2.32
20121024,-4.8
20121025,-2.64
20121026,-2.06
20121027,-3.75
20121028,-2.24
20121029,-1.99
20121030,-9.26
20121031,-10.62
20121101,-15.25
20121102,-11.77
20121103,-13.24
20121104,-14.21
20121105,-10.78
20121106,-5.67
20121107,-6.73
20121108,1.16
20121109,2.7
20121110,0.64
20121111,-1.07
20121112,-2.87
20121113,3.19
20121114,0.31
20121115,-6.78
20121116,-10.11
20121117,-3.43
20121118,-18.35
20121119,-17.51
20121120,-13.87
20121121,-13.17
20121122,-12.99
20121123,-11.21
20121124,-5.09
20121125,-4.25
20121126,-3.26
20121127,-0.19
20121128,-2.75
20121129,-10.3
20121130,-11.33
20121201,-8.03
20121202,-6.46
20121203,-12.44
20121204,-11.75
20121205,-12.84
20121206,-12.33
20121207,-12.26
20121208,-8.36
20121209,-0.18
20121210,-4.43
20121211,1.57
20121212,1.95
20121213,-1.09
20121214,-3.98
20121215,-9.68
20121216,-4.22
20121217,-1.82
20121218,-11.07
20121219,-10.81
20121220,-6.01
20121221,-4.87
20121222,-1.4
20121223,-15.2
20121224,-8.83
20121225,-3.02
20121226,-3.68
20121227,-5.99
20121228,-1.43
20121229,-1.23
20121230,-2.74
20121231,-1.37
20130101,-2.76
20130102,-1.99
20130103,-1.07
20130104,-2.23
20130105,-0.87
20130106,-2.36
20130107,-3.08
20130108,-2.9
20130109,2.11
20130110,-0.25
20130111,-2.07
20130112,3.13
20130113,1.56
20130114,-3.77
20130115,-0.77
20130116,-6.76
20130117,-9.93
20130118,-9.37
20130119,-1.18
20130120,1.56
20130121,0.19
20130122,-0.09
20130123,0.01
20130124,-3.67
20130125,-5.55
20130126,-3.73
20130127,-10.73
20130128,-17.73
20130129,2.35
20130130,0.28
20130131,-2.64
20130201,-2.49
20130202,0.91
20130203,0.84
20130204,-3.66
20130205,-5.85
20130206,-4.33
20130207,0.65
20130208,0.2
20130209,0.19
20130210,-7.77
20130211,-1.46
20130212,-1.49
20130213,-9.2
20130214,-20.57
20130215,-9.39
20130216,-9.27
20130217,-16.96
20130218,-9.38
20130219,-4.13
20130220,-6.71
20130221,-0.89
20130222,-1.5
20130223,0.16
20130224,-9.01
20130225,-24.94
20130226,-18.55
20130227,-2.4
20130228,-4.63
20130301,-4.03
20130302,-0
20130303,1.63
20130304,0.96
20130305,2.85
20130306,-0.58
20130307,2.35
20130308,-3.72
20130309,-2.21
20130310,3.97
20130311,-0.01
20130312,-2.51
20130313,-3.85
20130314,-7.95
20130315,-4.89
20130316,1.3
20130317,1.9
20130318,-0.17
20130319,-4.7
20130320,-1.99
20130321,-0
20130322,1.24
20130323,-0.66
20130324,-9.39
20130325,-5.05
20130326,-9.19
20130327,0.62
20130328,2.52
20130329,2.59
20130330,-0.74
20130331,-0.1
20130401,2.83
20130402,3.66
20130403,3.96
20130404,3.34
20130405,4.08
20130406,1.47
20130407,-7.46
20130408,-8.2
20130409,-8.36
20130410,-4.57
20130411,-7.55
20130412,-5.28
20130413,-1.29
20130414,0.87
20130415,2.71
20130416,-0.22
20130417,1.93
20130418,2.98
20130419,5.68
20130420,4.77
20130421,5.68
20130422,4.83
20130423,6.46
20130424,4.66
20130425,6.48
20130426,5.62
20130427,1.82
20130428,2.54
20130429,2.67
20130430,2.66
20130501,2.44
20130502,0.83
20130503,0.18
20130504,0.66
20130505,5.26
20130506,5.82
20130507,5.93
20130508,6.27
20130509,6.07
20130510,7.88
20130511,4.39
20130512,5.21
20130513,6.04
20130514,4.59
20130515,3.27
20130516,3.02
20130517,2.27
20130518,4.66
20130519,8.36
20130520,5.79
20130521,7.56
20130522,5.94
20130523,7.28
20130524,8.24
20130525,4.52
20130526,7.69
20130527,10.45
20130528,9.31
20130529,10.24
20130530,10.01
20130531,9.28
20130601,9.07
20130602,6.98
20130603,8.44
20130604,6.16
20130605,6.57
20130606,9.46
20130607,7.21
20130608,5.62
20130609,6.86
20130610,7.97
20130611,7.72
20130612,8.27
20130613,8.95
20130614,7.63
20130615,7.28
20130616,4.69
20130617,8.01
20130618,10.4
20130619,6.2
20130620,2.52
20130621,5.43
20130622,4.52
20130623,9.01
20130624,6.53
20130625,6.58
20130626,6.99
20130627,8.48
20130628,8.07
20130629,6.52
20130630,6.61
20130701,2.95
20130702,4.46
20130703,2.73
20130704,6.96
20130705,4.49
20130706,2.72
20130707,5.18
20130708,2.68
20130709,6.28
20130710,4.47
20130711,3.94
20130712,7.2
20130713,7.76
20130714,3.71
20130715,2.95
20130716,2.69
20130717,2.94
20130718,5.25
20130719,2.85
20130720,3.66
20130721,4.05
20130722,5.42
20130723,4.42
20130724,6.17
20130725,7.8
20130726,7.53
20130727,6.82
20130728,6.17
20130729,5.27
20130730,6.66
20130731,6.87
20130801,5.4
20130802,5.45
20130803,2.58
20130804,1.19
20130805,4.62
20130806,4.05
20130807,1.5
20130808,4.44
20130809,1.49
20130810,2.56
20130811,3.82
20130812,3.96
20130813,-0.16
20130814,2.72
20130815,3.5
20130816,3.64
20130817,3.67
20130818,0.29
20130819,2.29
20130820,1.77
20130821,1.39
20130822,3.04
20130823,1.37
20130824,2.36
20130825,4.32
20130826,2.94
20130827,2.21
20130828,1.21
20130829,3.29
20130830,0.85
20130831,2.77
20130901,4.83
20130902,3.05
20130903,1.68
20130904,-0.77
20130905,2.21
20130906,1.94
20130907,1.5
20130908,1.87
20130909,3.02
20130910,-1.3
20130911,-1.26
20130912,-0.33
20130913,3.7
20130914,1.41
20130915,1.25
20130916,1.94
20130917,1.9
20130918,-2.04
20130919,1.59
20130920,-0.98
20130921,-2.07
20130922,-4.69
20130923,-0.65
20130924,2.23
20130925,1.67
20130926,-1.68
20130927,-1.84
20130928,-3.1
20130929,-3.01
20130930,-2.91
20131001,1.15
20131002,-1.61
20131003,-1.31
20131004,-1.75
20131005,0.89
20131006,0.06
20131007,2.28
20131008,1.75
20131009,-0.16
20131010,3.08
20131011,-0.5
20131012,1.13
20131013,0.73
20131014,0.14
20131015,1.98
20131016,1.5
20131017,0.44
20131018,-1.04
20131019,0.93
20131020,-2.63
20131021,-2.89
20131022,-2.16
20131023,-2.13
20131024,-3.38
20131025,-2.56
20131026,-2.79
20131027,-0.18
20131028,-0.25
20131029,-0.49
20131030,-2.64
20131031,-3.17
20131101,-3.69
20131102,-0.05
20131103,0.43
20131104,-2.76
20131105,-4.56
20131106,-2.81
20131107,-4.84
20131108,0.15
20131109,0.61
20131110,-5.14
20131111,-11.01
20131112,-1.71
20131113,1.65
20131114,0.89
20131115,1.51
20131116,-5.88
20131117,-7.19
20131118,-6.97
20131119,-4.31
20131120,-8.3
20131121,-15.34
20131122,-15.6
20131123,-10.55
20131124,-7.52
20131125,-1.68
20131126,-4.26
20131127,-3.71
20131128,-12.96
20131129,-6.9
20131130,-4.34
20131201,-7.07
20131202,-2.51
20131203,-0.88
20131204,2.1
20131205,1.4
20131206,2.55
20131207,1.33
20131208,0.02
20131209,-1.15
20131210,-2.33
20131211,-3.87
20131212,-14.13
20131213,-21.39
20131214,-18.86
20131215,-11.77
20131216,-9.59
20131217,-9.19
20131218,-6.64
20131219,1.51
20131220,1.17
20131221,-6.44
20131222,-8.47
20131223,-8.97
20131224,-3.72
20131225,-2.53
20131226,-0.48
20131227,-1.78
20131228,-0.29
20131229,-1.14
20131230,-2.28
20131231,-2.89
20140101,-5.22
20140102,-2.95
20140103,-3.18
20140104,-5.36
20140105,-1.13
20140106,-3.62
20140107,-3.78
20140108,-3.99
20140109,-3.74
20140110,-4.14
20140111,-3.59
20140112,-4.19
20140113,-4.9
20140114,-4.61
20140115,-9.49
20140116,-10.61
20140117,-1.62
20140118,-10.7
20140119,-6.39
20140120,-1.65
20140121,-3.24
20140122,-5.72
20140123,-0.82
20140124,-3.62
20140125,-4.1
20140126,1.05
20140127,0.99
20140128,0.4
20140129,0.51
20140130,-0.34
20140131,-1.42
20140201,-3.13
20140202,-6.3
20140203,-2.13
20140204,-0.22
20140205,0.86
20140206,0.13
20140207,-13.49
20140208,-11.73
20140209,-6.24
20140210,-16.72
20140211,-11.97
20140212,-11.61
20140213,-22.53
20140214,-23.63
20140215,-14.06
20140216,-14.74
20140217,-14.16
20140218,-9.54
20140219,-8.19
20140220,-5.68
20140221,0.74
20140222,1.6
20140223,1.3
20140224,-0.15
20140225,-1.2
20140226,0.28
20140227,1.86
20140228,0.9
20140301,-0.2
20140302,0.72
20140303,0.31
20140304,-1.74
20140305,-3.76
20140306,-6.2
20140307,-1
20140308,-3.49
20140309,-1.48
20140310,-10.5
20140311,-11.42
20140312,-9.62
20140313,-16.93
20140314,-12.92
20140315,-7.9
20140316,0.81
20140317,-1.16
20140318,-8.32
20140319,-4.49
20140320,-3.09
20140321,0.9
20140322,0.43
20140323,0.65
20140324,1.09
20140325,1.8
20140326,1.6
20140327,2.59
20140328,0.86
20140329,3.37
20140330,1.91
20140331,-1.17
20140401,4.25
20140402,0.97
20140403,3.39
20140404,1.96
20140405,-0.22
20140406,-4.84
20140407,-4.62
20140408,-3.64
20140409,-2.02
20140410,2.48
20140411,0.36
20140412,6.04
20140413,0.24
20140414,4.67
20140415,6.19
20140416,5.43
20140417,4.3
20140418,3.01
20140419,2.06
20140420,1.99
20140421,1.99
20140422,6.05
20140423,6.61
20140424,4.81
20140425,4.55
20140426,6.4
20140427,6.04
20140428,3.02
20140429,6.37
20140430,3.26
20140501,6.6
20140502,6.32
20140503,4.36
20140504,2.23
20140505,3.43
20140506,2.86
20140507,2.56
20140508,6.01
20140509,6.56
20140510,5.05
20140511,3.47
20140512,7.19
20140513,6.82
20140514,7.68
20140515,7.33
20140516,4.72
20140517,3.08
20140518,3.44
20140519,3.69
20140520,5.62
20140521,2.52
20140522,7.64
20140523,7.56
20140524,4.31
20140525,3.46
20140526,3.06
20140527,4.13
20140528,4.33
20140529,4.81
20140530,2.79
20140531,4.19
20140601,5.14
20140602,3.59
20140603,9.07
20140604,9.5
20140605,9.99
20140606,10.21
20140607,9
20140608,2.86
20140609,5.52
20140610,2.82
20140611,3.92
20140612,2.42
20140613,4.83
20140614,7.24
20140615,4.17
20140616,3.75
20140617,2.86
20140618,2.92
20140619,5.49
20140620,8.48
20140621,6.08
20140622,3.54
20140623,5.46
20140624,7.17
20140625,8.66
20140626,9.04
20140627,3.91
20140628,4.4
20140629,6.1
20140630,5.71
20140701,6.04
20140702,6.38
20140703,8.77
20140704,7.82
20140705,8.25
20140706,6.56
20140707,6.98
20140708,2.83
20140709,7.1
20140710,6.23
20140711,3.09
20140712,0.89
20140713,8.83
20140714,9.19
20140715,9.35
20140716,7.84
20140717,7.8
20140718,1.36
20140719,2.49
20140720,3.47
20140721,3.73
20140722,4.19
20140723,0.4
20140724,2.55
20140725,5.07
20140726,3.67
20140727,5.33
20140728,3.33
20140729,6.48
20140730,8.26
20140731,5.63
20140801,1.85
20140802,-1
20140803,3.28
20140804,5.31
20140805,3.63
20140806,1.11
20140807,0.9
20140808,0.83
20140809,5.76
20140810,6.83
20140811,2.93
20140812,5.73
20140813,5.94
20140814,5.01
20140815,3.03
20140816,2.23
20140817,1.36
20140818,3.23
20140819,5.02
20140820,4.09
20140821,3.8
20140822,3.17
20140823,4.33
20140824,2.85
20140825,2.68
20140826,2.97
20140827,0.2
20140828,1.08
20140829,0.51
20140830,0.51
20140831,1.48
20140901,0.16
20140902,0.23
20140903,1.81
20140904,2.73
20140905,1.55
20140906,1.66
20140907,2.35
20140908,2.41
20140909,0.56
20140910,0.84
20140911,0.31
20140912,0.97
20140913,-2.52
20140914,2.34
20140915,1.4
20140916,0.2
20140917,1.27
20140918,-1.92
20140919,-1.78
20140920,-2.48
20140921,-2.79
20140922,-1.38
20140923,-0.13
20140924,1.96
20140925,-0.47
20140926,-1.52
20140927,-3.61
20140928,-0.94
20140929,-2.55
20140930,-3.15
20141001,-3.81
20141002,-2.43
20141003,-8.41
20141004,-7.24
20141005,-5.06
20141006,-2.94
20141007,-8.6
20141008,-6.83
20141009,-11.71
20141010,-11.29
20141011,-7.55
20141012,-10.26
20141013,-8.73
20141014,-6.8
20141015,-5.67
20141016,-4.22
20141017,-5.45
20141018,-7.39
20141019,-6.3
20141020,-6.95
20141021,-6.87
20141022,-6.89
20141023,-2.45
20141024,-0.45
20141025,-0.72
20141026,-0.32
20141027,0.05
20141028,-6.27
20141029,-6.7
20141030,-2.76
20141031,-2.36
20141101,-7.3
20141102,-4.88
20141103,-8.43
20141104,-7.98
20141105,-4.34
20141106,-4.64
20141107,-4.33
20141108,-3.08
20141109,-2.52
20141110,-2.37
20141111,-3.51
20141112,-3.31
20141113,-0.26
20141114,0.36
20141115,-1.99
20141116,-0.77
20141117,-1.16
20141118,-2.27
20141119,-3.8
20141120,-4.17
20141121,-2.3
20141122,-2.03
20141123,-2.77
20141124,-4.46
20141125,-2.43
20141126,-2.15
20141127,-1.75
20141128,-3.89
20141129,-3.79
20141130,-2.19
20141201,0.86
20141202,-6.37
20141203,-4.6
20141204,-5.56
20141205,-2.5
20141206,-1.87
20141207,-2.44
20141208,-1.46
20141209,-4.47
20141210,-4.03
20141211,-6.97
20141212,-6.01
20141213,-6.71
20141214,-6.53
20141215,-4.25
20141216,-8.76
20141217,-5.61
20141218,-3.22
20141219,-3.25
20141220,-4.24
20141221,-8.92
20141222,-11.34
20141223,-7.86
20141224,-4.15
20141225,-7.11
20141226,-4.57
20141227,-4.96
20141228,-2.77
20141229,-1.06
20141230,-1.77
20141231,-4.27
20150101,-4.75
20150102,-2.49
20150103,-3.61
20150104,-4.8
20150105,-6.52
20150106,-12.67
20150107,-4.34
20150108,-5.26
20150109,-4.32
20150110,-3.19
20150111,-2.07
20150112,-3.12
20150113,-0.99
20150114,-0.9
20150115,-4.74
20150116,-2.77
20150117,-7.2
20150118,-6.89
20150119,-6.85
20150120,-5.97
20150121,-8.49
20150122,-17.06
20150123,-22.14
20150124,-15.7
20150125,-10.79
20150126,-7.51
20150127,-1.01
20150128,-7.73
20150129,-16.4
20150130,-13.42
20150131,-8.65
20150201,-3.06
20150202,-6.96
20150203,-11.67
20150204,-4.81
20150205,-3.34
20150206,-8.98
20150207,-25.09
20150208,-21.48
20150209,-13.84
20150210,-6
20150211,-6.12
20150212,0.81
20150213,-0.28
20150214,0.14
20150215,-2.12
20150216,0.34
20150217,-0.85
20150218,-0.72
20150219,-0.87
20150220,1.59
20150221,1.43
20150222,1.16
20150223,-1.69
20150224,-1.71
20150225,-1.54
20150226,-1.52
20150227,-0.25
20150228,1.38
20150301,-0.73
20150302,0.39
20150303,-0.98
20150304,-2.91
20150305,-1.35
20150306,-1.06
20150307,-0.49
20150308,-4.88
20150309,-8.75
20150310,-14.36
20150311,-11.56
20150312,-13.18
20150313,-6.29
20150314,-6.28
20150315,-1.26
20150316,0.69
20150317,1.18
20150318,0.02
20150319,1.59
20150320,1.19
20150321,2.48
20150322,1.41
20150323,0.09
20150324,3.12
20150325,-0.67
20150326,0.07
20150327,1.84
20150328,2.44
20150329,0.25
20150330,-0.95
20150331,-0.06
20150401,-6.03
20150402,-3.1
20150403,-2.84
20150404,3.69
20150405,3.59
20150406,2.49
20150407,-1.3
20150408,1.69
20150409,-3.13
20150410,-2.84
20150411,-0.93
20150412,-7.27
20150413,-4.33
20150414,-1.53
20150415,-4.38
20150416,0.73
20150417,-1.77
20150418,-0.69
20150419,-6.24
20150420,0.43
20150421,3.36
20150422,0.73
20150423,5.09
20150424,5.29
20150425,3.48
20150426,6.11
20150427,5.42
20150428,4.07
20150429,2.66
20150430,5.84
20150501,5.27
20150502,6.06
20150503,5.58
20150504,4.83
20150505,5.84
20150506,4.68
20150507,3.78
20150508,1.52
20150509,3.27
20150510,3.02
20150511,6.09
20150512,2.93
20150513,6.81
20150514,7.7
20150515,7.03
20150516,3.75
20150517,8.57
20150518,8.54
20150519,2.35
20150520,7.78
20150521,7.82
20150522,7.5
20150523,2.32
20150524,7.85
20150525,8.69
20150526,2.85
20150527,7.22
20150528,8.16
20150529,3.41
20150530,5.22
20150531,2.44
20150601,4.38
20150602,3.19
20150603,2.94
20150604,8.21
20150605,3.62
20150606,7.87
20150607,5.53
20150608,4.92
20150609,6.04
20150610,5.29
20150611,5.95
20150612,6.26
20150613,8.07
20150614,9.53
20150615,9.44
20150616,11.47
20150617,9.77
20150618,10.33
20150619,7.4
20150620,7.24
20150621,7.42
20150622,7.91
20150623,8.8
20150624,5.5
20150625,6.52
20150626,4.03
20150627,4.07
20150628,8.04
20150629,9.89
20150630,9.27
20150701,7.07
20150702,9.01
20150703,8.7
20150704,4.04
20150705,4.84
20150706,6.79
20150707,5.94
20150708,3.12
20150709,3.82
20150710,4.62
20150711,2.85
20150712,3.96
20150713,6.36
20150714,7.81
20150715,6.41
20150716,4.68
20150717,5.18
20150718,2.2
20150719,5.14
20150720,0.98
20150721,4.48
20150722,2.73
20150723,1.29
20150724,2.42
20150725,2.72
20150726,0.61
20150727,1.99
20150728,6
20150729,5.48
20150730,6.69
20150731,7.14
20150801,5.07
20150802,4.19
20150803,8.24
20150804,7.21
20150805,1.75
20150806,4.27
20150807,1.68
20150808,2.47
20150809,2.99
20150810,4.73
20150811,3.91
20150812,3.11
20150813,3.92
20150814,1.07
20150815,1.42
20150816,1.68
20150817,3.35
20150818,2.4
20150819,4.12
20150820,2.72
20150821,3.66
20150822,0.69
20150823,1.66
20150824,1.28
20150825,1.94
20150826,2.29
20150827,3.62
20150828,0.06
20150829,0.79
20150830,0.96
20150831,1.46
20150901,-1.03
20150902,2.71
20150903,1.54
20150904,1.33
20150905,2.92
20150906,1.59
20150907,-1.03
20150908,0.72
20150909,0.86
20150910,-1.38
20150911,-2.79
20150912,-4.35
20150913,-4.57
20150914,2.28
20150915,2.06
20150916,2.08
20150917,-2.67
20150918,-5.69
20150919,-4.97
20150920,-4.3
20150921,-4.91
20150922,-5.77
20150923,-3.71
20150924,0.86
20150925,0.16
20150926,2.22
20150927,2.44
20150928,-2.62
20150929,-10.71
20150930,-0.97
20151001,-1.71
20151002,2.61
20151003,1.41
20151004,0.39
20151005,0.99
20151006,-0.23
20151007,-1
20151008,-4.67
20151009,-1.35
20151010,-1.93
20151011,-5.86
20151012,-5.5
20151013,-2.87
20151014,-2.63
20151015,-0.92
20151016,-0.22
20151017,-2.4
20151018,-3.59
20151019,-2.53
20151020,-1.51
20151021,-2.72
20151022,-2.19
20151023,-0.8
20151024,-1.46
20151025,-2.29
20151026,-0.93
20151027,-0.09
20151028,-0.96
20151029,-3.62
20151030,-10.04
20151031,-4.97
20151101,-0.73
20151102,-2.97
20151103,-3.66
20151104,-5.07
20151105,-1.67
20151106,-6.37
20151107,-3.03
20151108,-3.46
20151109,-11.97
20151110,-11.35
20151111,-6.7
20151112,-12.07
20151113,-12.71
20151114,-5.58
20151115,-5.81
20151116,-8.66
20151117,-6.56
20151118,-1.2
20151119,-2.16
20151120,-2.59
20151121,-9.45
20151122,-7.36
20151123,-2.15
20151124,-5.42
20151125,-4.61
20151126,-6.32
20151127,-2.51
20151128,-4.06
20151129,-4.51
20151130,-2.17
20151201,-3.23
20151202,-7.9
20151203,-5.29
20151204,-2.87
20151205,-3.62
20151206,-3.16
20151207,-2.25
20151208,-2.53
20151209,-3.93
20151210,-4.74
20151211,-12.85
20151212,-11.05
20151213,-6.3
20151214,-9.87
20151215,-8.29
20151216,-5.67
20151217,-9.31
20151218,-4.48
20151219,-7.4
20151220,-7.34
20151221,-5.06
20151222,-8.28
20151223,-7.01
20151224,-0.65
20151225,-1.61
20151226,-0.29
20151227,-1.03
20151228,-3.33
20151229,-5.75
20151230,-3.52
20151231,-4.21
20160101,-4.15
20160102,-2.07
20160103,-4.2
20160104,-0.41
20160105,-3.5
20160106,-5.97
20160107,-4.32
20160108,-2.14
20160109,-0.37
20160110,-6.4
20160111,-6.89
20160112,-6.44
20160113,-5.66
20160114,-6.35
20160115,-2.78
20160116,-6.54
20160117,-5.71
20160118,-1.76
20160119,-2.51
20160120,-1.15
20160121,-1.76
20160122,-2.3
20160123,-3.37
20160124,-1.96
20160125,-0.71
20160126,-1.56
20160127,-1.02
20160128,-4.51
20160129,-4.64
20160130,-1.13
20160131,-2.49
20160201,-3.35
20160202,-3.75
20160203,-2.27
20160204,-0.49
20160205,-1.35
20160206,-2.29
20160207,-1.85
20160208,-3.75
20160209,-1.21
20160210,-2.84
20160211,0.16
20160212,-0.34
20160213,0.42
20160214,0.18
20160215,-0.06
20160216,-1.45
20160217,-2.97
20160218,-6.25
20160219,-6.48
20160220,-5
20160221,-2.33
20160222,-2.78
20160223,-2.18
20160224,-2.63
20160225,0.65
20160226,0.74
20160227,0.51
20160228,0.48
20160229,-1.69
20160301,-2.72
20160302,-0.86
20160303,-0.68
20160304,-5.48
20160305,-10.19
20160306,-3.89
20160307,-2.47
20160308,-1
20160309,-3.53
20160310,-2.22
20160311,1.22
20160312,-1.89
20160313,1.41
20160314,1.11
20160315,-2.99
20160316,-6.22
20160317,-4.53
20160318,-4.07
20160319,-6.89
20160320,-15.62
20160321,-10
20160322,-1.17
20160323,1.46
20160324,2.89
20160325,2.64
20160326,2.29
20160327,-2
20160328,-0
20160329,-1
20160330,-3.81
20160331,2.09
20160401,1.73
20160402,3.77
20160403,2.76
20160404,2.82
20160405,3.86
20160406,3.22
20160407,4.13
20160408,-1.1
20160409,2.58
20160410,4.26
20160411,3.89
20160412,4.23
20160413,1.89
20160414,3.8
20160415,3.65
20160416,-0.14
20160417,-0.71
20160418,1.73
20160419,4.34
20160420,0.74
20160421,2.6
20160422,5.07
20160423,5.88
20160424,6.2
20160425,4.93
20160426,5.73
20160427,3.3
20160428,6.09
20160429,5.94
20160430,5.83
20160501,2.78
20160502,4.94
20160503,3.7
20160504,6.18
20160505,1.66
20160506,-0.07
20160507,1.44
20160508,3.7
20160509,4.12
20160510,2.14
20160511,7.02
20160512,8.11
20160513,4.57
20160514,7.52
20160515,8.41
20160516,7.48
20160517,7.22
20160518,2.84
20160519,5.26
20160520,3.75
20160521,2.22
20160522,6.7
20160523,7.83
20160524,6.65
20160525,5.84
20160526,7.28
20160527,8.11
20160528,7.28
20160529,8.17
20160530,7.04
20160531,2.83
20160601,5.79
20160602,6.22
20160603,8.99
20160604,8.04
20160605,6.23
20160606,8.37
20160607,8.36
20160608,8.45
20160609,4.45
20160610,6.53
20160611,8.27
20160612,8.31
20160613,7.52
20160614,6.78
20160615,3.57
20160616,7.16
20160617,5.73
20160618,1.58
20160619,2.64
20160620,5.71
20160621,8.21
20160622,4.76
20160623,1.82
20160624,1.91
20160625,7.09
20160626,5.4
20160627,6.28
20160628,9.47
20160629,10.12
20160630,9.5
20160701,9.09
20160702,5.96
20160703,7.33
20160704,5.71
20160705,4.81
20160706,4.26
20160707,3.4
20160708,3.93
20160709,4.15
20160710,4.6
20160711,8.73
20160712,5.01
20160713,7.88
20160714,7.14
20160715,7.01
20160716,8.38
20160717,5.81
20160718,4.9
20160719,3.52
20160720,2.04
20160721,1.16
20160722,1.03
20160723,3.72
20160724,1.64
20160725,7.08
20160726,7.7
20160727,6.84
20160728,6.02
20160729,5.32
20160730,-0.1
20160731,3
20160801,3.52
20160802,4.94
20160803,0.99
20160804,1.81
20160805,0.15
20160806,-1.69
20160807,0.18
20160808,2.9
20160809,2.13
20160810,2.05
20160811,6.12
20160812,2.26
20160813,3.62
20160814,0.74
20160815,2.46
20160816,5.11
20160817,1.65
20160818,6.54
20160819,4.38
20160820,-3.06
20160821,-0.46
20160822,2.99
20160823,4.63
20160824,4.11
20160825,5.07
20160826,4.98
20160827,4.06
20160828,4.98
20160829,3.99
20160830,4.9
20160831,4.21
20160901,2.49
20160902,2.86
20160903,2.56
20160904,1.57
20160905,-1.03
20160906,-0.14
20160907,-1.81
20160908,-1.02
20160909,0.11
20160910,-3.77
20160911,1.87
20160912,1.35
20160913,-2.17
20160914,-0.15
20160915,1.4
20160916,-2.36
20160917,-9.01
20160918,-4.19
20160919,-5.1
20160920,-1.29
20160921,-2.54
20160922,-3.22
20160923,-1.57
20160924,-3.91
20160925,-4.14
20160926,-0.82
20160927,-1.48
20160928,0.44
20160929,-0.3
20160930,0.52
20161001,0.94
20161002,-1.25
20161003,0.62
20161004,-1.26
20161005,0.45
20161006,2.44
20161007,1.71
20161008,2.01
20161009,-1.57
20161010,-0.97
20161011,1.4
20161012,-0.16
20161013,0.61
20161014,-0.39
20161015,-1.65
20161016,-5.56
20161017,-11.98
20161018,-13.8
20161019,-9.1
20161020,-5.81
20161021,-6.56
20161022,-5.8
20161023,-6.32
20161024,0.87
20161025,-0.49
20161026,-2.17
20161027,-2.94
20161028,1.09
20161029,-5.14
20161030,-6.15
20161031,-3.15
20161101,-2.94
20161102,-4.14
20161103,-4.71
20161104,-5.51
20161105,-3.99
20161106,-7.24
20161107,-7.36
20161108,-8.88
20161109,-4.34
20161110,-10.66
20161111,-6.28
20161112,-5.46
20161113,-3.67
20161114,-14.49
20161115,-10.2
20161116,-7.13
20161117,-7.88
20161118,-3.81
20161119,-5.3
20161120,-7.62
20161121,-11.32
20161122,-7.7
20161123,-5.76
20161124,-4.77
20161125,-7.54
20161126,-4.57
20161127,-7.31
20161128,-5.65
20161129,-8.87
20161130,-15.52
20161201,-22.42
20161202,-11.13
20161203,-9.41
20161204,-8.06
20161205,-2.84
20161206,-9.76
20161207,-18.2
20161208,-17.5
20161209,-11.59
20161210,-9.98
20161211,-4.19
20161212,-3.66
20161213,-1.32
20161214,-1.27
20161215,-4.86
20161216,-5.57
20161217,-6.98
20161218,-5.88
20161219,-4.34
20161220,-7.2
20161221,-10.08
20161222,-5.79
20161223,-7.09
20161224,-5.56
20161225,-3.52
20161226,-6.46
20161227,-5.06
20161228,-7.55
20161229,0.2
20161230,-8.23
20161231,-4.08
20170101,-2.1
20170102,-0.05
20170103,-0.75
20170104,-4.11
20170105,-6.58
20170106,-5.6
20170107,-5.87
20170108,-6.38
20170109,-3.52
20170110,-4.22
20170111,-4.9
20170112,-9.35
20170113,-23.92
20170114,-16.76
20170115,-12.91
20170116,-14.13
20170117,-14.72
20170118,-11.34
20170119,-14.61
20170120,-18.43
20170121,-16.82
20170122,-10.65
20170123,-9.69
20170124,-0.72
20170125,-3.22
20170126,-7.82
20170127,-11.8
20170128,-8.59
20170129,-8.34
20170130,-2.44
20170131,-3.28
20170201,-3.33
20170202,-4.69
20170203,-2.71
20170204,-3.23
20170205,-2.3
20170206,-3.31
20170207,-3.58
20170208,-2.3
20170209,-10.96
20170210,-18.44
20170211,-20.93
20170212,-18.66
20170213,-23.67
20170214,-7.55
20170215,-6.96
20170216,-9.67
20170217,-10.9
20170218,-14.53
20170219,-14.24
20170220,-8.34
20170221,-4.01
20170222,1.43
20170223,2.21
20170224,0.47
20170225,-0.19
20170226,1.55
20170227,-0.62
20170228,-11.38
20170301,-16.57
20170302,-14.65
20170303,-5.79
20170304,-4.09
20170305,-3.16
20170306,-5.64
20170307,-5.87
20170308,-3.47
20170309,-3.37
20170310,-2.93
20170311,-5.8
20170312,-10.12
20170313,-7.39
20170314,-6.02
20170315,-11.07
20170316,-9.11
20170317,-4.23
20170318,-3.56
20170319,-4.21
20170320,-4.19
20170321,-3.45
20170322,-2.02
20170323,-1.67
20170324,-1.26
20170325,-1.11
20170326,-1.32
20170327,-1.38
20170328,-1.89
20170329,-1.34
20170330,-5.08
20170331,-6.8
20170401,-6.88
20170402,-0.82
20170403,-1.71
20170404,-4.07
20170405,-5.15
20170406,-3.81
20170407,-1.05
20170408,2.38
20170409,3.27
20170410,3.97
20170411,5.05
20170412,5.14
20170413,7.13
20170414,5.24
20170415,4.35
20170416,5.72
20170417,4.06
20170418,3.71
20170419,2.76
20170420,1.82
20170421,5.19
20170422,2.27
20170423,6.87
20170424,8.08
20170425,6.36
20170426,5.88
20170427,7.25
20170428,6.13
20170429,4.11
20170430,6.03
20170501,6.56
20170502,4.65
20170503,5.08
20170504,3.39
20170505,1.78
20170506,5.19
20170507,4.59
20170508,7.97
20170509,8.25
20170510,7.3
20170511,4.94
20170512,7.14
20170513,5.25
20170514,6.33
20170515,3.95
20170516,4.68
20170517,6.17
20170518,7.59
20170519,8.41
20170520,8.49
20170521,2.78
20170522,7.21
20170523,3.68
20170524,7.54
20170525,7.71
20170526,8.73
20170527,7.45
20170528,5.78
20170529,7.35
20170530,6.55
20170531,9.01
20170601,8.95
20170602,8.65
20170603,2.32
20170604,5.73
20170605,10.47
20170606,10.22
20170607,9.26
20170608,9.61
20170609,4.74
20170610,4.59
20170611,8.77
20170612,9.58
20170613,8.84
20170614,9.23
20170615,7.89
20170616,9.11
20170617,9.07
20170618,8.5
20170619,4.04
20170620,4.36
20170621,5.26
20170622,5.36
20170623,5.84
20170624,6.38
20170625,0.61
20170626,3.72
20170627,3.21
20170628,3.4
20170629,5.63
20170630,4.18
20170701,5.22
20170702,5.93
20170703,4.01
20170704,6.45
20170705,6.86
20170706,2.36
20170707,2.77
20170708,1.34
20170709,2.83
20170710,4.49
20170711,3.61
20170712,7.35
20170713,3.31
20170714,3.75
20170715,6.24
20170716,4.86
20170717,3.18
20170718,3.48
20170719,4.72
20170720,6.95
20170721,6.29
20170722,6.23
20170723,6.63
20170724,3.57
20170725,4.08
20170726,5.74
20170727,3.63
20170728,2.47
20170729,2.56
20170730,5.48
20170731,1.81
20170801,1.47
20170802,3.55
20170803,1.64
20170804,1.7
20170805,4.69
20170806,7.96
20170807,7.81
20170808,7.76
20170809,2.83
20170810,3.84
20170811,3.7
20170812,0.49
20170813,-1.76
20170814,1.95
20170815,1.82
20170816,0.98
20170817,2.24
20170818,0.1
20170819,3.53
20170820,-0.63
20170821,-3.85
20170822,3.43
20170823,-0.12
20170824,3.22
20170825,-4.46
20170826,-1.03
20170827,2.67
20170828,1.53
20170829,3.54
20170830,0.47
20170831,-1.4
20170901,1.52
20170902,0.27
20170903,-1.49
20170904,3.51
20170905,3.03
20170906,3.28
20170907,4.18
20170908,0.93
20170909,-2.56
20170910,2.22
20170911,2.25
20170912,2.1
20170913,1.48
20170914,2.69
20170915,-0.3
20170916,0.8
20170917,0.33
20170918,-0.7
20170919,0.26
20170920,-1.45
20170921,-0.24
20170922,0.68
20170923,-1.46
20170924,-2.92
20170925,1.48
20170926,0.83
20170927,0.71
20170928,-0.31
20170929,-3.24
20170930,-1.57
20171001,-0.78
20171002,0.34
20171003,-0.84
20171004,0.24
20171005,0.47
20171006,0.86
20171007,-4.51
20171008,-0.91
20171009,0.86
20171010,1.27
20171011,1.66
20171012,5.22
20171013,0.08
20171014,1.39
20171015,-0.72
20171016,-0.93
20171017,-2.52
20171018,-3.84
20171019,-5.83
20171020,-2.46
20171021,-9.16
20171022,-7.2
20171023,-6.58
20171024,-7.85
20171025,0.02
20171026,0.8
20171027,-0.3
20171028,1.42
20171029,-0.18
20171030,1.91
20171031,0.93
20171101,-0.04
20171102,0.16
20171103,0.52
20171104,-1.18
20171105,-1.52
20171106,-2.7
20171107,-0.93
20171108,-1.88
20171109,-3.65
20171110,-2.56
20171111,-1.58
20171112,-0.39
20171113,-0.24
20171114,-3.65
20171115,-0.46
20171116,-1.83
20171117,-3.63
20171118,0.02
20171119,-6.51
20171120,-8.9
20171121,-2.42
20171122,-2.11
20171123,-10.72
20171124,-6.54
20171125,-2.87
20171126,-1.51
20171127,-1.19
20171128,-0.2
20171129,-1.5
20171130,-3.42
20171201,0.82
20171202,-4.57
20171203,-4.32
20171204,-7.22
20171205,-4.23
20171206,-4.88
20171207,-4.46
20171208,-2.62
20171209,-1.71
20171210,-2.34
20171211,-2.01
20171212,-1.27
20171213,-3.04
20171214,-4.36
20171215,-4.13
20171216,-4.54
20171217,-8.64
20171218,-3.14
20171219,-4.04
20171220,-6.04
20171221,-3.4
20171222,0.26
20171223,-3.85
20171224,-9.23
20171225,-4.65
20171226,-5.29
20171227,-6.79
20171228,-6.19
20171229,-5.76
20171230,-3.04
20171231,-2.46
20180101,-3.32
20180102,-3.29
20180103,-2.83
20180104,-4.28
20180105,-0.17
20180106,-0.64
20180107,-3.2
20180108,-4.06
20180109,-2.85
20180110,-3.41
20180111,-2.27
20180112,-1.75
20180113,-2.54
20180114,-1.76
20180115,-2.17
20180116,-3.07
20180117,-8.81
20180118,-7.88
20180119,-8.24
20180120,-14.97
20180121,-16.22
20180122,-23.67
20180123,-9.89
20180124,-4.61
20180125,-6.83
20180126,-24.88
20180127,-18.74
20180128,-9.65
20180129,-12.28
20180130,-8.72
20180131,-13.66
20180201,-8.73
20180202,-5.52
20180203,-2.65
20180204,1.08
20180205,-1.73
20180206,0.06
20180207,0.48
20180208,-0.06
20180209,0.5
20180210,1.17
20180211,0.84
20180212,-0.16
20180213,-0.73
20180214,1.4
20180215,-0.48
20180216,-0.98
20180217,-2.03
20180218,2.3
20180219,-0.2
20180220,-0.27
20180221,1.76
20180222,1.55
20180223,0.04
20180224,-3.62
20180225,-0.58
20180226,-2.14
20180227,-2.52
20180228,-3.23
20180301,-3.18
20180302,-1.82
20180303,0.02
20180304,0.76
20180305,1.46
20180306,1.3
20180307,2.36
20180308,-1.65
20180309,-5.43
20180310,-11.83
20180311,-5.67
20180312,-0.68
20180313,1.33
20180314,-1.72
20180315,-3.24
20180316,3.25
20180317,-0.07
20180318,1.13
20180319,0.13
20180320,1.34
20180321,2.26
20180322,1.08
20180323,1.53
20180324,-0.2
20180325,3.79
20180326,1.58
20180327,1.59
20180328,1.32
20180329,2.68
20180330,1.66
20180331,-0
20180401,1.16
20180402,2.47
20180403,2.91
20180404,-3.42
20180405,-1.59
20180406,0.99
20180407,-3.75
20180408,2
20180409,0.35
20180410,1.22
20180411,3.39
20180412,0.43
20180413,2.56
20180414,0.16
20180415,5.56
20180416,4.43
20180417,3.05
20180418,5.69
20180419,3.76
20180420,4.9
20180421,4.34
20180422,4.19
20180423,4.28
20180424,4.71
20180425,5.03
20180426,3.74
20180427,2.57
20180428,4.44
20180429,6.46
20180430,6.54
20180501,5.45
20180502,1.64
20180503,5.83
20180504,2.56
20180505,2
20180506,4.94
20180507,1.34
20180508,4.07
20180509,7.94
20180510,1.07
20180511,3.19
20180512,6.08
20180513,7.24
20180514,5.5
20180515,6.42
20180516,5.51
20180517,1.82
20180518,6.66
20180519,9.03
20180520,9.29
20180521,2.46
20180522,5.44
20180523,2.6
20180524,6.61
20180525,9.25
20180526,3.1
20180527,6.61
20180528,1.7
20180529,6.58
20180530,4.43
20180531,6.38
20180601,8.5
20180602,1.98
20180603,6.33
20180604,4.84
20180605,9.16
20180606,6.81
20180607,9.29
20180608,6.03
20180609,6.19
20180610,8.36
20180611,8.85
20180612,10.51
20180613,10.36
20180614,10.01
20180615,6.52
20180616,6.44
20180617,7.32
20180618,5.43
20180619,5.17
20180620,3.4
20180621,6.08
20180622,5.57
20180623,7.48
20180624,5.93
20180625,0.85
20180626,2.71
20180627,4.64
20180628,3.74
20180629,8.95
20180630,6.23
20180701,6.23
20180702,8.89
20180703,2.82
20180704,6.87
20180705,6.14
20180706,5.38
20180707,1.86
20180708,-0.05
20180709,3.59
20180710,4.01
20180711,4.03
20180712,5.48
20180713,2.33
20180714,6.44
20180715,7.29
20180716,3.64
20180717,6.17
20180718,6.71
20180719,5.67
20180720,7
20180721,6.16
20180722,2.13
20180723,4.31
20180724,2.63
20180725,6.15
20180726,2.78
20180727,2.25
20180728,1.12
20180729,2.8
20180730,6
20180731,0.73
20180801,0.18
20180802,3
20180803,1.04
20180804,4.48
20180805,4.89
20180806,3.41
20180807,3.96
20180808,6.5
20180809,4.94
20180810,2.09
20180811,2.7
20180812,2.87
20180813,2.98
20180814,1.45
20180815,2.48
20180816,4.16
20180817,2.66
20180818,0.55
20180819,6.96
20180820,6.18
20180821,2.86
20180822,1.86
20180823,1.9
20180824,3.43
20180825,3.11
20180826,1.72
20180827,3.43
20180828,1.06
20180829,2.6
20180830,2.76
20180831,0.29
20180901,3.67
20180902,2.07
20180903,3.08
20180904,2.63
20180905,3.02
20180906,1.62
20180907,3.89
20180908,2.58
20180909,3.03
20180910,0.83
20180911,3.58
20180912,2.59
20180913,2.6
20180914,2.38
20180915,1.42
20180916,1.71
20180917,1.64
20180918,0.51
20180919,-0.04
20180920,0.02
20180921,0.72
20180922,1.25
20180923,0.31
20180924,-1.43
20180925,0.45
20180926,-1.36
20180927,-2.71
20180928,6.4
20180929,3.02
20180930,0.23
20181001,1.58
20181002,-2.01
20181003,0.37
20181004,-3.12
20181005,-1.92
20181006,-0.45
20181007,1.23
20181008,-2.36
20181009,-0.37
20181010,-2.6
20181011,-4.92
20181012,-4.79
20181013,-3.93
20181014,-3.36
20181015,-0.34
20181016,-0.46
20181017,-0.95
20181018,-3.77
20181019,-7.32
20181020,-4.23
20181021,-4.45
20181022,-4.62
20181023,-1.54
20181024,-4.5
20181025,-5.29
20181026,-6.15
20181027,-10.87
20181028,-10.86
20181029,-5.28
20181030,-3.63
20181031,-4.1
20181101,-3.97
20181102,-1.74
20181103,-0.88
20181104,-1.12
20181105,-2.49
20181106,-3.06
20181107,-4.06
20181108,-5
20181109,-7.88
20181110,-3.22
20181111,-2.44
20181112,-3.69
20181113,-4.14
20181114,-2.11
20181115,-1.34
20181116,-0.9
20181117,-0.38
20181118,-3.86
20181119,-5.67
20181120,-5.79
20181121,-10.61
20181122,-6.17
20181123,-5.52
20181124,-2.33
20181125,-4.46
20181126,-9.36
20181127,-11.88
20181128,-9.51
20181129,-9.81
20181130,0.08
20181201,-4.83
20181202,-6.12
20181203,-5.89
20181204,-2.5
20181205,-3.18
20181206,-2.2
20181207,-6.72
20181208,-12.31
20181209,-6.07
20181210,-6.66
20181211,-15.86
20181212,-12.43
20181213,-8.67
20181214,-10.78
20181215,-17.52
20181216,-12.44
20181217,-18.86
20181218,-14.64
20181219,-10.68
20181220,-12.59
20181221,-14.39
20181222,-14.49
20181223,-11.44
20181224,-10.71
20181225,-10.13
20181226,-8.4
20181227,-7.33
20181228,-17.46
20181229,-12.52
20181230,-4.89
20181231,-3.1
20190101,-2.65
20190102,-7.72
20190103,-4.62
20190104,-5.52
20190105,-5.31
20190106,-3.59
20190107,-4.65
20190108,-5.12
20190109,-1.98
20190110,-4.94
20190111,-14.88
20190112,-7.37
20190113,-2.1
20190114,-2.45
20190115,-2.83
20190116,-1.95
20190117,-10.68
20190118,-13.93
20190119,-12.32
20190120,-11.21
20190121,-4.01
20190122,-0.82
20190123,-0.94
20190124,-1.24
20190125,-3.22
20190126,-0.1
20190127,-0.87
20190128,-1.49
20190129,-3.24
20190130,-2.19
20190131,-2.2
20190201,0.25
20190202,2.09
20190203,0.69
20190204,0.93
20190205,-2.6
20190206,-0.74
20190207,1.6
20190208,-1.16
20190209,1.9
20190210,-4.61
20190211,-0.06
20190212,-3.12
20190213,-4.93
20190214,-1.81
20190215,-0.88
20190216,-3.87
20190217,-2.77
20190218,-0.37
20190219,-5.23
20190220,-1.42
20190221,-6.08
20190222,-3.43
20190223,-2.38
20190224,0.12
20190225,1
20190226,0.49
20190227,-1.75
20190228,-2.18
20190301,-0.24
20190302,-2
20190303,-3.59
20190304,-0.88
20190305,-0.09
20190306,-2.95
20190307,0.09
20190308,-1.01
20190309,0.34
20190310,0.24
20190311,-4.7
20190312,0.86
20190313,-2.54
20190314,-3.17
20190315,-3.05
20190316,-6.32
20190317,-3.09
20190318,-3.74
20190319,-7.6
20190320,-4.83
20190321,-3.47
20190322,0.92
20190323,3.27
20190324,1.28
20190325,4.76
20190326,1.85
20190327,0.74
20190328,1.78
20190329,2.72
20190330,1.97
20190331,1.99
20190401,2.21
20190402,1.62
20190403,3.14
20190404,3.47
20190405,3.11
20190406,0.37
20190407,0.99
20190408,2.18
20190409,3.2
20190410,2.52
20190411,2.68
20190412,3.74
20190413,5.36
20190414,4.56
20190415,3.82
20190416,-2.52
20190417,-0.26
20190418,1.96
20190419,-1.31
20190420,-0.98
20190421,-1.11
20190422,-5
20190423,1.1
20190424,3.5
20190425,3.4
20190426,4.32
20190427,4.72
20190428,6.3
20190429,7.7
20190430,2.94
20190501,2.88
20190502,4.52
20190503,5.03
20190504,5.21
20190505,2.87
20190506,5.64
20190507,1.57
20190508,6.35
20190509,6.64
20190510,5.63
20190511,4.6
20190512,4.73
20190513,5.12
20190514,3.87
20190515,6.88
20190516,6.65
20190517,4.77
20190518,5.24
20190519,7.81
20190520,6.01
20190521,5.75
20190522,2.8
20190523,6.35
20190524,4.14
20190525,2.5
20190526,3.25
20190527,7.85
20190528,7.83
20190529,4.89
20190530,8.15
20190531,5.13
20190601,8.21
20190602,9.18
20190603,6.04
20190604,3.86
20190605,4.73
20190606,5.84
20190607,8.38
20190608,8.43
20190609,8.55
20190610,9.82
20190611,9.4
20190612,6.08
20190613,4.18
20190614,5.41
20190615,8.6
20190616,9.77
20190617,9.24
20190618,8.73
20190619,7.82
20190620,5.19
20190621,4.93
20190622,4.38
20190623,7.86
20190624,4.81
20190625,2.35
20190626,5.66
20190627,5.72
20190628,6.25
20190629,7.73
20190630,3.75
20190701,6.28
20190702,7.56
20190703,6.92
20190704,8.49
20190705,9.17
20190706,9.91
20190707,10.02
20190708,9.59
20190709,7.31
20190710,3.15
20190711,5.83
20190712,2.63
20190713,0.17
20190714,3.33
20190715,4.18
20190716,3.47
20190717,4.51
20190718,1.66
20190719,3.56
20190720,3.36
20190721,4.15
20190722,6.44
20190723,7.06
20190724,1.7
20190725,-1.58
20190726,4.12
20190727,1.8
20190728,4.47
20190729,6.94
20190730,5.66
20190731,5.12
20190801,6.79
20190802,9.14
20190803,6.58
20190804,3.65
20190805,1.05
20190806,5.02
20190807,4.75
20190808,4.28
20190809,4.33
20190810,5.29
20190811,1.28
20190812,0.97
20190813,1.25
20190814,5.39
20190815,4.25
20190816,5.34
20190817,3.1
20190818,5.39
20190819,5.22
20190820,2.68
20190821,0.36
20190822,4.75
20190823,2.54
20190824,2.19
20190825,0.64
20190826,-0.28
20190827,0.51
20190828,1.1
20190829,-2.65
20190830,0.62
20190831,-4.24
20190901,-0.3
20190902,1.5
20190903,-1.48
20190904,-3.44
20190905,-0.05
20190906,1.42
20190907,1.74
20190908,-0.04
20190909,1.96
20190910,0.12
20190911,-2.04
20190912,-3.44
20190913,0.35
20190914,-0.91
20190915,0.79
20190916,0.06
20190917,-0.34
20190918,-0.17
20190919,0.21
20190920,-2.24
20190921,-3.66
20190922,-5.02
20190923,-6.62
20190924,-4.84
20190925,-1.49
20190926,-0.56
20190927,-3.06
20190928,0.13
20190929,-0.44
20190930,-2.09
20191001,-4.79
20191002,-1.06
20191003,-1.32
20191004,-1.32
20191005,-0.93
20191006,-4.74
20191007,-2.74
20191008,0.03
20191009,-4.01
20191010,-5.74
20191011,-3.44
20191012,-1.78
20191013,-0.91
20191014,-6.01
20191015,-6.34
20191016,-6.01
20191017,-9.11
20191018,-3.69
20191019,-2.32
20191020,-5.11
20191021,-3.09
20191022,-4.44
20191023,-8.23
20191024,-6.25
20191025,-3.14
20191026,2.2
20191027,1.81
20191028,-1
20191029,-0.57
20191030,-3.45
20191031,-1.35
20191101,-1.46
20191102,-0.52
20191103,-1.63
20191104,-4.04
20191105,-0.69
20191106,1.41
20191107,1.31
20191108,-0.28
20191109,-0.23
20191110,-0.46
20191111,-2.85
20191112,-3.47
20191113,-0.46
20191114,-10.91
20191115,-10.83
20191116,-7.02
20191117,-5.57
20191118,-3.03
20191119,-0.36
20191120,-8.46
20191121,-3.65
20191122,-5.38
20191123,-12.61
20191124,-10.61
20191125,-7.54
20191126,-3.13
20191127,-3.71
20191128,-10.85
20191129,-8.95
20191130,-6.33
20191201,-5.74
20191202,-6.59
20191203,-5.53
20191204,-7.01
20191205,-0.54
20191206,0
20191207,-4.38
20191208,-6.68
20191209,-6.16
20191210,-5.43
20191211,-5.91
20191212,-8.13
20191213,-6.6
20191214,-5.24
20191215,-3.72
20191216,-1.78
20191217,-3.27
20191218,-4.88
20191219,-8.31
20191220,-3.5
20191221,-8.04
20191222,-4.46
20191223,-4.7
20191224,-12.37
20191225,-20.62
20191226,-15.57
20191227,-26.49
20191228,-27.38
20191229,-18.14
20191230,-17.46
20191231,-28.26
20200101,-25.85
20200102,-21.16
20200103,-16.66
20200104,-9.22
20200105,-5.85
20200106,-6.84
20200107,-6.59
20200108,-6.43
20200109,-1.05
20200110,-0.12
20200111,-2.94
20200112,-3.16
20200113,-3.54
20200114,-6.67
20200115,-7.47
20200116,-7.31
20200117,-7.28
20200118,-5.85
20200119,-3.76
20200120,-3.67
20200121,-5.78
20200122,-6.2
20200123,-9.32
20200124,-17.85
20200125,-17.1
20200126,-23.66
20200127,-27.42
20200128,-27.36
20200129,-33.91
20200130,-24.92
20200131,-13.52
20200201,-6.79
20200202,1.88
20200203,2.14
20200204,1.2
20200205,0.5
20200206,-1.22
20200207,-7.24
20200208,-1.58
20200209,-7.77
20200210,-4.31
20200211,-2.22
20200212,-9.68
20200213,-5.19
20200214,0.21
20200215,0.51
20200216,-0.61
20200217,0.48
20200218,-2.51
20200219,-4.81
20200220,-8.78
20200221,-15.06
20200222,-7.25
20200223,-6.94
20200224,-10.65
20200225,-8.47
20200226,-3.31
20200227,-1.2
20200228,-0.72
20200229,1.36
20200301,-3.38
20200302,-7.55
20200303,-13.84
20200304,-14.48
20200305,-4.41
20200306,0.51
20200307,2.51
20200308,1.5
20200309,-6.04
20200310,-10.74
20200311,-3.77
20200312,-4.88
20200313,-0.6
20200314,2.85
20200315,0.41
20200316,1.95
20200317,3.31
20200318,0.26
20200319,5.38
20200320,0.68
20200321,3.4
20200322,1.01
20200323,0.25
20200324,2.49
20200325,3.27
20200326,2.63
20200327,4.49
20200328,-2.46
20200329,-5.89
20200330,-4.14
20200331,0.15
20200401,1.22
20200402,1.87
20200403,2.12
20200404,3.94
20200405,2.25
20200406,1.92
20200407,-5.87
20200408,1.05
20200409,4.74
20200410,3.99
20200411,2.3
20200412,4.64
20200413,2.05
20200414,3.58
20200415,4.49
20200416,2.94
20200417,7.14
20200418,5.4
20200419,4.9
20200420,3.58
20200421,4.82
20200422,2.61
20200423,4.98
20200424,6.56
20200425,6.51
20200426,5.34
20200427,1.63
20200428,0.79
20200429,4.29
20200430,1.84
20200501,4.33
20200502,6.98
20200503,5.86
20200504,1.81
20200505,5.43
20200506,6.77
20200507,7.93
20200508,7.95
20200509,3.66
20200510,5.58
20200511,7.42
20200512,8.29
20200513,7.87
20200514,8.16
20200515,7.2
20200516,4.62
20200517,4.48
20200518,6.68
20200519,6.59
20200520,3.53
20200521,4.52
20200522,6.71
20200523,5.8
20200524,8.02
20200525,6.57
20200526,5.18
20200527,8.39
20200528,9.17
20200529,8.53
20200530,4.99
20200531,7.55
20200601,8.17
20200602,9.01
20200603,8.91
20200604,7.02
20200605,2.51
20200606,4.56
20200607,6.18
20200608,7.2
20200609,8.54
20200610,5.41
20200611,2.84
20200612,7.09
20200613,7.16
20200614,5.93
20200615,8.19
20200616,2.43
20200617,5.47
20200618,7.31
20200619,9.22
20200620,1.51
20200621,6.89
20200622,9.13
20200623,3.94
20200624,4.76
20200625,2.93
20200626,1.61
20200627,1.38
20200628,6.45
20200629,4.74
20200630,3.42
20200701,5.23
20200702,2.91
20200703,6.37
20200704,7.12
20200705,2.67
20200706,3.9
20200707,2.76
20200708,3.66
20200709,3.88
20200710,4.04
20200711,5.14
20200712,6.01
20200713,5.65
20200714,6.96
20200715,7.06
20200716,3.03
20200717,4.92
20200718,4.65
20200719,5.36
20200720,4.55
20200721,3.13
20200722,1.95
20200723,1.25
20200724,2.27
20200725,3.02
20200726,3.71
20200727,4.61
20200728,6.16
20200729,0.09
20200730,3.61
20200731,3.38
20200801,5.55
20200802,0.26
20200803,2.79
20200804,6.9
20200805,1.48
20200806,-0.64
20200807,1.27
20200808,2.29
20200809,1.62
20200810,3.36
20200811,0.19
20200812,0.63
20200813,3
20200814,5.92
20200815,2.17
20200816,3.83
20200817,1.03
20200818,4.44
20200819,5.68
20200820,3.9
20200821,2.44
20200822,-0.15
20200823,2.29
20200824,2.62
20200825,1.35
20200826,1.47
20200827,2.86
20200828,2.68
20200829,1.73
20200830,2.07
20200831,0.6
20200901,2.43
20200902,0.77
20200903,0.55
20200904,2.16
20200905,-2.6
20200906,3.88
20200907,2.34
20200908,2.41
20200909,2.27
20200910,1.88
20200911,2.3
20200912,-0.86
20200913,2.39
20200914,1.29
20200915,1.37
20200916,-0.94
20200917,0.09
20200918,-0.28
20200919,0.39
20200920,-2.4
20200921,0.16
20200922,-0.61
20200923,-1.74
20200924,-3.92
20200925,-2.31
20200926,-2.59
20200927,-6.42
20200928,-0.83
20200929,0.17
20200930,-1.93
20201001,1.23
20201002,-2.41
20201003,-0.2
20201004,-0.22
20201005,-1.82
20201006,-3.8
20201007,0.21
20201008,-0.53
20201009,-0.85
20201010,-2.36
20201011,-2.03
20201012,-0.52
20201013,-4
20201014,-4.46
20201015,-2.44
20201016,-3.49
20201017,-0.14
20201018,-3.33
20201019,-2.89
20201020,-1.97
20201021,-5.2
20201022,-3.44
20201023,1.09
20201024,0.31
20201025,-0.5
20201026,-1.58
20201027,-1.98
20201028,-2.02
20201029,-0.81
20201030,-10.36
20201031,-11.43
20201101,-8.47
20201102,-11.12
20201103,-9.31
20201104,-8.65
20201105,-0.36
20201106,-0.3
20201107,0.16
20201108,-1.62
20201109,-0.33
20201110,2.17
20201111,-3.52
20201112,-9.22
20201113,-5
20201114,-6.88
20201115,-10.5
20201116,-7.75
20201117,-2.26
20201118,-1.03
20201119,-5.58
20201120,-3.22
20201121,-6.63
20201122,-5.28
20201123,-7.83
20201124,-0.12
20201125,-6.16
20201126,-7.31
20201127,-7.46
20201128,-10.95
20201129,-9.2
20201130,-12.13
20201201,-15.95
20201202,-10.05
20201203,-7.81
20201204,-12.15
20201205,-14.3
20201206,-19.75
20201207,-15.66
20201208,-13.9
20201209,-13.15
20201210,-12.62
20201211,-3.63
20201212,-1.3
20201213,-3.14
20201214,-4.54
20201215,-3.99
20201216,-2.39
20201217,-2.46
20201218,-4.71
20201219,-5.44
20201220,-8.09
20201221,-1.18
20201222,-4.04
20201223,-7.27
20201224,-7.33
20201225,-10.91
20201226,-7
20201227,-1.65
20201228,-3.53
20201229,-3.52
20201230,-2.9
20201231,-3.93
20210101,-2.69
20210102,-4.3
20210103,-2.96
20210104,-3.11
20210105,-4.14
20210106,-13.2
20210107,-15.84
20210108,-9.57
20210109,-11.62
20210110,-13.29
20210111,-9.11
20210112,-5.68
20210113,-7.01
20210114,-7.28
20210115,-4.36
20210116,-9.1
20210117,-15.57
20210118,-16.65
20210119,-6.88
20210120,-2.09
20210121,-1.58
20210122,0.32
20210123,-3.13
20210124,-3.18
20210125,-0.59
20210126,-2.95
20210127,0.25
20210128,-1.93
20210129,-6.59
20210130,-10.24
20210131,-2.69
20210201,1.13
20210202,1.25
20210203,-0.69
20210204,-0.9
20210205,-1.13
20210206,-1.79
20210207,1.05
20210208,1.12
20210209,0.51
20210210,0.51
20210211,-0.99
20210212,1.68
20210213,-0.21
20210214,0.26
20210215,-0.67
20210216,0.22
20210217,0.08
20210218,-4.34
20210219,-7.47
20210220,-3.37
20210221,-5.98
20210222,-9.94
20210223,1.71
20210224,-1.96
20210225,-2.25
20210226,2.17
20210227,-2.34
20210228,-11.49
20210301,-2.29
20210302,-10.03
20210303,-22.37
20210304,-6.39
20210305,-7.19
20210306,-1.34
20210307,1.43
20210308,4.32
20210309,-1.1
20210310,-3.19
20210311,-6.44
20210312,-1.92
20210313,-1.22
20210314,-1.21
20210315,-1.09
20210316,-5.85
20210317,-1.34
20210318,-3.21
20210319,-3.01
20210320,2.17
20210321,0.57
20210322,-9.3
20210323,-6.44
20210324,1.67
20210325,3.09
20210326,0.68
20210327,-2.65
20210328,1.28
20210329,3.97
20210330,-0.53
20210331,-4.31
20210401,-2.41
20210402,2.23
20210403,5.01
20210404,4.31
20210405,-1.22
20210406,3.34
20210407,3.62
20210408,-4.75
20210409,-6.5
20210410,3.47
20210411,5.31
20210412,3.24
20210413,3.44
20210414,1.67
20210415,0.2
20210416,1.78
20210417,4.79
20210418,2.96
20210419,3.66
20210420,7.16
20210421,2.92
20210422,7.74
20210423,6.53
20210424,3.32
20210425,3.28
20210426,2.05
20210427,6.48
20210428,6.4
20210429,1.05
20210430,1.83
20210501,2.48
20210502,1.38
20210503,4.52
20210504,6.73
20210505,6.92
20210506,3.7
20210507,4.18
20210508,6.57
20210509,6.81
20210510,8.05
20210511,8.4
20210512,5.18
20210513,1.43
20210514,6.81
20210515,7.94
20210516,6.13
20210517,5.37
20210518,6.39
20210519,2.65
20210520,1.31
20210521,3.8
20210522,9
20210523,7.8
20210524,8.11
20210525,8.6
20210526,5.72
20210527,4.51
20210528,9.29
20210529,4.46
20210530,4.91
20210531,8.87
20210601,5.69
20210602,5.44
20210603,3.68
20210604,3.93
20210605,1.28
20210606,6.13
20210607,7.49
20210608,1.81
20210609,4.72
20210610,4.53
20210611,5.71
20210612,4.78
20210613,7.23
20210614,5.3
20210615,4.88
20210616,8.64
20210617,10.39
20210618,10.52
20210619,10.5
20210620,8.49
20210621,7.64
20210622,3.94
20210623,1.4
20210624,8.35
20210625,8.14
20210626,8.93
20210627,7.98
20210628,5.13
20210629,6.06
20210630,3.21
20210701,8.07
20210702,5.26
20210703,6.56
20210704,6.92
20210705,4.71
20210706,2.64
20210707,5.2
20210708,4.14
20210709,5.77
20210710,6.11
20210711,9.32
20210712,6.31
20210713,8.08
20210714,7.12
20210715,6.79
20210716,6.21
20210717,6.39
20210718,7.71
20210719,1.8
20210720,1.89
20210721,2.14
20210722,4.42
20210723,5.96
20210724,5.67
20210725,2.08
20210726,6.77
20210727,6.27
20210728,3.21
20210729,4.07
20210730,4.52
20210731,5.63
20210801,5.81
20210802,8.01
20210803,8.34
20210804,7.09
20210805,5.56
20210806,4.49
20210807,-0.26
20210808,3.5
20210809,-0.11
20210810,4.17
20210811,2.57
20210812,2.34
20210813,2.14
20210814,4
20210815,2.66
20210816,1.46
20210817,4.85
20210818,4.13
20210819,0.81
20210820,1.51
20210821,1.78
20210822,2.96
20210823,0.11
20210824,1.26
20210825,3.31
20210826,2.99
20210827,2.14
20210828,0.85
20210829,3.44
20210830,0.31
20210831,2.72
20210901,0.83
20210902,3.65
20210903,1.31
20210904,0.25
20210905,-2.07
20210906,0.04
20210907,0.8
20210908,-1.69
20210909,1.58
20210910,-3.08
20210911,0.37
20210912,-4.86
20210913,-6.43
20210914,-3.56
20210915,-1.75
20210916,2.17
20210917,-3.51
20210918,-2.64
20210919,-5.23
20210920,-5.53
20210921,-1.58
20210922,-3.76
20210923,-8.41
20210924,-3.6
20210925,-1.33
20210926,-1.17
20210927,-5.89
20210928,-3.67
20210929,-5.07
20210930,-9.06
20211001,-7.24
20211002,-10.14
20211003,-2.75
20211004,-2.29
20211005,-0.02
20211006,1.46
20211007,-2.61
20211008,-2.4
20211009,-4.61
20211010,0.42
20211011,-3.89
20211012,0.06
20211013,-5.51
20211014,-4.7
20211015,-7.76
20211016,-5.41
20211017,-1.47
20211018,-3.73
20211019,-1.87
20211020,-8.03
20211021,-5.76
20211022,-2.83
20211023,-3.83
20211024,-7.37
20211025,-10.04
20211026,-8.4
20211027,-5.98
20211028,-5.18
20211029,-6.59
20211030,-15.45
20211031,-7.84
20211101,-3.97
20211102,-2.28
20211103,-9.29
20211104,-12.28
20211105,-11.74
20211106,-9.45
20211107,-7.84
20211108,-5.01
20211109,-5
20211110,-10.96
20211111,-8.75
20211112,-7.38
20211113,-3.31
20211114,-3.12
20211115,-2.2
20211116,-6.02
20211117,-9.55
20211118,-13.93
20211119,-13.18
20211120,-9.24
20211121,-11.76
20211122,-11.5
20211123,-18.17
20211124,-21.68
20211125,-13.29
20211126,-7.34
20211127,-7.89
20211128,-15.71
20211129,-26.03
20211130,-24.72
20211201,-13.78
20211202,-6.89
20211203,-2.46
20211204,-3.61
20211205,0.39
20211206,-2.47
20211207,-7.15
20211208,-3.71
20211209,-7.07
20211210,-13.72
20211211,-15.53
20211212,-16.16
20211213,-12.13
20211214,-4.02
20211215,-0.53
20211216,-2.4
20211217,-1.7
20211218,-3.14
20211219,1.55
20211220,2.02
20211221,-2.39
20211222,3.6
20211223,-2.42
20211224,0.97
20211225,3.56
20211226,5.34
20211227,4.17
20211228,3.63
20211229,-1.56
20211230,1.95
20211231,-2.16
20220101,-18.23
20220102,-17.55
20220103,-27.27
20220104,-18.62
20220105,-7.76
20220106,-5.71
20220107,-4.1
20220108,-11.94
20220109,-12.91
20220110,-7.47
20220111,-4.77
20220112,-1.83
20220113,-3.81
20220114,-3.68
20220115,-4.81
20220116,-2.32
20220117,-1.4
20220118,-0.34
20220119,-0.86
20220120,-14.34
20220121,-3.55
20220122,-6.44
20220123,-7.3
20220124,-6.72
20220125,-3.32
20220126,-6.6
20220127,-14.25
20220128,-20.24
20220129,-14.95
20220130,-9.25
20220131,0.59
20220201,1.82
20220202,0.3
20220203,1.76
20220204,-1.12
20220205,-1.73
20220206,-4.24
20220207,-18.38
20220208,-18.02
20220209,-11.76
20220210,-3.91
20220211,-1.44
20220212,-3.17
20220213,-2.67
20220214,1.27
20220215,0.7
20220216,2.67
20220217,2.25
20220218,0.37
20220219,0.5
20220220,3.52
20220221,1.35
20220222,1.09
20220223,2.28
20220224,0.89
20220225,0.26
20220226,0.08
20220227,0.1
20220228,0.47
20220301,-0.09
20220302,0.86
20220303,-3.06
20220304,0.2
20220305,0.01
20220306,-0.67
20220307,-1.08
20220308,0.28
20220309,-0.03
20220310,2.09
20220311,1.86
20220312,0.02
20220313,-0.81
20220314,0.09
20220315,-7.5
20220316,-17.42
20220317,-14.81
20220318,-13.28
20220319,-21.01
20220320,-18.29
20220321,-8.85
20220322,-8.21
20220323,-10.4
20220324,-6.33
20220325,-5.28
20220326,-3.29
20220327,-0.22
20220328,-0.32
20220329,0.73
20220330,1.01
20220331,3.84
20220401,1.01
20220402,1.28
20220403,0.92
20220404,2.1
20220405,-0.23
20220406,-5.08
20220407,-2.56
20220408,-0.99
20220409,0.45
20220410,2.11
20220411,2.54
20220412,3.64
20220413,6.2
20220414,1.94
20220415,6.94
20220416,4.78
20220417,4.24
20220418,3.83
20220419,6.76
20220420,6.43
20220421,2.22
20220422,5.43
20220423,6.65
20220424,5.58
20220425,2.81
20220426,6.86
20220427,4.56
20220428,3.6
20220429,4.29
20220430,7.13
20220501,3.82
20220502,6.43
20220503,1.87
20220504,5.18
20220505,6.24
20220506,2.11
20220507,2.12
20220508,5.71
20220509,6.87
20220510,5.49
20220511,5.9
20220512,5.86
20220513,6.48
20220514,6.39
20220515,3.04
20220516,7.1
20220517,3.69
20220518,7.59
20220519,8.68
20220520,6.88
20220521,3.35
20220522,8.94
20220523,9.65
20220524,7.62
20220525,7.42
20220526,8.76
20220527,5.88
20220528,5.84
20220529,5.67
20220530,3.97
20220531,7.08
20220601,9.91
20220602,9.83
20220603,5.41
20220604,8.72
20220605,9.65
20220606,8.76
20220607,8.91
20220608,6.64
20220609,8.26
20220610,10.17
20220611,9.54
20220612,5.12
20220613,2.76
20220614,6.72
20220615,7.04
20220616,-0.04
20220617,6.21
20220618,8.9
20220619,7.25
20220620,5.86
20220621,6.47
20220622,5.78
20220623,6.75
20220624,3.77
20220625,2.09
20220626,3.81
20220627,5.86
20220628,8.35
20220629,8.24
20220630,4.45
20220701,4.2
20220702,3.69
20220703,6.49
20220704,4.37
20220705,4.57
20220706,3.56
20220707,3.1
20220708,5.33
20220709,6.04
20220710,7.65
20220711,2.9
20220712,3.55
20220713,5.28
20220714,2.87
20220715,2.53
20220716,2.31
20220717,4.58
20220718,4.43
20220719,5.57
20220720,-0.03
20220721,4.58
20220722,4.77
20220723,5.75
20220724,2.26
20220725,4.05
20220726,7.4
20220727,4.91
20220728,2.63
20220729,2.45
20220730,5.25
20220731,2.21
20220801,2.61
20220802,4.49
20220803,2.48
20220804,3.35
20220805,4.38
20220806,5.43
20220807,4.29
20220808,1.11
20220809,0.47
20220810,1.06
20220811,0.26
20220812,2.09
20220813,4.04
20220814,1.52
20220815,2.23
20220816,1.21
20220817,2.93
20220818,-0.02
20220819,1.63
20220820,1.79
20220821,6.02
20220822,6.14
20220823,2.13
20220824,5.77
20220825,1.73
20220826,3.82
20220827,2.26
20220828,5.2
20220829,-0.07
20220830,0.37
20220831,2.4
20220901,2.07
20220902,1.37
20220903,1.82
20220904,0.76
20220905,0.7
20220906,0.04
20220907,-0.19
20220908,-2.53
20220909,-2.7
20220910,1.14
20220911,3.26
20220912,1.74
20220913,-0.32
20220914,-1.5
20220915,1.4
20220916,6.89
20220917,0.59
20220918,1.99
20220919,0.25
20220920,0.1
20220921,-3.33
20220922,-0.15
20220923,-1.11
20220924,-2.36
20220925,-0.84
20220926,-4.04
20220927,-4.06
20220928,-1.87
20220929,-9.26
20220930,-3.17
20221001,0.92
20221002,0.13
20221003,1.38
20221004,1.35
20221005,0.21
20221006,-2.32
20221007,0.1
20221008,-1.5
20221009,-6.76
20221010,-2.47
20221011,-4.69
20221012,-3.1
20221013,-4.5
20221014,-1.22
20221015,-1.52
20221016,-2.95
20221017,-4
20221018,-4.77
20221019,-2.47
20221020,-2.42
20221021,-1.88
20221022,-2.02
20221023,-3.27
20221024,-3.46
20221025,2.37
20221026,-11.04
20221027,-7.47
20221028,-8.29
20221029,-7.93
20221030,-11.45
20221031,-6.31
20221101,-3.34
20221102,-8.19
20221103,-8.2
20221104,-6.42
20221105,-1.84
20221106,-5.18
20221107,1.32
20221108,-0.7
20221109,-3.21
20221110,-3.55
20221111,0.86
20221112,-0.36
20221113,-5.38
20221114,-8.67
20221115,-2.73
20221116,-0.83
20221117,0.24
20221118,-0.14
20221119,-0.38
20221120,-0.68
20221121,-0.87
20221122,-16.6
20221123,-13.94
20221124,-1.1
20221125,-6.11
20221126,-4.91
20221127,-6.44
20221128,-0.29
20221129,-2.58
20221130,-0.33
20221201,0.39
20221202,-1.3
20221203,-0.16
20221204,2.9
20221205,-4.81
20221206,-6.86
20221207,-7.94
20221208,-7.35
20221209,-6.19
20221210,-2.27
20221211,-2.89
20221212,-6.05
20221213,-2.84
20221214,-6.05
20221215,-12.63
20221216,-2.42
20221217,-0.5
20221218,-0.87
20221219,-2.39
20221220,-4.25
20221221,-4.32
20221222,-2.45
20221223,-3.2
20221224,-18.03
20221225,-10.09
20221226,-7.04
20221227,-6.22
20221228,-3.07
20221229,-1.31
20221230,-2.52
20221231,-3.39
20230101,-7.18
20230102,-11.05
20230103,-6.21
20230104,-5.12
20230105,-5.71
20230106,-5.11
20230107,-5.41
20230108,-6.42
20230109,-8.78
20230110,-4.12
20230111,-4.54
20230112,-5.19
20230113,-4.3
20230114,-1.09
20230115,-2.03
20230116,-3.47
20230117,-7.15
20230118,-6.57
20230119,-9.7
20230120,-13.5
20230121,-15.74
20230122,-12.52
20230123,-3.15
20230124,-0.39
20230125,-8.19
20230126,-5.45
20230127,-0.76
20230128,-0.02
20230129,0.92
20230130,-0.5
20230131,-2.13
20230201,-4.19
20230202,-2.42
20230203,-3.32
20230204,-2.5
20230205,-3.47
20230206,-5.53
20230207,-7.53
20230208,-6.25
20230209,-14.11
20230210,-8.72
20230211,-13.31
20230212,-15.25
20230213,-10.78
20230214,-10.11
20230215,-13.66
20230216,-1.52
20230217,-2.42
20230218,-1.7
20230219,-2.23
20230220,-2.53
20230221,0.74
20230222,1.73
20230223,1.73
20230224,-3.15
20230225,-3.12
20230226,-5.13
20230227,-8
20230228,0.43
20230301,-11.55
20230302,-6.02
20230303,-4.95
20230304,-1.57
20230305,2.26
20230306,4.19
20230307,4.77
20230308,0.73
20230309,-0.53
20230310,-1.32
20230311,-0.25
20230312,0.7
20230313,-8.67
20230314,-12.88
20230315,-23.64
20230316,-18.84
20230317,-14.63
20230318,-12.18
20230319,-3.54
20230320,1.67
20230321,-0.61
20230322,-4.31
20230323,0.8
20230324,2.37
20230325,2.43
20230326,4.61
20230327,2.04
20230328,-1.63
20230329,4.38
20230330,1.32
20230331,-1.87
20230401,-0.55
20230402,0.09
20230403,3.63
20230404,2.69
20230405,-1.07
20230406,-1.62
20230407,-2.86
20230408,-9.15
20230409,0.38
20230410,1
20230411,5.5
20230412,5.19
20230413,-0.3
20230414,-11.36
20230415,-13.33
20230416,-5.58
20230417,-0.59
20230418,-1.45
20230419,-2.7
20230420,3.71
20230421,5.18
20230422,4.16
20230423,2.92
20230424,-1.58
20230425,4.12
20230426,2.69
20230427,3.42
20230428,5.53
20230429,5.25
20230430,7.33
20230501,4.48
20230502,2.92
20230503,5.43
20230504,2.05
20230505,1.35
20230506,3.34
20230507,3.29
20230508,6.01
20230509,6.73
20230510,2.89
20230511,5.68
20230512,7.67
20230513,1.47
20230514,2.25
20230515,0.15
20230516,0.57
20230517,3.41
20230518,3.33
20230519,2.34
20230520,9.51
20230521,7.32
20230522,6.19
20230523,6.31
20230524,5.18
20230525,3.45
20230526,5.67
20230527,6.77
20230528,5.81
20230529,6.1
20230530,4.69
20230531,5.92
20230601,9.52
20230602,5.82
20230603,4.79
20230604,10.46
20230605,5.08
20230606,7.76
20230607,6.77
20230608,8.13
20230609,9.46
20230610,9.06
20230611,1.99
20230612,4.99
20230613,9.65
20230614,8.33
20230615,5.33
20230616,6.48
20230617,8.71
20230618,5.51
20230619,6.76
20230620,6.3
20230621,9.82
20230622,7.27
20230623,9.71
20230624,3.63
20230625,2.15
20230626,3.11
20230627,6.09
20230628,7.2
20230629,5.52
20230630,7.93
20230701,2.91
20230702,5.33
20230703,5.27
20230704,3.11
20230705,2.71
20230706,6.98
20230707,4.79
20230708,2.58
20230709,3.56
20230710,3.34
20230711,6.31
20230712,7.67
20230713,2.41
20230714,6.46
20230715,5.73
20230716,4.23
20230717,5.14
20230718,4.31
20230719,2.4
20230720,4.1
20230721,4.17
20230722,2.74
20230723,3.79
20230724,5.93
20230725,7.26
20230726,2.33
20230727,4.98
20230728,3.18
20230729,4.64
20230730,6.83
20230731,7.38
20230801,6.62
20230802,7.06
20230803,3.13
20230804,5.27
20230805,5.67
20230806,2.17
20230807,3.83
20230808,4.64
20230809,3.01
20230810,4.29
20230811,6.35
20230812,4.76
20230813,5.41
20230814,4.1
20230815,3.63
20230816,5.01
20230817,4.87
20230818,4.98
20230819,3.3
20230820,3.36
20230821,4.4
20230822,2.47
20230823,0.73
20230824,-0.57
20230825,0.85
20230826,1.81
20230827,0.39
20230828,0.97
20230829,2.4
20230830,4.75
20230831,2.71
20230901,1.14
20230902,-1.65
20230903,1.82
20230904,2.35
20230905,2.44
20230906,-0.43
20230907,-3.11
20230908,-2.8
20230909,-3.98
20230910,1.05
20230911,0.13
20230912,-0.15
20230913,-1
20230914,-0.71
20230915,-0.31
20230916,0.53
20230917,-2.39
20230918,-0.94
20230919,1.02
20230920,0.64
20230921,-2.72
20230922,1.26
20230923,-0.35
20230924,0.23
20230925,0.19
20230926,0.07
20230927,-0.11
20230928,0.22
20230929,-1.25
20230930,-1.39
20231001,-2.48
20231002,-7.8
20231003,-3.29
20231004,-4.64
20231005,-3.29
20231006,1.54
20231007,0.74
20231008,-1.31
20231009,-6.62
20231010,-2.8
20231011,-2.54
20231012,-4.67
20231013,-6.19
20231014,-9.41
20231015,-7.7
20231016,-11.65
20231017,-10.13
20231018,-2.81
20231019,-1.63
20231020,-2.98
20231021,-6.19
20231022,-3.25
20231023,-0.79
20231024,-2.24
20231025,-2.05
20231026,1.12
20231027,2.17
20231028,1.65
20231029,0.55
20231030,-0.56
20231031,-0.12
20231101,-0.43
20231102,1.74
20231103,-1.23
20231104,-8.74
20231105,-6.47
20231106,-3.9
20231107,-5.08
20231108,-7.76
20231109,-5.74
20231110,-9.8
20231111,-9.67
20231112,-0.1
20231113,-1.97
20231114,-1.33
20231115,-2.06
20231116,-12.44
20231117,-8.96
20231118,-4.49
20231119,-5.1
20231120,-7.55
20231121,-2.86
20231122,-1.46
20231123,0.88
20231124,-0.33
20231125,-0.5
20231126,-1.47
20231127,-7.07
20231128,-5.26
20231129,-6.12
20231130,-8.29
20231201,-2.81
20231202,-6.61
20231203,-8.56
20231204,-11.92
20231205,-10.58
20231206,-5.73
20231207,-11.84
20231208,-11.47
20231209,-11.31
20231210,-17.26
20231211,-20.62
20231212,-19.18
20231213,-20.27
20231214,-10.32
20231215,-3.31
20231216,-3.22
20231217,-7.29
20231218,-7.02
20231219,-4.24
20231220,-3.17
20231221,-7.15
20231222,-20.02
20231223,-25.95
20231224,-12.79
20231225,-11.05
20231226,-8.75
20231227,-7.35
20231228,-6.55
20231229,-4.53
20231230,-2.45
20231231,-2.97
20240101,-1.86
20240102,-1.44
20240103,-1.65
20240104,-0.29
20240105,-1.9
20240106,-0.29
20240107,-3.68
20240108,-6.14
20240109,-6.88
20240110,-0.27
20240111,-0.29
20240112,-2.48
20240113,-1.68
20240114,-7.48
20240115,-1.77
20240116,-2.93
20240117,-5.02
20240118,-4.39
20240119,-6.69
20240120,-7.78
20240121,-17.13
20240122,-17.44
20240123,-11.94
20240124,-5.76
20240125,-5.94
20240126,-18.09
20240127,-25.98
20240128,-18.64
20240129,-20.85
20240130,-8.5
20240131,-5.35
20240201,-1.46
20240202,0.47
20240203,0.54
20240204,-1.37
20240205,-2.08
20240206,-1.76
20240207,-2.1
20240208,-2.54
20240209,-1.84
20240210,-3.34
20240211,-4.29
20240212,-4.44
20240213,-5.59
20240214,-7.66
20240215,-15.43
20240216,-4.06
20240217,0.82
20240218,-0.69
20240219,-1.72
20240220,-1.11
20240221,-2.26
20240222,-5.75
20240223,-3.61
20240224,-5.08
20240225,-3.43
20240226,-1.63
20240227,-13.63
20240228,-9.38
20240229,-13.96
20240301,-13
20240302,-8.86
20240303,0.48
20240304,0.01
20240305,0.28
20240306,-1.61
20240307,-4.32
20240308,-5.44
20240309,-7.4
20240310,-14.65
20240311,-16.04
20240312,-16.32
20240313,-15.12
20240314,-10.5
20240315,-4.71
20240316,-6.52
20240317,-4.87
20240318,-1.7
20240319,5.01
20240320,1.2
20240321,3.84
20240322,0.54
20240323,0.66
20240324,1.44
20240325,-5.81
20240326,-1.44
20240327,0.85
20240328,-0.56
20240329,1.62
20240330,-1.53
20240331,-5.62
20240401,-12.75
20240402,-4.16
20240403,3.06
20240404,5.6
20240405,3.8
20240406,4.46
20240407,4.47
20240408,-3.9
20240409,-13.39
20240410,-0.08
20240411,4.95
20240412,-0.81
20240413,-0.52
20240414,4.11
20240415,-0.28
20240416,2.51
20240417,2.69
20240418,-2.58
20240419,4.56
20240420,4.99
20240421,5.84
20240422,6.17
20240423,3.47
20240424,5.7
20240425,6.82
20240426,6.53
20240427,2.04
20240428,4.75
20240429,4.68
20240430,3.6
20240501,6.54
20240502,7.54
20240503,4.72
20240504,6.86
20240505,2.23
20240506,-1.14
20240507,-1.75
20240508,0.67
20240509,5.81
20240510,3.02
20240511,5.47
20240512,4.49
20240513,1.14
20240514,2.7
20240515,4.69
20240516,6.36
20240517,4.24
20240518,3.6
20240519,4.69
20240520,2.4
20240521,6.41
20240522,4.93
20240523,5.06
20240524,3.68
20240525,6.1
20240526,4.61
20240527,6.04
20240528,3.36
20240529,5.95
20240530,8.64
20240531,8.99
20240601,7.55
20240602,9.54
20240603,5.79
20240604,-0.28
20240605,4.59
20240606,3.03
20240607,7.89
20240608,6.44
20240609,9.35
20240610,9.12
20240611,9.16
20240612,5.53
20240613,7.84
20240614,10.17
20240615,9.09
20240616,9.2
20240617,9.5
20240618,5.92
20240619,6.11
20240620,7.12
20240621,8.97
20240622,7.96
20240623,5.1
20240624,5.01
20240625,3.7
20240626,4.32
20240627,1.43
20240628,2.04
20240629,3.15
20240630,4.63
20240701,3.79
20240702,7.9
20240703,8.81
20240704,3.25
20240705,3.79
20240706,6.54
20240707,5.67
20240708,5.89
20240709,1.77
20240710,6.65
20240711,2.52
20240712,6.09
20240713,6.17
20240714,2.65
20240715,4.93
20240716,6.18
20240717,4.3
20240718,4.75
20240719,6.56
20240720,8.47
20240721,10.57
20240722,9.49
20240723,7.46
20240724,7.56
20240725,4.54
20240726,5.72
20240727,2.87
20240728,3.48
20240729,2.11
20240730,2.89
20240731,4.89
20240801,6.17
20240802,7.51
20240803,7.73
20240804,7.91
20240805,2.23
20240806,1.72
20240807,2.38
20240808,3.81
20240809,0.41
20240810,2.36
20240811,5.1
20240812,6.89
20240813,4.51
20240814,0.92
20240815,5.39
20240816,5.23
20240817,8.23
20240818,3.7
20240819,4.55
20240820,3.76
20240821,4
20240822,1.56
20240823,3.63
20240824,1.9
20240825,0.67
20240826,2.43
20240827,1.55
20240828,2.79
20240829,-0.5
20240830,4.92
20240831,3.05
20240901,1.66
20240902,1.35
20240903,2.94
20240904,1.14
20240905,2.37
20240906,1.84
20240907,-0.04
20240908,0.92
20240909,2.06
20240910,2.34
20240911,3.36
20240912,2.37
20240913,2.02
20240914,3.49
20240915,1.07
20240916,0.84
20240917,-0
20240918,0.8
20240919,-0.29
20240920,0.69
20240921,0.59
20240922,1.47
20240923,-0.61
20240924,-2.08
20240925,-2.03
20240926,-2.19
20240927,1.85
20240928,-2.42
20240929,-0.44
20240930,0.3
20241001,-1.01
20241002,-0.91
20241003,0.98
20241004,-2.23
20241005,-1.01
20241006,1.03
20241007,-3.77
20241008,-3.47
20241009,-0.49
20241010,-3.03
20241011,-3.64
20241012,-9.6
20241013,-5.95
20241014,-5.94
20241015,-3.78
20241016,-3.9
20241017,-3.65
20241018,-1.81
20241019,-2.18
20241020,0.2
20241021,2.6
20241022,-3.73
20241023,-0.91
20241024,-5.65
20241025,-9.44
20241026,-2.35
20241027,0.3
20241028,-0.69
20241029,-4.99
20241030,0.32
20241031,-1.58
20241101,-4.27
20241102,-2.82
20241103,-3.89
20241104,-6.16
20241105,-2.54
20241106,-3.73
20241107,-3.32
20241108,-3.83
20241109,-3.96
20241110,-6.05
20241111,-5.85
20241112,-5.17
20241113,-3.66
20241114,1.32
20241115,-5.97
20241116,-8.8
20241117,-11.7
20241118,-12.94
20241119,-4.19
20241120,-2.75
20241121,-2.95
20241122,-2.35
20241123,-0.98
20241124,-0.04
20241125,-1.87
20241126,-5.31
20241127,-6.83
20241128,-9.73
20241129,-7.99
20241130,-6.95
20241201,-15.2
20241202,-8.7
20241203,-2.81
20241204,-3.51
20241205,-3.07
20241206,-3.98
20241207,-4.33
20241208,-1.76
20241209,0.8
20241210,-1.56
20241211,-3.3
20241212,-5.54
20241213,-6.31
20241214,-2.69
20241215,-3.91
20241216,-3.76
20241217,-2.27
20241218,-2.1
20241219,-2.73
20241220,-2.61
20241221,-2.91
20241222,-1.58
20241223,-1.18
20241224,-2.4
20241225,-1.72
20241226,-5.41
20241227,-8.97
20241228,-9.15
20241229,-7.55
20241230,-2.71
20241231,-0.73
